{
    "options": [
        {
            "enabled": false,
            "definition": {
                "id": "a9db38f9-9fdc-478c-b0f9-464221e58316"
            },
            "inputs": {
                "workItemType": "181387",
                "assignToRequestor": "true",
                "additionalFields": "{}"
            }
        },
        {
            "enabled": false,
            "definition": {
                "id": "5d58cc01-7c75-450c-be18-a388ddb129ec"
            },
            "inputs": {
                "branchFilters": "[\"+refs/heads/*\"]",
                "additionalFields": "{}"
            }
        }
    ],
    "triggers": [
        {
            "branchFilters": [
                "+refs/heads/master"
            ],
            "pathFilters": [],
            "batchChanges": false,
            "maxConcurrentBuildsPerBranch": 1,
            "pollingInterval": 0,
            "triggerType": "continuousIntegration"
        }
    ],
    "variables": {
        "system.debug": {
            "value": "false",
            "allowOverride": true
        },
        "BuildConfiguration": {
            "value": "release",
            "allowOverride": true
        },
        "BuildPlatform": {
            "value": "any cpu",
            "allowOverride": true
        }
    },
    "retentionRules": [
        {
            "branches": [
                "+refs/heads/*"
            ],
            "artifacts": [],
            "artifactTypesToDelete": [
                "FilePath",
                "SymbolStore"
            ],
            "daysToKeep": 10,
            "minimumToKeep": 1,
            "deleteBuildRecord": true,
            "deleteTestResults": true
        }
    ],
    "properties": {},
    "tags": [],
    "buildNumberFormat": "$(date:yyyyMMdd)$(rev:.r)",
    "jobAuthorizationScope": "projectCollection",
    "jobTimeoutInMinutes": 60,
    "jobCancelTimeoutInMinutes": 5,
    "process": {
      "phases": [
        {
          "steps": [
            {
              "environment": {},
              "enabled": true,
              "continueOnError": false,
              "alwaysRun": false,
              "displayName": "NuGet restore",
              "timeoutInMinutes": 0,
              "refName": "NuGetInstaller_1",
              "task": {
                "id": "333b11bd-d341-40d9-afcf-b32d5ce6f23b",
                "versionSpec": "0.*",
                "definitionType": "task"
              },
              "inputs": {
                "solution": "**\\*.sln",
                "nugetConfigPath": "",
                "restoreMode": "restore",
                "noCache": "false",
                "nuGetRestoreArgs": "",
                "verbosity": "-",
                "nuGetVersion": "3.3.0",
                "nuGetPath": ""
              }
            },
            {
              "environment": {},
              "enabled": true,
              "continueOnError": false,
              "alwaysRun": false,
              "displayName": "Build solution",
              "timeoutInMinutes": 0,
              "refName": "VSBuild_2",
              "task": {
                "id": "71a9a2d3-a98a-4caa-96ab-affca411ecda",
                "versionSpec": "1.*",
                "definitionType": "task"
              },
              "inputs": {
                "solution": "**\\*.sln",
                "vsVersion": "15.0",
                "msbuildArgs": "/p:DeployOnBuild=true /p:WebPublishMethod=Package /p:PackageAsSingleFile=true /p:SkipInvalidConfigurations=true /p:PackageLocation=\"$(build.stagingDirectory)\" /p:IncludeServerNameInBuildInfo=True /p:GenerateBuildInfoConfigFile=true /p:BuildSymbolStorePath=\"$(SymbolPath)\" /p:ReferencePath=\"C:\\Program Files (x86)\\Microsoft Visual Studio\\2017\\Enterprise\\Common7\\IDE\\Extensions\\Microsoft\\Pex\"",
                "platform": "$(BuildPlatform)",
                "configuration": "$(BuildConfiguration)",
                "clean": "false",
                "maximumCpuCount": "false",
                "restoreNugetPackages": "false",
                "msbuildArchitecture": "x86",
                "logProjectEvents": "true",
                "createLogFile": "false"
              }
            },
            {
              "environment": {},
              "enabled": true,
              "continueOnError": false,
              "alwaysRun": false,
              "displayName": "Test Assemblies",
              "timeoutInMinutes": 0,
              "refName": "VSTest_3",
              "task": {
                "id": "ef087383-ee5e-42c7-9a53-ab56c98420f9",
                "versionSpec": "1.*",
                "definitionType": "task"
              },
              "inputs": {
                "testAssembly": "**\\$(BuildConfiguration)\\*test*.dll;-:**\\obj\\**",
                "testFiltercriteria": "",
                "runSettingsFile": "",
                "overrideTestrunParameters": "",
                "codeCoverageEnabled": "true",
                "runInParallel": "false",
                "vstestLocationMethod": "version",
                "vsTestVersion": "latest",
                "vstestLocation": "",
                "pathtoCustomTestAdapters": "",
                "otherConsoleOptions": "",
                "testRunTitle": "",
                "platform": "$(BuildPlatform)",
                "configuration": "$(BuildConfiguration)",
                "publishRunAttachments": "true"
              }
            },
            {
              "environment": {},
              "enabled": true,
              "continueOnError": false,
              "alwaysRun": false,
              "displayName": "Copy Files",
              "timeoutInMinutes": 0,
              "condition": "succeeded()",
              "refName": "CopyFiles1",
              "task": {
                "id": "5bfb729a-a7c8-4a78-a7c3-8d717bb7c13c",
                "versionSpec": "2.*",
                "definitionType": "task"
              },
              "inputs": {
                "SourceFolder": "$(build.sourcesdirectory)",
                "Contents": "**/*.json",
                "TargetFolder": "$(build.artifactstagingdirectory)",
                "CleanTargetFolder": "false",
                "OverWrite": "false",
                "flattenFolders": "false"
              }
            },
            {
              "environment": {},
              "enabled": true,
              "continueOnError": false,
              "alwaysRun": false,
              "displayName": "Publish Artifact",
              "timeoutInMinutes": 0,
              "refName": "PublishBuildArtifacts_5",
              "task": {
                "id": "2ff763a7-ce83-4e1f-bc89-0ae63477cebe",
                "versionSpec": "1.*",
                "definitionType": "task"
              },
              "inputs": {
                "PathtoPublish": "$(build.artifactstagingdirectory)",
                "ArtifactName": "drop",
                "ArtifactType": "Container",
                "TargetPath": "\\\\my\\share\\$(Build.DefinitionName)\\$(Build.BuildNumber)",
                "Parallel": "false",
                "ParallelCount": "8"
              }
            }
          ],
          "name": "Phase 1",
          "refName": "Phase_1",
          "condition": "succeeded()",
          "target": {
            "executionOptions": {
              "type": 0
            },
            "allowScriptsAuthAccessOption": false,
            "type": 1
          },
          "jobAuthorizationScope": "projectCollection",
          "jobCancelTimeoutInMinutes": 1
        }
      ],
      "target": {
            "agentSpecification": {
                "identifier": "vs2017-win2016"
            }
        },
        "type": 1
    },
    "repository": {
        "properties": {
            "labelSources": "0",
            "reportBuildStatus": "true",
            "fetchDepth": "0",
            "gitLfsSupport": "false",
            "skipSyncSource": "false",
            "cleanOptions": "0",
            "checkoutNestedSubmodules": "false",
            "labelSourcesFormat": "$(build.buildNumber)"
        },
        "id": "$PartsUnlimited$",
        "type": "TfsGit",
        "name": "PartsUnlimited",
        "defaultBranch": "refs/heads/master",
        "clean": "false",
        "checkoutSubmodules": false
    },
    "processParameters": {},
    "quality": "definition",
    "drafts": [],
    "queue": {
        "name": "Azure Pipelines",
        "pool": {
            "name": "Azure Pipelines",
            "isHosted": true
        }
    },
    "name": "PartsUnlimitedE2E",
    "path": "\\",
    "type": "build"
}