{
  "count": 12,
  "value": [
    {
      "id": 1206,
      "rev": 4,
      "fields": {
        "System.AreaPath": "SmartHotel-CouponManagement",
        "System.TeamProject": "SmartHotel-CouponManagement",
        "System.IterationPath": "SmartHotel-CouponManagement\\Iteration 1",
        "System.WorkItemType": "User Story",
        "System.State": "Closed",
        "System.Reason": "Acceptance tests pass",
        "System.CreatedDate": "2019-02-27T05:28:41.217Z",
        "System.CreatedBy": "Sachin Raj <sachin77@outlook.com>",
        "System.ChangedDate": "2019-03-08T19:46:43.52Z",
        "System.ChangedBy": "Sachin Raj <sachin77@outlook.com>",
        "System.Title": "As an admin, I want to set expiration dates for vouchers",
        "Microsoft.VSTS.Scheduling.Effort": 0.0,
        "System.Description": null,
        "System.AssignedTo": "Sachin Raj <sachin77@outlook.com>",
        "Microsoft.VSTS.Scheduling.RemainingWork": 0.0,
        "Microsoft.VSTS.Common.Priority": 2.0,
        "System.BoardLane": null,
        "System.Tags": null,
        "Microsoft.VSTS.TCM.Steps": null,
        "Microsoft.VSTS.TCM.Parameters": null,
        "Microsoft.VSTS.TCM.LocalDataSource": null,
        "Microsoft.VSTS.TCM.AutomationStatus": null,
        "System.History": null
      },
      "relations": null,
      "url": "https://dev.azure.com/azuredevops-demos/_apis/wit/workItems/1206"
    },
    {
      "id": 1205,
      "rev": 3,
      "fields": {
        "System.AreaPath": "SmartHotel-CouponManagement",
        "System.TeamProject": "SmartHotel-CouponManagement",
        "System.IterationPath": "SmartHotel-CouponManagement\\Iteration 1",
        "System.WorkItemType": "User Story",
        "System.State": "Closed",
        "System.Reason": "Acceptance tests pass",
        "System.CreatedDate": "2019-02-27T05:28:03.187Z",
        "System.CreatedBy": "Sachin Raj <sachin77@outlook.com>",
        "System.ChangedDate": "2019-03-08T19:46:40.927Z",
        "System.ChangedBy": "Sachin Raj <sachin77@outlook.com>",
        "System.Title": "As a user, I want to print coupons",
        "Microsoft.VSTS.Scheduling.Effort": 0.0,
        "System.Description": null,
        "System.AssignedTo": null,
        "Microsoft.VSTS.Scheduling.RemainingWork": 0.0,
        "Microsoft.VSTS.Common.Priority": 2.0,
        "System.BoardLane": null,
        "System.Tags": null,
        "Microsoft.VSTS.TCM.Steps": null,
        "Microsoft.VSTS.TCM.Parameters": null,
        "Microsoft.VSTS.TCM.LocalDataSource": null,
        "Microsoft.VSTS.TCM.AutomationStatus": null,
        "System.History": null
      },
      "relations": null,
      "url": "https://dev.azure.com/azuredevops-demos/_apis/wit/workItems/1205"
    },
    {
      "id": 1204,
      "rev": 5,
      "fields": {
        "System.AreaPath": "SmartHotel-CouponManagement",
        "System.TeamProject": "SmartHotel-CouponManagement",
        "System.IterationPath": "SmartHotel-CouponManagement\\Iteration 1",
        "System.WorkItemType": "User Story",
        "System.State": "Resolved",
        "System.Reason": "Code complete and unit tests pass",
        "System.CreatedDate": "2019-02-27T05:27:42.157Z",
        "System.CreatedBy": "Sachin Raj <sachin77@outlook.com>",
        "System.ChangedDate": "2019-03-08T19:50:04.443Z",
        "System.ChangedBy": "Sachin Raj <sachin77@outlook.com>",
        "System.Title": "As an admin, I want to generate coupons for guests",
        "Microsoft.VSTS.Scheduling.Effort": 0.0,
        "System.Description": null,
        "System.AssignedTo": "Sachin Raj <sachin77@outlook.com>",
        "Microsoft.VSTS.Scheduling.RemainingWork": 0.0,
        "Microsoft.VSTS.Common.Priority": 2.0,
        "System.BoardLane": null,
        "System.Tags": null,
        "Microsoft.VSTS.TCM.Steps": null,
        "Microsoft.VSTS.TCM.Parameters": null,
        "Microsoft.VSTS.TCM.LocalDataSource": null,
        "Microsoft.VSTS.TCM.AutomationStatus": null,
        "System.History": null
      },
      "relations": null,
      "url": "https://dev.azure.com/azuredevops-demos/_apis/wit/workItems/1204"
    },
    {
      "id": 1207,
      "rev": 4,
      "fields": {
        "System.AreaPath": "SmartHotel-CouponManagement",
        "System.TeamProject": "SmartHotel-CouponManagement",
        "System.IterationPath": "SmartHotel-CouponManagement\\Iteration 1",
        "System.WorkItemType": "User Story",
        "System.State": "Resolved",
        "System.Reason": "Code complete and unit tests pass",
        "System.CreatedDate": "2019-02-27T05:30:21.28Z",
        "System.CreatedBy": "Sachin Raj <sachin77@outlook.com>",
        "System.ChangedDate": "2019-03-08T19:50:08.023Z",
        "System.ChangedBy": "Sachin Raj <sachin77@outlook.com>",
        "System.Title": "As an admin, I want to log into the coupon management portal",
        "Microsoft.VSTS.Scheduling.Effort": 0.0,
        "System.Description": null,
        "System.AssignedTo": "Sachin Raj <sachin77@outlook.com>",
        "Microsoft.VSTS.Scheduling.RemainingWork": 0.0,
        "Microsoft.VSTS.Common.Priority": 2.0,
        "System.BoardLane": null,
        "System.Tags": null,
        "Microsoft.VSTS.TCM.Steps": null,
        "Microsoft.VSTS.TCM.Parameters": null,
        "Microsoft.VSTS.TCM.LocalDataSource": null,
        "Microsoft.VSTS.TCM.AutomationStatus": null,
        "System.History": null
      },
      "relations": null,
      "url": "https://dev.azure.com/azuredevops-demos/_apis/wit/workItems/1207"
    },
    {
      "id": 1203,
      "rev": 3,
      "fields": {
        "System.AreaPath": "SmartHotel-CouponManagement",
        "System.TeamProject": "SmartHotel-CouponManagement",
        "System.IterationPath": "SmartHotel-CouponManagement\\Iteration 1",
        "System.WorkItemType": "User Story",
        "System.State": "Closed",
        "System.Reason": "Acceptance tests pass",
        "System.CreatedDate": "2019-02-27T05:27:20.86Z",
        "System.CreatedBy": "Sachin Raj <sachin77@outlook.com>",
        "System.ChangedDate": "2019-03-08T19:50:10.443Z",
        "System.ChangedBy": "Sachin Raj <sachin77@outlook.com>",
        "System.Title": "As a user, I want to see all eligible offers",
        "Microsoft.VSTS.Scheduling.Effort": 0.0,
        "System.Description": null,
        "System.AssignedTo": null,
        "Microsoft.VSTS.Scheduling.RemainingWork": 0.0,
        "Microsoft.VSTS.Common.Priority": 2.0,
        "System.BoardLane": null,
        "System.Tags": null,
        "Microsoft.VSTS.TCM.Steps": null,
        "Microsoft.VSTS.TCM.Parameters": null,
        "Microsoft.VSTS.TCM.LocalDataSource": null,
        "Microsoft.VSTS.TCM.AutomationStatus": null,
        "System.History": null
      },
      "relations": null,
      "url": "https://dev.azure.com/azuredevops-demos/_apis/wit/workItems/1203"
    },
    {
      "id": 1202,
      "rev": 3,
      "fields": {
        "System.AreaPath": "SmartHotel-CouponManagement",
        "System.TeamProject": "SmartHotel-CouponManagement",
        "System.IterationPath": "SmartHotel-CouponManagement\\Iteration 2",
        "System.WorkItemType": "User Story",
        "System.State": "New",
        "System.Reason": "New",
        "System.CreatedDate": "2019-02-27T05:26:53.28Z",
        "System.CreatedBy": "Sachin Raj <sachin77@outlook.com>",
        "System.ChangedDate": "2019-03-08T19:45:58.893Z",
        "System.ChangedBy": "Sachin Raj <sachin77@outlook.com>",
        "System.Title": "As an admin, I want to make changes to existing offers",
        "Microsoft.VSTS.Scheduling.Effort": 0.0,
        "System.Description": null,
        "System.AssignedTo": null,
        "Microsoft.VSTS.Scheduling.RemainingWork": 0.0,
        "Microsoft.VSTS.Common.Priority": 2.0,
        "System.BoardLane": null,
        "System.Tags": null,
        "Microsoft.VSTS.TCM.Steps": null,
        "Microsoft.VSTS.TCM.Parameters": null,
        "Microsoft.VSTS.TCM.LocalDataSource": null,
        "Microsoft.VSTS.TCM.AutomationStatus": null,
        "System.History": null
      },
      "relations": null,
      "url": "https://dev.azure.com/azuredevops-demos/_apis/wit/workItems/1202"
    },
    {
      "id": 1201,
      "rev": 5,
      "fields": {
        "System.AreaPath": "SmartHotel-CouponManagement",
        "System.TeamProject": "SmartHotel-CouponManagement",
        "System.IterationPath": "SmartHotel-CouponManagement\\Iteration 2",
        "System.WorkItemType": "User Story",
        "System.State": "Active",
        "System.Reason": "Implementation started",
        "System.CreatedDate": "2019-02-27T05:26:35.39Z",
        "System.CreatedBy": "Sachin Raj <sachin77@outlook.com>",
        "System.ChangedDate": "2019-03-08T19:50:49.507Z",
        "System.ChangedBy": "Sachin Raj <sachin77@outlook.com>",
        "System.Title": "As an admin, I want to add new vouchers",
        "Microsoft.VSTS.Scheduling.Effort": 0.0,
        "System.Description": null,
        "System.AssignedTo": "Sachin Raj <sachin77@outlook.com>",
        "Microsoft.VSTS.Scheduling.RemainingWork": 0.0,
        "Microsoft.VSTS.Common.Priority": 1.0,
        "System.BoardLane": null,
        "System.Tags": null,
        "Microsoft.VSTS.TCM.Steps": null,
        "Microsoft.VSTS.TCM.Parameters": null,
        "Microsoft.VSTS.TCM.LocalDataSource": null,
        "Microsoft.VSTS.TCM.AutomationStatus": null,
        "System.History": null
      },
      "relations": null,
      "url": "https://dev.azure.com/azuredevops-demos/_apis/wit/workItems/1201"
    },
    {
      "id": 1250,
      "rev": 5,
      "fields": {
        "System.AreaPath": "SmartHotel-CouponManagement",
        "System.TeamProject": "SmartHotel-CouponManagement",
        "System.IterationPath": "SmartHotel-CouponManagement\\Iteration 2",
        "System.WorkItemType": "User Story",
        "System.State": "Active",
        "System.Reason": "Implementation started",
        "System.CreatedDate": "2019-03-07T05:39:52.317Z",
        "System.CreatedBy": "Sachin Raj <sraj@microsoft.com>",
        "System.ChangedDate": "2019-03-08T19:50:15.93Z",
        "System.ChangedBy": "Sachin Raj <sachin77@outlook.com>",
        "System.Title": "As an Ops admin, I want to setup Azure policies",
        "Microsoft.VSTS.Scheduling.Effort": 0.0,
        "System.Description": null,
        "System.AssignedTo": "Sachin Raj <sachin77@outlook.com>",
        "Microsoft.VSTS.Scheduling.RemainingWork": 0.0,
        "Microsoft.VSTS.Common.Priority": 2.0,
        "System.BoardLane": null,
        "System.Tags": null,
        "Microsoft.VSTS.TCM.Steps": null,
        "Microsoft.VSTS.TCM.Parameters": null,
        "Microsoft.VSTS.TCM.LocalDataSource": null,
        "Microsoft.VSTS.TCM.AutomationStatus": null,
        "System.History": null
      },
      "relations": null,
      "url": "https://dev.azure.com/azuredevops-demos/_apis/wit/workItems/1250"
    },
    {
      "id": 1247,
      "rev": 6,
      "fields": {
        "System.AreaPath": "SmartHotel-CouponManagement",
        "System.TeamProject": "SmartHotel-CouponManagement",
        "System.IterationPath": "SmartHotel-CouponManagement\\Iteration 2",
        "System.WorkItemType": "User Story",
        "System.State": "Active",
        "System.Reason": "Implementation started",
        "System.CreatedDate": "2019-03-07T05:38:46.643Z",
        "System.CreatedBy": "Sachin Raj <sraj@microsoft.com>",
        "System.ChangedDate": "2019-03-08T19:50:58.633Z",
        "System.ChangedBy": "Sachin Raj <sachin77@outlook.com>",
        "System.Title": "As an admin, I want to be able to add  a new offer",
        "Microsoft.VSTS.Scheduling.Effort": 0.0,
        "System.Description": null,
        "System.AssignedTo": "Sachin Raj <sachin77@outlook.com>",
        "Microsoft.VSTS.Scheduling.RemainingWork": 0.0,
        "Microsoft.VSTS.Common.Priority": 2.0,
        "System.BoardLane": null,
        "System.Tags": null,
        "Microsoft.VSTS.TCM.Steps": null,
        "Microsoft.VSTS.TCM.Parameters": null,
        "Microsoft.VSTS.TCM.LocalDataSource": null,
        "Microsoft.VSTS.TCM.AutomationStatus": null,
        "System.History": null
      },
      "relations": null,
      "url": "https://dev.azure.com/azuredevops-demos/_apis/wit/workItems/1247"
    },
    {
      "id": 1200,
      "rev": 3,
      "fields": {
        "System.AreaPath": "SmartHotel-CouponManagement",
        "System.TeamProject": "SmartHotel-CouponManagement",
        "System.IterationPath": "SmartHotel-CouponManagement\\Iteration 2",
        "System.WorkItemType": "User Story",
        "System.State": "New",
        "System.Reason": "New",
        "System.CreatedDate": "2019-02-27T05:25:32.917Z",
        "System.CreatedBy": "Sachin Raj <sachin77@outlook.com>",
        "System.ChangedDate": "2019-03-08T19:45:58.893Z",
        "System.ChangedBy": "Sachin Raj <sachin77@outlook.com>",
        "System.Title": "As an admin, I want to retrieve the list of checked in guests",
        "Microsoft.VSTS.Scheduling.Effort": 0.0,
        "System.Description": null,
        "System.AssignedTo": null,
        "Microsoft.VSTS.Scheduling.RemainingWork": 0.0,
        "Microsoft.VSTS.Common.Priority": 2.0,
        "System.BoardLane": null,
        "System.Tags": null,
        "Microsoft.VSTS.TCM.Steps": null,
        "Microsoft.VSTS.TCM.Parameters": null,
        "Microsoft.VSTS.TCM.LocalDataSource": null,
        "Microsoft.VSTS.TCM.AutomationStatus": null,
        "System.History": null
      },
      "relations": null,
      "url": "https://dev.azure.com/azuredevops-demos/_apis/wit/workItems/1200"
    },
    {
      "id": 1248,
      "rev": 4,
      "fields": {
        "System.AreaPath": "SmartHotel-CouponManagement",
        "System.TeamProject": "SmartHotel-CouponManagement",
        "System.IterationPath": "SmartHotel-CouponManagement\\Iteration 3",
        "System.WorkItemType": "User Story",
        "System.State": "New",
        "System.Reason": "New",
        "System.CreatedDate": "2019-03-07T05:39:02.143Z",
        "System.CreatedBy": "Sachin Raj <sraj@microsoft.com>",
        "System.ChangedDate": "2019-03-08T19:51:00.383Z",
        "System.ChangedBy": "Sachin Raj <sachin77@outlook.com>",
        "System.Title": "As a user, I want to get notification on upcoming expiry",
        "Microsoft.VSTS.Scheduling.Effort": 0.0,
        "System.Description": null,
        "System.AssignedTo": null,
        "Microsoft.VSTS.Scheduling.RemainingWork": 0.0,
        "Microsoft.VSTS.Common.Priority": 1.0,
        "System.BoardLane": null,
        "System.Tags": null,
        "Microsoft.VSTS.TCM.Steps": null,
        "Microsoft.VSTS.TCM.Parameters": null,
        "Microsoft.VSTS.TCM.LocalDataSource": null,
        "Microsoft.VSTS.TCM.AutomationStatus": null,
        "System.History": null
      },
      "relations": null,
      "url": "https://dev.azure.com/azuredevops-demos/_apis/wit/workItems/1248"
    },
    {
      "id": 1249,
      "rev": 3,
      "fields": {
        "System.AreaPath": "SmartHotel-CouponManagement",
        "System.TeamProject": "SmartHotel-CouponManagement",
        "System.IterationPath": "SmartHotel-CouponManagement\\Iteration 3",
        "System.WorkItemType": "User Story",
        "System.State": "New",
        "System.Reason": "New",
        "System.CreatedDate": "2019-03-07T05:39:20.58Z",
        "System.CreatedBy": "Sachin Raj <sraj@microsoft.com>",
        "System.ChangedDate": "2019-03-08T19:46:02.27Z",
        "System.ChangedBy": "Sachin Raj <sachin77@outlook.com>",
        "System.Title": "As a user, I want to add vouchers to my digital wallet",
        "Microsoft.VSTS.Scheduling.Effort": 0.0,
        "System.Description": null,
        "System.AssignedTo": null,
        "Microsoft.VSTS.Scheduling.RemainingWork": 0.0,
        "Microsoft.VSTS.Common.Priority": 2.0,
        "System.BoardLane": null,
        "System.Tags": null,
        "Microsoft.VSTS.TCM.Steps": null,
        "Microsoft.VSTS.TCM.Parameters": null,
        "Microsoft.VSTS.TCM.LocalDataSource": null,
        "Microsoft.VSTS.TCM.AutomationStatus": null,
        "System.History": null
      },
      "relations": null,
      "url": "https://dev.azure.com/azuredevops-demos/_apis/wit/workItems/1249"
    }
  ],
  "HttpStatusCode": 0,
  "Message": null
}