{
  "count": 6,
  "value": [
    {
      "id": 9608,
      "rev": 6,
      "fields": {
        "System.AreaPath": "Space Game - web - Docker",
        "System.TeamProject": "Space Game - web - Docker",
        "System.IterationPath": "$ProjectName$\\Sprint 1",
        "System.WorkItemType": "Issue",
        "System.State": "To Do",
        "System.Reason": "Reactivated",
        "System.CreatedDate": "2020-03-11T18:56:13.783Z",
        "System.CreatedBy": "Ed Kaim <edkaim@hotmail.com>",
        "System.ChangedDate": "2020-03-11T18:57:51.98Z",
        "System.ChangedBy": "Ed Kaim <edkaim@hotmail.com>",
        "System.Title": "Create multi-container version of web site orchestrated with Kubernetes",
        "Microsoft.VSTS.Scheduling.Effort": 0.0,
        "System.Description": null,
        "System.AssignedTo": null,
        "Microsoft.VSTS.Scheduling.RemainingWork": 0.0,
        "Microsoft.VSTS.Common.Priority": 2.0,
        "System.BoardLane": null,
        "System.Tags": null,
        "Microsoft.VSTS.TCM.Steps": null,
        "Microsoft.VSTS.TCM.Parameters": null,
        "Microsoft.VSTS.TCM.LocalDataSource": null,
        "Microsoft.VSTS.TCM.AutomationStatus": null,
        "System.History": null
      },
      "relations": null,
      "url": "https://dev.azure.com/sharplogic/_apis/wit/workItems/9608"
    },
    {
      "id": 9607,
      "rev": 1,
      "fields": {
        "System.AreaPath": "Space Game - web - Docker",
        "System.TeamProject": "Space Game - web - Docker",
        "System.IterationPath": "$ProjectName$\\Sprint 1",
        "System.WorkItemType": "Issue",
        "System.State": "To Do",
        "System.Reason": "Added to backlog",
        "System.CreatedDate": "2020-03-11T18:49:55.92Z",
        "System.CreatedBy": "Ed Kaim <edkaim@hotmail.com>",
        "System.ChangedDate": "2020-03-11T18:49:55.92Z",
        "System.ChangedBy": "Ed Kaim <edkaim@hotmail.com>",
        "System.Title": "Improve release cadence",
        "Microsoft.VSTS.Scheduling.Effort": 0.0,
        "System.Description": "Improve release cadence",
        "System.AssignedTo": null,
        "Microsoft.VSTS.Scheduling.RemainingWork": 0.0,
        "Microsoft.VSTS.Common.Priority": 2.0,
        "System.BoardLane": null,
        "System.Tags": null,
        "Microsoft.VSTS.TCM.Steps": null,
        "Microsoft.VSTS.TCM.Parameters": null,
        "Microsoft.VSTS.TCM.LocalDataSource": null,
        "Microsoft.VSTS.TCM.AutomationStatus": null,
        "System.History": null
      },
      "relations": null,
      "url": "https://dev.azure.com/sharplogic/_apis/wit/workItems/9607"
    },
    {
      "id": 9606,
      "rev": 1,
      "fields": {
        "System.AreaPath": "Space Game - web - Docker",
        "System.TeamProject": "Space Game - web - Docker",
        "System.IterationPath": "$ProjectName$\\Sprint 1",
        "System.WorkItemType": "Issue",
        "System.State": "To Do",
        "System.Reason": "Added to backlog",
        "System.CreatedDate": "2020-03-11T18:49:55.313Z",
        "System.CreatedBy": "Ed Kaim <edkaim@hotmail.com>",
        "System.ChangedDate": "2020-03-11T18:49:55.313Z",
        "System.ChangedBy": "Ed Kaim <edkaim@hotmail.com>",
        "System.Title": "Automate performance tests",
        "Microsoft.VSTS.Scheduling.Effort": 0.0,
        "System.Description": "Automate performance tests",
        "System.AssignedTo": null,
        "Microsoft.VSTS.Scheduling.RemainingWork": 0.0,
        "Microsoft.VSTS.Common.Priority": 2.0,
        "System.BoardLane": null,
        "System.Tags": null,
        "Microsoft.VSTS.TCM.Steps": null,
        "Microsoft.VSTS.TCM.Parameters": null,
        "Microsoft.VSTS.TCM.LocalDataSource": null,
        "Microsoft.VSTS.TCM.AutomationStatus": null,
        "System.History": null
      },
      "relations": null,
      "url": "https://dev.azure.com/sharplogic/_apis/wit/workItems/9606"
    },
    {
      "id": 9605,
      "rev": 1,
      "fields": {
        "System.AreaPath": "Space Game - web - Docker",
        "System.TeamProject": "Space Game - web - Docker",
        "System.IterationPath": "$ProjectName$\\Sprint 1",
        "System.WorkItemType": "Issue",
        "System.State": "To Do",
        "System.Reason": "Added to backlog",
        "System.CreatedDate": "2020-03-11T18:49:54.78Z",
        "System.CreatedBy": "Ed Kaim <edkaim@hotmail.com>",
        "System.ChangedDate": "2020-03-11T18:49:54.78Z",
        "System.ChangedBy": "Ed Kaim <edkaim@hotmail.com>",
        "System.Title": "Automate quality tests",
        "Microsoft.VSTS.Scheduling.Effort": 0.0,
        "System.Description": "Automate quality tests",
        "System.AssignedTo": null,
        "Microsoft.VSTS.Scheduling.RemainingWork": 0.0,
        "Microsoft.VSTS.Common.Priority": 2.0,
        "System.BoardLane": null,
        "System.Tags": null,
        "Microsoft.VSTS.TCM.Steps": null,
        "Microsoft.VSTS.TCM.Parameters": null,
        "Microsoft.VSTS.TCM.LocalDataSource": null,
        "Microsoft.VSTS.TCM.AutomationStatus": null,
        "System.History": null
      },
      "relations": null,
      "url": "https://dev.azure.com/sharplogic/_apis/wit/workItems/9605"
    },
    {
      "id": 9604,
      "rev": 1,
      "fields": {
        "System.AreaPath": "Space Game - web - Docker",
        "System.TeamProject": "Space Game - web - Docker",
        "System.IterationPath": "$ProjectName$\\Sprint 1",
        "System.WorkItemType": "Issue",
        "System.State": "To Do",
        "System.Reason": "Added to backlog",
        "System.CreatedDate": "2020-03-11T18:49:54.593Z",
        "System.CreatedBy": "Ed Kaim <edkaim@hotmail.com>",
        "System.ChangedDate": "2020-03-11T18:49:54.593Z",
        "System.ChangedBy": "Ed Kaim <edkaim@hotmail.com>",
        "System.Title": "Connect the web app to a database",
        "Microsoft.VSTS.Scheduling.Effort": 0.0,
        "System.Description": "Connect the web app to a database",
        "System.AssignedTo": null,
        "Microsoft.VSTS.Scheduling.RemainingWork": 0.0,
        "Microsoft.VSTS.Common.Priority": 2.0,
        "System.BoardLane": null,
        "System.Tags": null,
        "Microsoft.VSTS.TCM.Steps": null,
        "Microsoft.VSTS.TCM.Parameters": null,
        "Microsoft.VSTS.TCM.LocalDataSource": null,
        "Microsoft.VSTS.TCM.AutomationStatus": null,
        "System.History": null
      },
      "relations": null,
      "url": "https://dev.azure.com/sharplogic/_apis/wit/workItems/9604"
    },
    {
      "id": 9603,
      "rev": 1,
      "fields": {
        "System.AreaPath": "Space Game - web - Docker",
        "System.TeamProject": "Space Game - web - Docker",
        "System.IterationPath": "$ProjectName$\\Sprint 1",
        "System.WorkItemType": "Issue",
        "System.State": "To Do",
        "System.Reason": "Added to backlog",
        "System.CreatedDate": "2020-03-11T18:49:53.66Z",
        "System.CreatedBy": "Ed Kaim <edkaim@hotmail.com>",
        "System.ChangedDate": "2020-03-11T18:49:53.66Z",
        "System.ChangedBy": "Ed Kaim <edkaim@hotmail.com>",
        "System.Title": "Create a multi-stage pipeline",
        "Microsoft.VSTS.Scheduling.Effort": 0.0,
        "System.Description": "Create a multi-stage pipeline",
        "System.AssignedTo": null,
        "Microsoft.VSTS.Scheduling.RemainingWork": 0.0,
        "Microsoft.VSTS.Common.Priority": 2.0,
        "System.BoardLane": null,
        "System.Tags": null,
        "Microsoft.VSTS.TCM.Steps": null,
        "Microsoft.VSTS.TCM.Parameters": null,
        "Microsoft.VSTS.TCM.LocalDataSource": null,
        "Microsoft.VSTS.TCM.AutomationStatus": null,
        "System.History": null
      },
      "relations": null,
      "url": "https://dev.azure.com/sharplogic/_apis/wit/workItems/9603"
    }
  ],
  "HttpStatusCode": 0,
  "Message": null
}