{
  "triggers": [
    {
      "branchFilters": [],
      "pathFilters": [],
      "settingsSourceType": 2,
      "batchChanges": false,
      "maxConcurrentBuildsPerBranch": 1,
      "triggerType": "continuousIntegration"
    },
    {
      "settingsSourceType": 2,
      "branchFilters": [
        "+master"
      ],
      "forks": {
        "enabled": true,
        "allowSecrets": false
      },
      "pathFilters": [],
      "requireCommentsForNonTeamMembersOnly": false,
      "isCommentRequiredForPullRequest": false,
      "triggerType": "pullRequest"
    }
  ],
  "properties": {},
  "tags": [],
  "jobAuthorizationScope": "projectCollection",
  "jobTimeoutInMinutes": 60,
  "jobCancelTimeoutInMinutes": 5,
  "process": {
    "yamlFilename": "azure-pipelines.yml",
    "type": 2
  },
  "repository": {
    "properties": {
      "apiUrl": "https://api.github.com/repos/$username$/$reponame$",
      "branchesUrl": "https://api.github.com/repos/$username$/$reponame$/branches",
      "cloneUrl": "https://github.com/$username$/$reponame$.git",
      "connectedServiceId": "$spacegame-web$",
      "defaultBranch": "master",
      "id": "$username$/$reponame$",
      "isPrivate": "False",
      "manageUrl": "https://github.com/$username$/$reponame$",
      "refsUrl": "https://api.github.com/repos/$username$/$reponame$/git/refs"
    },
    "id": "$username$/$reponame$",
    "type": "GitHub",
    "name": "$username$/$reponame$",
    "url": "https://github.com/$username$/$reponame$.git",
    "defaultBranch": "master",
    "clean": "false",
    "checkoutSubmodules": false
  },
  "quality": "definition",
  "drafts": [],
  "queue": {
    "name": "Azure Pipelines",
    "pool": {
      "name": "Azure Pipelines",
      "isHosted": true
    }
  },
  "name": "mslearn-tailspin-spacegame-web",
  "type": "build",
  "queueStatus": "enabled"
}