{
  "Name": "Octopus",
  "Teams": "Teams.json",
  "SourceCode": "ImportSourceCode.json",
  "CreateService": "CreateServiceEndPoint.json",
  "BoardColumns": "BoardColumns.json",
  "ProjectSettings": "ProjectSettings.json",
  "CardStyle": "UpdateCardStyles.json",
  "CardField": "UpdateCardFields.json",
  "PBIfromTemplate": "PBIfromTemplate.json",
  "BugfromTemplate": "BugfromTemplate.json",
  "EpicfromTemplate": "EpicfromTemplate.json",
  "TaskfromTemplate": "TaskfromTemplate.json",
  "TestCasefromTemplate": "TestCasefromTemplate.json",
  "FeaturefromTemplate": "FeaturefromTemplate.json",
  "UserStoriesFromTemplate": "",
  "SetEpic": "EnableEpic.json",
  "BoardRows": "",
  "Widget": "WidgetQuery.json",
  "Chart": "WidgetChart.json",
  "TeamArea": "TeamArea.json",
  "Parameters": [
    {
      "label": "Octopus URL",
      "fieldName": "OctopusURL"
    },
    {
      "label": "API Key",
      "fieldName": "APIkey"
    }
  ]
}