{
    "options": [
        {
            "enabled": true,
            "definition": {
                "id": "5d58cc01-7c75-450c-be18-a388ddb129ec"
            },
            "inputs": {
                "branchFilters": "[\"+refs/heads/*\"]",
                "additionalFields": "{}"
            }
        },
        {
            "enabled": false,
            "definition": {
                "id": "a9db38f9-9fdc-478c-b0f9-464221e58316"
            },
            "inputs": {
                "workItemType": "Bug",
                "assignToRequestor": "true",
                "additionalFields": "{}"
            }
        }
    ],
    "variables": {
        "system.debug": {
            "value": "false",
            "allowOverride": true
        }
    },
    "retentionRules": [
        {
            "branches": [
                "+refs/heads/*"
            ],
            "artifacts": [],
            "artifactTypesToDelete": [
                "FilePath",
                "SymbolStore"
            ],
            "daysToKeep": 10,
            "minimumToKeep": 1,
            "deleteBuildRecord": true,
            "deleteTestResults": true
        }
    ],
    "properties": {},
    "tags": [],
    "buildNumberFormat": "$(date:yyyyMMdd)$(rev:.r)",
    "jobAuthorizationScope": "projectCollection",
    "jobTimeoutInMinutes": 60,
    "jobCancelTimeoutInMinutes": 5,
  "process": {
    "phases": [
      {
        "steps": [
          {
            "environment": {},
            "enabled": true,
            "continueOnError": false,
            "alwaysRun": false,
            "displayName": "Maven Build ",
            "timeoutInMinutes": 0,
            "task": {
              "id": "ac4ee482-65da-4485-a532-7b085873e532",
              "versionSpec": "3.*",
              "definitionType": "task"
            },
            "inputs": {
              "mavenPOMFile": "$(Parameters.mavenPOMFile)",
              "goals": "package",
              "options": "",
              "publishJUnitResults": "true",
              "testResultsFiles": "**/surefire-reports/TEST-*.xml",
              "testRunTitle": "",
              "codeCoverageTool": "None",
              "classFilter": "",
              "classFilesDirectories": "",
              "srcDirectories": "",
              "failIfCoverageEmpty": "false",
              "javaHomeSelection": "JDKVersion",
              "jdkVersion": "default",
              "jdkUserInputPath": "",
              "jdkArchitecture": "x64",
              "mavenVersionSelection": "Default",
              "mavenPath": "",
              "mavenSetM2Home": "false",
              "mavenOpts": "-Xmx1024m",
              "mavenFeedAuthenticate": "false",
              "sqAnalysisEnabled": "false",
              "sqMavenPluginVersionChoice": "latest",
              "checkstyleAnalysisEnabled": "false",
              "pmdAnalysisEnabled": "false",
              "findbugsAnalysisEnabled": "false"
            }
          },
          {
            "environment": {},
            "enabled": true,
            "continueOnError": false,
            "alwaysRun": false,
            "displayName": "Copy Files to: $(build.artifactstagingdirectory)",
            "timeoutInMinutes": 0,
            "task": {
              "id": "5bfb729a-a7c8-4a78-a7c3-8d717bb7c13c",
              "versionSpec": "2.*",
              "definitionType": "task"
            },
            "inputs": {
              "SourceFolder": "$(build.sourcesdirectory)",
              "Contents": "**/*.war\n**/*.yml",
              "TargetFolder": "$(build.artifactstagingdirectory)",
              "CleanTargetFolder": "false",
              "OverWrite": "false",
              "flattenFolders": "false"
            }
          },
          {
            "environment": {},
            "enabled": true,
            "continueOnError": false,
            "alwaysRun": false,
            "displayName": "Publish Artifact: drop",
            "timeoutInMinutes": 0,
            "task": {
              "id": "2ff763a7-ce83-4e1f-bc89-0ae63477cebe",
              "versionSpec": "1.*",
              "definitionType": "task"
            },
            "inputs": {
              "PathtoPublish": "$(build.artifactstagingdirectory)",
              "ArtifactName": "drop",
              "ArtifactType": "Container",
              "TargetPath": "",
              "Parallel": "false",
              "ParallelCount": "8"
            }
          }
        ],
        "name": "Agent job 1",
        "refName": "Phase_1",
        "condition": "succeeded()",
        "target": {
          "executionOptions": {
            "type": 0
          },
          "allowScriptsAuthAccessOption": false,
          "type": 1
        },
        "jobAuthorizationScope": "projectCollection",
        "jobCancelTimeoutInMinutes": 1
      }
    ],
    "target": {
      "agentSpecification": {
        "identifier": "ubuntu-16.04"
      }
    },
    "type": 1
  },
    "repository": {
        "properties": {
            "cleanOptions": "0",
            "labelSources": "0",
            "labelSourcesFormat": "$(build.buildNumber)",
            "reportBuildStatus": "true",
            "gitLfsSupport": "false",
            "skipSyncSource": "false",
            "checkoutNestedSubmodules": "false",
            "fetchDepth": "0"
        },
        "id": "$SmartHotel360-CouponManagement$",
        "type": "TfsGit",
        "name": "SmartHotel360-CouponManagement",
        "defaultBranch": "refs/heads/master",
        "clean": "false",
        "checkoutSubmodules": false
    },
    "processParameters": {
        "inputs": [
            {
                "aliases": [],
                "options": {},
                "properties": {},
                "name": "mavenPOMFile",
                "label": "Maven POM file",
                "defaultValue": "pom.xml",
                "required": true,
                "type": "filePath",
                "helpMarkDown": ""
            }
        ]
    },
    "quality": "definition",
    "drafts": [],
    "queue": {
        "name": "Azure Pipelines",
        "pool": {
            "name": "Azure Pipelines",
            "isHosted": true
        }
    },
    "name": "Ansible-CI",
    "path": "\\",
    "type": "build"    
}