{
  "count": 1,
  "value": [
    {
      "id": 2051,
      "rev": 5,
      "fields": {
        "System.AreaPath": "LaunchDarkly",
        "System.TeamProject": "LaunchDarkly",
        "System.IterationPath": "LaunchDarkly",
        "System.WorkItemType": "User Story",
        "System.State": "New",
        "System.Reason": "New",
        "System.CreatedDate": "2018-09-25T12:28:45.99Z",
        "System.CreatedBy": "Sriramdas Balaji <sriramdas.balaji@outlook.com>",
        "System.ChangedDate": "2018-09-26T07:40:10.017Z",
        "System.ChangedBy": "Sriramdas Balaji <sriramdas.balaji@outlook.com>",
        "System.Title": "Implement FeatureFlag Management using LaunchDarkly",
        "Microsoft.VSTS.Scheduling.Effort": 0.0,
        "System.Description": null,
        "System.AssignedTo": "Sriramdas Balaji <sriramdas.balaji@outlook.com>",
        "Microsoft.VSTS.Scheduling.RemainingWork": 0.0,
        "Microsoft.VSTS.Common.Priority": 2.0,
        "System.BoardLane": null,
        "System.Tags": null,
        "Microsoft.VSTS.TCM.Steps": null,
        "Microsoft.VSTS.TCM.Parameters": null,
        "Microsoft.VSTS.TCM.LocalDataSource": null,
        "Microsoft.VSTS.TCM.AutomationStatus": null,
        "System.History": null
      },
      
      "url": "https://vstsdemodata.visualstudio.com/_apis/wit/workItems/2051"
    }
  ],
  "HttpStatusCode": 0
}