{
  "count": 11,
  "value": [
    {
      "id": 318,
      "rev": 2,
      "fields": {
        "System.AreaPath": "ContosoShuttle",
        "System.TeamProject": "ContosoShuttle",
        "System.IterationPath": "ContosoShuttle\\Sprint 2",
        "System.WorkItemType": "Product Backlog Item",
        "System.State": "New",
        "System.Reason": "New backlog item",
        "System.CreatedDate": "2018-04-16T22:59:53.887Z",
        "System.CreatedBy": "Jason M <jsmcbr@outlook.com>",
        "System.ChangedDate": "2018-04-16T23:01:08.687Z",
        "System.ChangedBy": "Jason M <jsmcbr@outlook.com>",
        "System.Title": "Create user sign up section",
        "Microsoft.VSTS.Scheduling.Effort": 0.0,
        "System.Description": "Create user sign up section",
        "System.AssignedTo": "nmunger109@outlook.com",
        "Microsoft.VSTS.Scheduling.RemainingWork": 0.0,
        "Microsoft.VSTS.Common.Priority": 2.0,
        "System.BoardLane": null,
        "System.Tags": null,
        "Microsoft.VSTS.TCM.Steps": null,
        "Microsoft.VSTS.TCM.Parameters": null,
        "Microsoft.VSTS.TCM.LocalDataSource": null,
        "Microsoft.VSTS.TCM.AutomationStatus": null,
        "System.History": null
      },
      "relations": [
        {
          "rel": "System.LinkTypes.Hierarchy-Reverse",
          "url": "https://jsmcbr.visualstudio.com/9829f9d8-eac6-427d-9501-5c87af847b02/_apis/wit/workItems/311",
          "attributes": {
            "isLocked": "False",
            "comment": "Making a new link for the dependency"
          }
        }
      ],
      "url": "https://jsmcbr.visualstudio.com/9829f9d8-eac6-427d-9501-5c87af847b02/_apis/wit/workItems/318"
    },
    {
      "id": 317,
      "rev": 2,
      "fields": {
        "System.AreaPath": "ContosoShuttle",
        "System.TeamProject": "ContosoShuttle",
        "System.IterationPath": "ContosoShuttle\\Sprint 2",
        "System.WorkItemType": "Product Backlog Item",
        "System.State": "New",
        "System.Reason": "New backlog item",
        "System.CreatedDate": "2018-04-16T22:59:53.42Z",
        "System.CreatedBy": "Jason M <jsmcbr@outlook.com>",
        "System.ChangedDate": "2018-04-16T23:01:08.687Z",
        "System.ChangedBy": "Jason M <jsmcbr@outlook.com>",
        "System.Title": "Create user login",
        "Microsoft.VSTS.Scheduling.Effort": 0.0,
        "System.Description": "Create user login",
        "System.AssignedTo": "nmunger109@outlook.com",
        "Microsoft.VSTS.Scheduling.RemainingWork": 0.0,
        "Microsoft.VSTS.Common.Priority": 2.0,
        "System.BoardLane": null,
        "System.Tags": null,
        "Microsoft.VSTS.TCM.Steps": null,
        "Microsoft.VSTS.TCM.Parameters": null,
        "Microsoft.VSTS.TCM.LocalDataSource": null,
        "Microsoft.VSTS.TCM.AutomationStatus": null,
        "System.History": null
      },
      "relations": [
        {
          "rel": "System.LinkTypes.Hierarchy-Reverse",
          "url": "https://jsmcbr.visualstudio.com/9829f9d8-eac6-427d-9501-5c87af847b02/_apis/wit/workItems/311",
          "attributes": {
            "isLocked": "False",
            "comment": "Making a new link for the dependency"
          }
        }
      ],
      "url": "https://jsmcbr.visualstudio.com/9829f9d8-eac6-427d-9501-5c87af847b02/_apis/wit/workItems/317"
    },
    {
      "id": 316,
      "rev": 2,
      "fields": {
        "System.AreaPath": "ContosoShuttle",
        "System.TeamProject": "ContosoShuttle",
        "System.IterationPath": "ContosoShuttle\\Sprint 2",
        "System.WorkItemType": "Product Backlog Item",
        "System.State": "New",
        "System.Reason": "New backlog item",
        "System.CreatedDate": "2018-04-16T22:59:53.217Z",
        "System.CreatedBy": "Jason M <jsmcbr@outlook.com>",
        "System.ChangedDate": "2018-04-16T23:01:08.687Z",
        "System.ChangedBy": "Jason M <jsmcbr@outlook.com>",
        "System.Title": "Add user favourites",
        "Microsoft.VSTS.Scheduling.Effort": 0.0,
        "System.Description": "Add user favourites",
        "System.AssignedTo": "craig109@outlook.com",
        "Microsoft.VSTS.Scheduling.RemainingWork": 0.0,
        "Microsoft.VSTS.Common.Priority": 2.0,
        "System.BoardLane": null,
        "System.Tags": null,
        "Microsoft.VSTS.TCM.Steps": null,
        "Microsoft.VSTS.TCM.Parameters": null,
        "Microsoft.VSTS.TCM.LocalDataSource": null,
        "Microsoft.VSTS.TCM.AutomationStatus": null,
        "System.History": null
      },
      "relations": [
        {
          "rel": "System.LinkTypes.Hierarchy-Reverse",
          "url": "https://jsmcbr.visualstudio.com/9829f9d8-eac6-427d-9501-5c87af847b02/_apis/wit/workItems/311",
          "attributes": {
            "isLocked": "False",
            "comment": "Making a new link for the dependency"
          }
        }
      ],
      "url": "https://jsmcbr.visualstudio.com/9829f9d8-eac6-427d-9501-5c87af847b02/_apis/wit/workItems/316"
    },
    {
      "id": 315,
      "rev": 2,
      "fields": {
        "System.AreaPath": "ContosoShuttle",
        "System.TeamProject": "ContosoShuttle",
        "System.IterationPath": "ContosoShuttle\\Sprint 2",
        "System.WorkItemType": "Product Backlog Item",
        "System.State": "New",
        "System.Reason": "New backlog item",
        "System.CreatedDate": "2018-04-16T22:59:52.997Z",
        "System.CreatedBy": "Jason M <jsmcbr@outlook.com>",
        "System.ChangedDate": "2018-04-16T23:01:08.687Z",
        "System.ChangedBy": "Jason M <jsmcbr@outlook.com>",
        "System.Title": "Add reminder notifications",
        "Microsoft.VSTS.Scheduling.Effort": 0.0,
        "System.Description": "Add reminder notifications",
        "System.AssignedTo": "nmunger109@outlook.com",
        "Microsoft.VSTS.Scheduling.RemainingWork": 0.0,
        "Microsoft.VSTS.Common.Priority": 2.0,
        "System.BoardLane": null,
        "System.Tags": null,
        "Microsoft.VSTS.TCM.Steps": null,
        "Microsoft.VSTS.TCM.Parameters": null,
        "Microsoft.VSTS.TCM.LocalDataSource": null,
        "Microsoft.VSTS.TCM.AutomationStatus": null,
        "System.History": null
      },
      "relations": [
        {
          "rel": "System.LinkTypes.Hierarchy-Reverse",
          "url": "https://jsmcbr.visualstudio.com/9829f9d8-eac6-427d-9501-5c87af847b02/_apis/wit/workItems/311",
          "attributes": {
            "isLocked": "False",
            "comment": "Making a new link for the dependency"
          }
        }
      ],
      "url": "https://jsmcbr.visualstudio.com/9829f9d8-eac6-427d-9501-5c87af847b02/_apis/wit/workItems/315"
    },
    {
      "id": 314,
      "rev": 2,
      "fields": {
        "System.AreaPath": "ContosoShuttle",
        "System.TeamProject": "ContosoShuttle",
        "System.IterationPath": "ContosoShuttle\\Sprint 2",
        "System.WorkItemType": "Product Backlog Item",
        "System.State": "New",
        "System.Reason": "New backlog item",
        "System.CreatedDate": "2018-04-16T22:59:52.73Z",
        "System.CreatedBy": "Jason M <jsmcbr@outlook.com>",
        "System.ChangedDate": "2018-04-16T23:01:08.687Z",
        "System.ChangedBy": "Jason M <jsmcbr@outlook.com>",
        "System.Title": "Add shuttle bookings",
        "Microsoft.VSTS.Scheduling.Effort": 0.0,
        "System.Description": "Add shuttle bookings",
        "System.AssignedTo": "ckelly109@outlook.com",
        "Microsoft.VSTS.Scheduling.RemainingWork": 0.0,
        "Microsoft.VSTS.Common.Priority": 2.0,
        "System.BoardLane": null,
        "System.Tags": null,
        "Microsoft.VSTS.TCM.Steps": null,
        "Microsoft.VSTS.TCM.Parameters": null,
        "Microsoft.VSTS.TCM.LocalDataSource": null,
        "Microsoft.VSTS.TCM.AutomationStatus": null,
        "System.History": null
      },
      "relations": [
        {
          "rel": "System.LinkTypes.Hierarchy-Reverse",
          "url": "https://jsmcbr.visualstudio.com/9829f9d8-eac6-427d-9501-5c87af847b02/_apis/wit/workItems/310",
          "attributes": {
            "isLocked": "False",
            "comment": "Making a new link for the dependency"
          }
        }
      ],
      "url": "https://jsmcbr.visualstudio.com/9829f9d8-eac6-427d-9501-5c87af847b02/_apis/wit/workItems/314"
    },
    {
      "id": 313,
      "rev": 2,
      "fields": {
        "System.AreaPath": "ContosoShuttle",
        "System.TeamProject": "ContosoShuttle",
        "System.IterationPath": "ContosoShuttle\\Sprint 2",
        "System.WorkItemType": "Product Backlog Item",
        "System.State": "New",
        "System.Reason": "New backlog item",
        "System.CreatedDate": "2018-04-16T22:59:52.45Z",
        "System.CreatedBy": "Jason M <jsmcbr@outlook.com>",
        "System.ChangedDate": "2018-04-16T23:01:08.687Z",
        "System.ChangedBy": "Jason M <jsmcbr@outlook.com>",
        "System.Title": "Show when shuttle is fully booked",
        "Microsoft.VSTS.Scheduling.Effort": 0.0,
        "System.Description": "Show when shuttle is fully booked",
        "System.AssignedTo": "romsak@outlook.com",
        "Microsoft.VSTS.Scheduling.RemainingWork": 0.0,
        "Microsoft.VSTS.Common.Priority": 2.0,
        "System.BoardLane": null,
        "System.Tags": null,
        "Microsoft.VSTS.TCM.Steps": null,
        "Microsoft.VSTS.TCM.Parameters": null,
        "Microsoft.VSTS.TCM.LocalDataSource": null,
        "Microsoft.VSTS.TCM.AutomationStatus": null,
        "System.History": null
      },
      "relations": [
        {
          "rel": "System.LinkTypes.Hierarchy-Reverse",
          "url": "https://jsmcbr.visualstudio.com/9829f9d8-eac6-427d-9501-5c87af847b02/_apis/wit/workItems/310",
          "attributes": {
            "isLocked": "False",
            "comment": "Making a new link for the dependency"
          }
        }
      ],
      "url": "https://jsmcbr.visualstudio.com/9829f9d8-eac6-427d-9501-5c87af847b02/_apis/wit/workItems/313"
    },
    {
      "id": 320,
      "rev": 2,
      "fields": {
        "System.AreaPath": "ContosoShuttle",
        "System.TeamProject": "ContosoShuttle",
        "System.IterationPath": "ContosoShuttle\\Sprint 2",
        "System.WorkItemType": "Product Backlog Item",
        "System.State": "Done",
        "System.Reason": "Work finished",
        "System.CreatedDate": "2018-04-16T22:59:54.45Z",
        "System.CreatedBy": "Jason M <jsmcbr@outlook.com>",
        "System.ChangedDate": "2018-04-16T23:01:08.687Z",
        "System.ChangedBy": "Jason M <jsmcbr@outlook.com>",
        "System.Title": "Show schedules filtered by destination",
        "Microsoft.VSTS.Scheduling.Effort": 0.0,
        "System.Description": "Show schedules filtered by destination",
        "System.AssignedTo": "lsteel109@outlook.com",
        "Microsoft.VSTS.Scheduling.RemainingWork": 0.0,
        "Microsoft.VSTS.Common.Priority": 2.0,
        "System.BoardLane": null,
        "System.Tags": null,
        "Microsoft.VSTS.TCM.Steps": null,
        "Microsoft.VSTS.TCM.Parameters": null,
        "Microsoft.VSTS.TCM.LocalDataSource": null,
        "Microsoft.VSTS.TCM.AutomationStatus": null,
        "System.History": null
      },
      "relations": [
        {
          "rel": "System.LinkTypes.Hierarchy-Forward",
          "url": "https://jsmcbr.visualstudio.com/9829f9d8-eac6-427d-9501-5c87af847b02/_apis/wit/workItems/308",
          "attributes": {
            "isLocked": "False",
            "comment": "Making a new link for the dependency"
          }
        },
        {
          "rel": "System.LinkTypes.Hierarchy-Forward",
          "url": "https://jsmcbr.visualstudio.com/9829f9d8-eac6-427d-9501-5c87af847b02/_apis/wit/workItems/307",
          "attributes": {
            "isLocked": "False",
            "comment": "Making a new link for the dependency"
          }
        },
        {
          "rel": "System.LinkTypes.Hierarchy-Reverse",
          "url": "https://jsmcbr.visualstudio.com/9829f9d8-eac6-427d-9501-5c87af847b02/_apis/wit/workItems/312",
          "attributes": {
            "isLocked": "False",
            "comment": "Making a new link for the dependency"
          }
        }
      ],
      "url": "https://jsmcbr.visualstudio.com/9829f9d8-eac6-427d-9501-5c87af847b02/_apis/wit/workItems/320"
    },
    {
      "id": 319,
      "rev": 2,
      "fields": {
        "System.AreaPath": "ContosoShuttle",
        "System.TeamProject": "ContosoShuttle",
        "System.IterationPath": "ContosoShuttle\\Sprint 2",
        "System.WorkItemType": "Product Backlog Item",
        "System.State": "Done",
        "System.Reason": "Work finished",
        "System.CreatedDate": "2018-04-16T22:59:54.263Z",
        "System.CreatedBy": "Jason M <jsmcbr@outlook.com>",
        "System.ChangedDate": "2018-04-16T23:01:08.687Z",
        "System.ChangedBy": "Jason M <jsmcbr@outlook.com>",
        "System.Title": "Show days shuttle schedules",
        "Microsoft.VSTS.Scheduling.Effort": 0.0,
        "System.Description": "Show days shuttle schedules",
        "System.AssignedTo": "craig109@outlook.com",
        "Microsoft.VSTS.Scheduling.RemainingWork": 0.0,
        "Microsoft.VSTS.Common.Priority": 2.0,
        "System.BoardLane": null,
        "System.Tags": null,
        "Microsoft.VSTS.TCM.Steps": null,
        "Microsoft.VSTS.TCM.Parameters": null,
        "Microsoft.VSTS.TCM.LocalDataSource": null,
        "Microsoft.VSTS.TCM.AutomationStatus": null,
        "System.History": null
      },
      "relations": [
        {
          "rel": "System.LinkTypes.Hierarchy-Reverse",
          "url": "https://jsmcbr.visualstudio.com/9829f9d8-eac6-427d-9501-5c87af847b02/_apis/wit/workItems/312",
          "attributes": {
            "isLocked": "False",
            "comment": "Making a new link for the dependency"
          }
        },
        {
          "rel": "System.LinkTypes.Hierarchy-Forward",
          "url": "https://jsmcbr.visualstudio.com/9829f9d8-eac6-427d-9501-5c87af847b02/_apis/wit/workItems/305",
          "attributes": {
            "isLocked": "False",
            "comment": "Making a new link for the dependency"
          }
        },
        {
          "rel": "System.LinkTypes.Hierarchy-Forward",
          "url": "https://jsmcbr.visualstudio.com/9829f9d8-eac6-427d-9501-5c87af847b02/_apis/wit/workItems/306",
          "attributes": {
            "isLocked": "False",
            "comment": "Making a new link for the dependency"
          }
        },
        {
          "rel": "System.LinkTypes.Hierarchy-Forward",
          "url": "https://jsmcbr.visualstudio.com/9829f9d8-eac6-427d-9501-5c87af847b02/_apis/wit/workItems/304",
          "attributes": {
            "isLocked": "False",
            "comment": "Making a new link for the dependency"
          }
        },
        {
          "rel": "System.LinkTypes.Hierarchy-Forward",
          "url": "https://jsmcbr.visualstudio.com/9829f9d8-eac6-427d-9501-5c87af847b02/_apis/wit/workItems/303",
          "attributes": {
            "isLocked": "False",
            "comment": "Making a new link for the dependency"
          }
        }
      ],
      "url": "https://jsmcbr.visualstudio.com/9829f9d8-eac6-427d-9501-5c87af847b02/_apis/wit/workItems/319"
    },
    {
      "id": 323,
      "rev": 2,
      "fields": {
        "System.AreaPath": "ContosoShuttle",
        "System.TeamProject": "ContosoShuttle",
        "System.IterationPath": "ContosoShuttle\\Sprint 2",
        "System.WorkItemType": "Product Backlog Item",
        "System.State": "Approved",
        "System.Reason": "Approved by the Product Owner",
        "System.CreatedDate": "2018-04-16T22:59:55.137Z",
        "System.CreatedBy": "Jason M <jsmcbr@outlook.com>",
        "System.ChangedDate": "2018-04-16T23:01:08.687Z",
        "System.ChangedBy": "Jason M <jsmcbr@outlook.com>",
        "System.Title": "Move ConnectionString to Azure Key Vault",
        "Microsoft.VSTS.Scheduling.Effort": 5.0,
        "System.Description": "Move the connection strings from web.config file to Azure Key Vault",
        "System.AssignedTo": "craig109@outlook.com",
        "Microsoft.VSTS.Scheduling.RemainingWork": 0.0,
        "Microsoft.VSTS.Common.Priority": 2.0,
        "System.BoardLane": null,
        "System.Tags": null,
        "Microsoft.VSTS.TCM.Steps": null,
        "Microsoft.VSTS.TCM.Parameters": null,
        "Microsoft.VSTS.TCM.LocalDataSource": null,
        "Microsoft.VSTS.TCM.AutomationStatus": null,
        "System.History": null
      },
      "relations": [
        {
          "rel": "System.LinkTypes.Hierarchy-Forward",
          "url": "https://jsmcbr.visualstudio.com/9829f9d8-eac6-427d-9501-5c87af847b02/_apis/wit/workItems/302",
          "attributes": {
            "isLocked": "False",
            "comment": "Making a new link for the dependency"
          }
        }
      ],
      "url": "https://jsmcbr.visualstudio.com/9829f9d8-eac6-427d-9501-5c87af847b02/_apis/wit/workItems/323"
    },
    {
      "id": 322,
      "rev": 2,
      "fields": {
        "System.AreaPath": "ContosoShuttle",
        "System.TeamProject": "ContosoShuttle",
        "System.IterationPath": "ContosoShuttle\\Sprint 2",
        "System.WorkItemType": "Product Backlog Item",
        "System.State": "Approved",
        "System.Reason": "Work stopped",
        "System.CreatedDate": "2018-04-16T22:59:54.903Z",
        "System.CreatedBy": "Jason M <jsmcbr@outlook.com>",
        "System.ChangedDate": "2018-04-16T23:01:08.687Z",
        "System.ChangedBy": "Jason M <jsmcbr@outlook.com>",
        "System.Title": "Add Help section",
        "Microsoft.VSTS.Scheduling.Effort": 3.0,
        "System.Description": "Add Help section",
        "System.AssignedTo": "lsteel109@outlook.com",
        "Microsoft.VSTS.Scheduling.RemainingWork": 0.0,
        "Microsoft.VSTS.Common.Priority": 2.0,
        "System.BoardLane": null,
        "System.Tags": null,
        "Microsoft.VSTS.TCM.Steps": null,
        "Microsoft.VSTS.TCM.Parameters": null,
        "Microsoft.VSTS.TCM.LocalDataSource": null,
        "Microsoft.VSTS.TCM.AutomationStatus": null,
        "System.History": null
      },
      "relations": [
        {
          "rel": "System.LinkTypes.Hierarchy-Forward",
          "url": "https://jsmcbr.visualstudio.com/9829f9d8-eac6-427d-9501-5c87af847b02/_apis/wit/workItems/300",
          "attributes": {
            "isLocked": "False",
            "comment": "Making a new link for the dependency"
          }
        },
        {
          "rel": "System.LinkTypes.Hierarchy-Reverse",
          "url": "https://jsmcbr.visualstudio.com/9829f9d8-eac6-427d-9501-5c87af847b02/_apis/wit/workItems/312",
          "attributes": {
            "isLocked": "False",
            "comment": "Making a new link for the dependency"
          }
        },
        {
          "rel": "System.LinkTypes.Hierarchy-Forward",
          "url": "https://jsmcbr.visualstudio.com/9829f9d8-eac6-427d-9501-5c87af847b02/_apis/wit/workItems/301",
          "attributes": {
            "isLocked": "False",
            "comment": "Making a new link for the dependency"
          }
        }
      ],
      "url": "https://jsmcbr.visualstudio.com/9829f9d8-eac6-427d-9501-5c87af847b02/_apis/wit/workItems/322"
    },
    {
      "id": 321,
      "rev": 2,
      "fields": {
        "System.AreaPath": "ContosoShuttle",
        "System.TeamProject": "ContosoShuttle",
        "System.IterationPath": "ContosoShuttle\\Sprint 2",
        "System.WorkItemType": "Product Backlog Item",
        "System.State": "Approved",
        "System.Reason": "Work stopped",
        "System.CreatedDate": "2018-04-16T22:59:54.67Z",
        "System.CreatedBy": "Jason M <jsmcbr@outlook.com>",
        "System.ChangedDate": "2018-04-16T23:01:08.687Z",
        "System.ChangedBy": "Jason M <jsmcbr@outlook.com>",
        "System.Title": "Add countdown timer to next shuttle",
        "Microsoft.VSTS.Scheduling.Effort": 8.0,
        "System.Description": "Add countdown timer to next shuttle",
        "System.AssignedTo": "nmunger109@outlook.com",
        "Microsoft.VSTS.Scheduling.RemainingWork": 0.0,
        "Microsoft.VSTS.Common.Priority": 2.0,
        "System.BoardLane": null,
        "System.Tags": null,
        "Microsoft.VSTS.TCM.Steps": null,
        "Microsoft.VSTS.TCM.Parameters": null,
        "Microsoft.VSTS.TCM.LocalDataSource": null,
        "Microsoft.VSTS.TCM.AutomationStatus": null,
        "System.History": null
      },
      "relations": [
        {
          "rel": "System.LinkTypes.Hierarchy-Reverse",
          "url": "https://jsmcbr.visualstudio.com/9829f9d8-eac6-427d-9501-5c87af847b02/_apis/wit/workItems/312",
          "attributes": {
            "isLocked": "False",
            "comment": "Making a new link for the dependency"
          }
        },
        {
          "rel": "System.LinkTypes.Hierarchy-Forward",
          "url": "https://jsmcbr.visualstudio.com/9829f9d8-eac6-427d-9501-5c87af847b02/_apis/wit/workItems/299",
          "attributes": {
            "isLocked": "False",
            "comment": "Making a new link for the dependency"
          }
        }
      ],
      "url": "https://jsmcbr.visualstudio.com/9829f9d8-eac6-427d-9501-5c87af847b02/_apis/wit/workItems/321"
    }
  ],
  "HttpStatusCode": 0
}