{
  "count": 10,
  "value": [
    {
      "id": 299,
      "rev": 1,
      "fields": {
        "System.AreaPath": "ContosoShuttle",
        "System.TeamProject": "ContosoShuttle",
        "System.IterationPath": "ContosoShuttle\\Sprint 2",
        "System.WorkItemType": "Task",
        "System.State": "To Do",
        "System.Reason": "New task",
        "System.CreatedDate": "2018-04-16T22:59:46.247Z",
        "System.CreatedBy": "Jason M <jsmcbr@outlook.com>",
        "System.ChangedDate": "2018-04-16T22:59:46.247Z",
        "System.ChangedBy": "Jason M <jsmcbr@outlook.com>",
        "System.Title": "Add countdown timer to schedules page",
        "Microsoft.VSTS.Scheduling.Effort": 0.0,
        "System.Description": "Add countdown timer to schedules page",
        "System.AssignedTo": "lsteel109@outlook.com",
        "Microsoft.VSTS.Scheduling.RemainingWork": 0.0,
        "Microsoft.VSTS.Common.Priority": 2.0,
        "System.BoardLane": null,
        "System.Tags": null,
        "Microsoft.VSTS.TCM.Steps": null,
        "Microsoft.VSTS.TCM.Parameters": null,
        "Microsoft.VSTS.TCM.LocalDataSource": null,
        "Microsoft.VSTS.TCM.AutomationStatus": null,
        "System.History": null
      },
      "relations": [
        {
          "rel": "System.LinkTypes.Hierarchy-Reverse",
          "url": "https://jsmcbr.visualstudio.com/9829f9d8-eac6-427d-9501-5c87af847b02/_apis/wit/workItems/321",
          "attributes": {
            "isLocked": "False",
            "comment": "Making a new link for the dependency"
          }
        }
      ],
      "url": "https://jsmcbr.visualstudio.com/9829f9d8-eac6-427d-9501-5c87af847b02/_apis/wit/workItems/299"
    },
    {
      "id": 300,
      "rev": 1,
      "fields": {
        "System.AreaPath": "ContosoShuttle",
        "System.TeamProject": "ContosoShuttle",
        "System.IterationPath": "ContosoShuttle\\Sprint 2",
        "System.WorkItemType": "Task",
        "System.State": "To Do",
        "System.Reason": "New task",
        "System.CreatedDate": "2018-04-16T22:59:46.48Z",
        "System.CreatedBy": "Jason M <jsmcbr@outlook.com>",
        "System.ChangedDate": "2018-04-16T22:59:46.48Z",
        "System.ChangedBy": "Jason M <jsmcbr@outlook.com>",
        "System.Title": "Add link to top navigation",
        "Microsoft.VSTS.Scheduling.Effort": 0.0,
        "System.Description": "Add link to top navigation",
        "System.AssignedTo": "craig109@outlook.com",
        "Microsoft.VSTS.Scheduling.RemainingWork": 0.0,
        "Microsoft.VSTS.Common.Priority": 2.0,
        "System.BoardLane": null,
        "System.Tags": null,
        "Microsoft.VSTS.TCM.Steps": null,
        "Microsoft.VSTS.TCM.Parameters": null,
        "Microsoft.VSTS.TCM.LocalDataSource": null,
        "Microsoft.VSTS.TCM.AutomationStatus": null,
        "System.History": null
      },
      "relations": [
        {
          "rel": "System.LinkTypes.Hierarchy-Reverse",
          "url": "https://jsmcbr.visualstudio.com/9829f9d8-eac6-427d-9501-5c87af847b02/_apis/wit/workItems/322",
          "attributes": {
            "isLocked": "False",
            "comment": "Making a new link for the dependency"
          }
        }
      ],
      "url": "https://jsmcbr.visualstudio.com/9829f9d8-eac6-427d-9501-5c87af847b02/_apis/wit/workItems/300"
    },
    {
      "id": 301,
      "rev": 1,
      "fields": {
        "System.AreaPath": "ContosoShuttle",
        "System.TeamProject": "ContosoShuttle",
        "System.IterationPath": "ContosoShuttle\\Sprint 2",
        "System.WorkItemType": "Task",
        "System.State": "To Do",
        "System.Reason": "New task",
        "System.CreatedDate": "2018-04-16T22:59:46.7Z",
        "System.CreatedBy": "Jason M <jsmcbr@outlook.com>",
        "System.ChangedDate": "2018-04-16T22:59:46.7Z",
        "System.ChangedBy": "Jason M <jsmcbr@outlook.com>",
        "System.Title": "Create help page",
        "Microsoft.VSTS.Scheduling.Effort": 0.0,
        "System.Description": "Create help page",
        "System.AssignedTo": "nmunger109@outlook.com",
        "Microsoft.VSTS.Scheduling.RemainingWork": 0.0,
        "Microsoft.VSTS.Common.Priority": 2.0,
        "System.BoardLane": null,
        "System.Tags": null,
        "Microsoft.VSTS.TCM.Steps": null,
        "Microsoft.VSTS.TCM.Parameters": null,
        "Microsoft.VSTS.TCM.LocalDataSource": null,
        "Microsoft.VSTS.TCM.AutomationStatus": null,
        "System.History": null
      },
      "relations": [
        {
          "rel": "System.LinkTypes.Hierarchy-Reverse",
          "url": "https://jsmcbr.visualstudio.com/9829f9d8-eac6-427d-9501-5c87af847b02/_apis/wit/workItems/322",
          "attributes": {
            "isLocked": "False",
            "comment": "Making a new link for the dependency"
          }
        }
      ],
      "url": "https://jsmcbr.visualstudio.com/9829f9d8-eac6-427d-9501-5c87af847b02/_apis/wit/workItems/301"
    },
    {
      "id": 302,
      "rev": 1,
      "fields": {
        "System.AreaPath": "ContosoShuttle",
        "System.TeamProject": "ContosoShuttle",
        "System.IterationPath": "ContosoShuttle\\Sprint 2",
        "System.WorkItemType": "Task",
        "System.State": "To Do",
        "System.Reason": "New task",
        "System.CreatedDate": "2018-04-16T22:59:47.137Z",
        "System.CreatedBy": "Jason M <jsmcbr@outlook.com>",
        "System.ChangedDate": "2018-04-16T22:59:47.137Z",
        "System.ChangedBy": "Jason M <jsmcbr@outlook.com>",
        "System.Title": "Initialize repo using Key Vault secret",
        "Microsoft.VSTS.Scheduling.Effort": 0.0,
        "System.Description": "Initialize repo using Key Vault secret",
        "System.AssignedTo": "romsak@outlook.com",
        "Microsoft.VSTS.Scheduling.RemainingWork": 0.0,
        "Microsoft.VSTS.Common.Priority": 2.0,
        "System.BoardLane": null,
        "System.Tags": null,
        "Microsoft.VSTS.TCM.Steps": null,
        "Microsoft.VSTS.TCM.Parameters": null,
        "Microsoft.VSTS.TCM.LocalDataSource": null,
        "Microsoft.VSTS.TCM.AutomationStatus": null,
        "System.History": null
      },
      "relations": [
        {
          "rel": "System.LinkTypes.Hierarchy-Reverse",
          "url": "https://jsmcbr.visualstudio.com/9829f9d8-eac6-427d-9501-5c87af847b02/_apis/wit/workItems/323",
          "attributes": {
            "isLocked": "False",
            "comment": "Making a new link for the dependency"
          }
        }
      ],
      "url": "https://jsmcbr.visualstudio.com/9829f9d8-eac6-427d-9501-5c87af847b02/_apis/wit/workItems/302"
    },
    {
      "id": 303,
      "rev": 1,
      "fields": {
        "System.AreaPath": "ContosoShuttle",
        "System.TeamProject": "ContosoShuttle",
        "System.IterationPath": "ContosoShuttle\\Sprint 2",
        "System.WorkItemType": "Task",
        "System.State": "Done",
        "System.Reason": "Work finished",
        "System.CreatedDate": "2018-04-16T22:59:47.387Z",
        "System.CreatedBy": "Jason M <jsmcbr@outlook.com>",
        "System.ChangedDate": "2018-04-16T22:59:47.387Z",
        "System.ChangedBy": "Jason M <jsmcbr@outlook.com>",
        "System.Title": "Create home page",
        "Microsoft.VSTS.Scheduling.Effort": 0.0,
        "System.Description": "Create home page",
        "System.AssignedTo": "craig109@outlook.com",
        "Microsoft.VSTS.Scheduling.RemainingWork": 0.0,
        "Microsoft.VSTS.Common.Priority": 2.0,
        "System.BoardLane": null,
        "System.Tags": null,
        "Microsoft.VSTS.TCM.Steps": null,
        "Microsoft.VSTS.TCM.Parameters": null,
        "Microsoft.VSTS.TCM.LocalDataSource": null,
        "Microsoft.VSTS.TCM.AutomationStatus": null,
        "System.History": null
      },
      "relations": [
        {
          "rel": "System.LinkTypes.Hierarchy-Reverse",
          "url": "https://jsmcbr.visualstudio.com/9829f9d8-eac6-427d-9501-5c87af847b02/_apis/wit/workItems/319",
          "attributes": {
            "isLocked": "False",
            "comment": "Making a new link for the dependency"
          }
        }
      ],
      "url": "https://jsmcbr.visualstudio.com/9829f9d8-eac6-427d-9501-5c87af847b02/_apis/wit/workItems/303"
    },
    {
      "id": 304,
      "rev": 1,
      "fields": {
        "System.AreaPath": "ContosoShuttle",
        "System.TeamProject": "ContosoShuttle",
        "System.IterationPath": "ContosoShuttle\\Sprint 2",
        "System.WorkItemType": "Task",
        "System.State": "Done",
        "System.Reason": "Work finished",
        "System.CreatedDate": "2018-04-16T22:59:47.607Z",
        "System.CreatedBy": "Jason M <jsmcbr@outlook.com>",
        "System.ChangedDate": "2018-04-16T22:59:47.607Z",
        "System.ChangedBy": "Jason M <jsmcbr@outlook.com>",
        "System.Title": "Create schedules page",
        "Microsoft.VSTS.Scheduling.Effort": 0.0,
        "System.Description": "Create schedules page",
        "System.AssignedTo": "romsak@outlook.com",
        "Microsoft.VSTS.Scheduling.RemainingWork": 0.0,
        "Microsoft.VSTS.Common.Priority": 2.0,
        "System.BoardLane": null,
        "System.Tags": null,
        "Microsoft.VSTS.TCM.Steps": null,
        "Microsoft.VSTS.TCM.Parameters": null,
        "Microsoft.VSTS.TCM.LocalDataSource": null,
        "Microsoft.VSTS.TCM.AutomationStatus": null,
        "System.History": null
      },
      "relations": [
        {
          "rel": "System.LinkTypes.Hierarchy-Reverse",
          "url": "https://jsmcbr.visualstudio.com/9829f9d8-eac6-427d-9501-5c87af847b02/_apis/wit/workItems/319",
          "attributes": {
            "isLocked": "False",
            "comment": "Making a new link for the dependency"
          }
        }
      ],
      "url": "https://jsmcbr.visualstudio.com/9829f9d8-eac6-427d-9501-5c87af847b02/_apis/wit/workItems/304"
    },
    {
      "id": 305,
      "rev": 1,
      "fields": {
        "System.AreaPath": "ContosoShuttle",
        "System.TeamProject": "ContosoShuttle",
        "System.IterationPath": "ContosoShuttle\\Sprint 2",
        "System.WorkItemType": "Task",
        "System.State": "Done",
        "System.Reason": "Work finished",
        "System.CreatedDate": "2018-04-16T22:59:47.81Z",
        "System.CreatedBy": "Jason M <jsmcbr@outlook.com>",
        "System.ChangedDate": "2018-04-16T22:59:47.81Z",
        "System.ChangedBy": "Jason M <jsmcbr@outlook.com>",
        "System.Title": "Add navigation to schedules page in header",
        "Microsoft.VSTS.Scheduling.Effort": 0.0,
        "System.Description": "Add navigation to schedules page in header",
        "System.AssignedTo": "ckelly109@outlook.com",
        "Microsoft.VSTS.Scheduling.RemainingWork": 0.0,
        "Microsoft.VSTS.Common.Priority": 2.0,
        "System.BoardLane": null,
        "System.Tags": null,
        "Microsoft.VSTS.TCM.Steps": null,
        "Microsoft.VSTS.TCM.Parameters": null,
        "Microsoft.VSTS.TCM.LocalDataSource": null,
        "Microsoft.VSTS.TCM.AutomationStatus": null,
        "System.History": null
      },
      "relations": [
        {
          "rel": "System.LinkTypes.Hierarchy-Reverse",
          "url": "https://jsmcbr.visualstudio.com/9829f9d8-eac6-427d-9501-5c87af847b02/_apis/wit/workItems/319",
          "attributes": {
            "isLocked": "False",
            "comment": "Making a new link for the dependency"
          }
        }
      ],
      "url": "https://jsmcbr.visualstudio.com/9829f9d8-eac6-427d-9501-5c87af847b02/_apis/wit/workItems/305"
    },
    {
      "id": 306,
      "rev": 1,
      "fields": {
        "System.AreaPath": "ContosoShuttle",
        "System.TeamProject": "ContosoShuttle",
        "System.IterationPath": "ContosoShuttle\\Sprint 2",
        "System.WorkItemType": "Task",
        "System.State": "Done",
        "System.Reason": "Work finished",
        "System.CreatedDate": "2018-04-16T22:59:48.013Z",
        "System.CreatedBy": "Jason M <jsmcbr@outlook.com>",
        "System.ChangedDate": "2018-04-16T22:59:48.013Z",
        "System.ChangedBy": "Jason M <jsmcbr@outlook.com>",
        "System.Title": "Add link on home page to view schedules",
        "Microsoft.VSTS.Scheduling.Effort": 0.0,
        "System.Description": "Add link on home page to view schedules",
        "System.AssignedTo": "nmunger109@outlook.com",
        "Microsoft.VSTS.Scheduling.RemainingWork": 0.0,
        "Microsoft.VSTS.Common.Priority": 2.0,
        "System.BoardLane": null,
        "System.Tags": null,
        "Microsoft.VSTS.TCM.Steps": null,
        "Microsoft.VSTS.TCM.Parameters": null,
        "Microsoft.VSTS.TCM.LocalDataSource": null,
        "Microsoft.VSTS.TCM.AutomationStatus": null,
        "System.History": null
      },
      "relations": [
        {
          "rel": "System.LinkTypes.Hierarchy-Reverse",
          "url": "https://jsmcbr.visualstudio.com/9829f9d8-eac6-427d-9501-5c87af847b02/_apis/wit/workItems/319",
          "attributes": {
            "isLocked": "False",
            "comment": "Making a new link for the dependency"
          }
        }
      ],
      "url": "https://jsmcbr.visualstudio.com/9829f9d8-eac6-427d-9501-5c87af847b02/_apis/wit/workItems/306"
    },
    {
      "id": 307,
      "rev": 1,
      "fields": {
        "System.AreaPath": "ContosoShuttle",
        "System.TeamProject": "ContosoShuttle",
        "System.IterationPath": "ContosoShuttle\\Sprint 2",
        "System.WorkItemType": "Task",
        "System.State": "Done",
        "System.Reason": "Work finished",
        "System.CreatedDate": "2018-04-16T22:59:48.247Z",
        "System.CreatedBy": "Jason M <jsmcbr@outlook.com>",
        "System.ChangedDate": "2018-04-16T22:59:48.247Z",
        "System.ChangedBy": "Jason M <jsmcbr@outlook.com>",
        "System.Title": "Enable filtering on schedules page",
        "Microsoft.VSTS.Scheduling.Effort": 0.0,
        "System.Description": "Enable filtering on schedules page",
        "System.AssignedTo": "lsteel109@outlook.com",
        "Microsoft.VSTS.Scheduling.RemainingWork": 0.0,
        "Microsoft.VSTS.Common.Priority": 2.0,
        "System.BoardLane": null,
        "System.Tags": null,
        "Microsoft.VSTS.TCM.Steps": null,
        "Microsoft.VSTS.TCM.Parameters": null,
        "Microsoft.VSTS.TCM.LocalDataSource": null,
        "Microsoft.VSTS.TCM.AutomationStatus": null,
        "System.History": null
      },
      "relations": [
        {
          "rel": "System.LinkTypes.Hierarchy-Reverse",
          "url": "https://jsmcbr.visualstudio.com/9829f9d8-eac6-427d-9501-5c87af847b02/_apis/wit/workItems/320",
          "attributes": {
            "isLocked": "False",
            "comment": "Making a new link for the dependency"
          }
        }
      ],
      "url": "https://jsmcbr.visualstudio.com/9829f9d8-eac6-427d-9501-5c87af847b02/_apis/wit/workItems/307"
    },
    {
      "id": 308,
      "rev": 1,
      "fields": {
        "System.AreaPath": "ContosoShuttle",
        "System.TeamProject": "ContosoShuttle",
        "System.IterationPath": "ContosoShuttle\\Sprint 2",
        "System.WorkItemType": "Task",
        "System.State": "Done",
        "System.Reason": "Work finished",
        "System.CreatedDate": "2018-04-16T22:59:48.467Z",
        "System.CreatedBy": "Jason M <jsmcbr@outlook.com>",
        "System.ChangedDate": "2018-04-16T22:59:48.467Z",
        "System.ChangedBy": "Jason M <jsmcbr@outlook.com>",
        "System.Title": "Add destination links to home page",
        "Microsoft.VSTS.Scheduling.Effort": 0.0,
        "System.Description": "Add destination links to home page",
        "System.AssignedTo": "nmunger109@outlook.com",
        "Microsoft.VSTS.Scheduling.RemainingWork": 0.0,
        "Microsoft.VSTS.Common.Priority": 2.0,
        "System.BoardLane": null,
        "System.Tags": null,
        "Microsoft.VSTS.TCM.Steps": null,
        "Microsoft.VSTS.TCM.Parameters": null,
        "Microsoft.VSTS.TCM.LocalDataSource": null,
        "Microsoft.VSTS.TCM.AutomationStatus": null,
        "System.History": null
      },
      "relations": [
        {
          "rel": "System.LinkTypes.Hierarchy-Reverse",
          "url": "https://jsmcbr.visualstudio.com/9829f9d8-eac6-427d-9501-5c87af847b02/_apis/wit/workItems/320",
          "attributes": {
            "isLocked": "False",
            "comment": "Making a new link for the dependency"
          }
        }
      ],
      "url": "https://jsmcbr.visualstudio.com/9829f9d8-eac6-427d-9501-5c87af847b02/_apis/wit/workItems/308"
    }
  ],
  "HttpStatusCode": 0
}