{
  "count": 9,
  "value": [
    {
      "id": 11,
      "rev": 2,
      "fields": {
        "System.AreaPath": "ContosoShuttle",
        "System.TeamProject": "ContosoShuttle",
        "System.IterationPath": "ContosoShuttle\\Sprint 2",
        "System.WorkItemType": "Product Backlog Item",
        "System.State": "Approved",
        "System.Reason": "Work stopped",
        "System.CreatedDate": "2018-08-20T20:39:45.45Z",
        "System.CreatedBy": "David Svab (Infosys Ltd) <v-dasvab@microsoft.com>",
        "System.ChangedDate": "2018-10-19T16:16:49.35Z",
        "System.ChangedBy": "David Svab (Infosys Ltd) <v-dasvab@microsoft.com>",
        "System.Title": "Add countdown timer to next shuttle",
        "Microsoft.VSTS.Scheduling.Effort": 8.0,
        "System.Description": "Add countdown timer to next shuttle",
        "System.AssignedTo": "ckelly109@outlook.com",
        "Microsoft.VSTS.Scheduling.RemainingWork": 0.0,
        "Microsoft.VSTS.Common.Priority": 2.0,
        "System.BoardLane": null,
        "System.Tags": null,
        "Microsoft.VSTS.TCM.Steps": null,
        "Microsoft.VSTS.TCM.Parameters": null,
        "Microsoft.VSTS.TCM.LocalDataSource": null,
        "Microsoft.VSTS.TCM.AutomationStatus": null,
        "System.History": null
      },
      "relations": [
        {
          "rel": "System.LinkTypes.Hierarchy-Forward",
          "url": "https://dev.azure.com/contososhuttle/_apis/wit/workItems/12",
          "attributes": {
            "isLocked": "false",
            "comment": "Making a new link for the dependency"
          }
        }
      ],
      "url": "https://dev.azure.com/contososhuttle/_apis/wit/workItems/11"
    },
    {
      "id": 10,
      "rev": 2,
      "fields": {
        "System.AreaPath": "ContosoShuttle",
        "System.TeamProject": "ContosoShuttle",
        "System.IterationPath": "ContosoShuttle\\Sprint 2",
        "System.WorkItemType": "Product Backlog Item",
        "System.State": "Approved",
        "System.Reason": "Work stopped",
        "System.CreatedDate": "2018-08-20T20:39:45.277Z",
        "System.CreatedBy": "David Svab (Infosys Ltd) <v-dasvab@microsoft.com>",
        "System.ChangedDate": "2018-10-19T16:16:49.35Z",
        "System.ChangedBy": "David Svab (Infosys Ltd) <v-dasvab@microsoft.com>",
        "System.Title": "Add Help section",
        "Microsoft.VSTS.Scheduling.Effort": 3.0,
        "System.Description": "Add Help section",
        "System.AssignedTo": "ckelly109@outlook.com",
        "Microsoft.VSTS.Scheduling.RemainingWork": 0.0,
        "Microsoft.VSTS.Common.Priority": 2.0,
        "System.BoardLane": null,
        "System.Tags": null,
        "Microsoft.VSTS.TCM.Steps": null,
        "Microsoft.VSTS.TCM.Parameters": null,
        "Microsoft.VSTS.TCM.LocalDataSource": null,
        "Microsoft.VSTS.TCM.AutomationStatus": null,
        "System.History": null
      },
      "relations": [
        {
          "rel": "System.LinkTypes.Hierarchy-Forward",
          "url": "https://dev.azure.com/contososhuttle/_apis/wit/workItems/13",
          "attributes": {
            "isLocked": "false",
            "comment": "Making a new link for the dependency"
          }
        },
        {
          "rel": "System.LinkTypes.Hierarchy-Forward",
          "url": "https://dev.azure.com/contososhuttle/_apis/wit/workItems/14",
          "attributes": {
            "isLocked": "false",
            "comment": "Making a new link for the dependency"
          }
        }
      ],
      "url": "https://dev.azure.com/contososhuttle/_apis/wit/workItems/10"
    },
    {
      "id": 8,
      "rev": 2,
      "fields": {
        "System.AreaPath": "ContosoShuttle",
        "System.TeamProject": "ContosoShuttle",
        "System.IterationPath": "ContosoShuttle\\Sprint 2",
        "System.WorkItemType": "Product Backlog Item",
        "System.State": "Done",
        "System.Reason": "Work finished",
        "System.CreatedDate": "2018-08-20T20:39:45.043Z",
        "System.CreatedBy": "David Svab (Infosys Ltd) <v-dasvab@microsoft.com>",
        "System.ChangedDate": "2018-10-19T16:16:49.35Z",
        "System.ChangedBy": "David Svab (Infosys Ltd) <v-dasvab@microsoft.com>",
        "System.Title": "Show days shuttle schedules",
        "Microsoft.VSTS.Scheduling.Effort": 0.0,
        "System.Description": "Show days shuttle schedules",
        "System.AssignedTo": "ckelly109@outlook.com",
        "Microsoft.VSTS.Scheduling.RemainingWork": 0.0,
        "Microsoft.VSTS.Common.Priority": 2.0,
        "System.BoardLane": null,
        "System.Tags": null,
        "Microsoft.VSTS.TCM.Steps": null,
        "Microsoft.VSTS.TCM.Parameters": null,
        "Microsoft.VSTS.TCM.LocalDataSource": null,
        "Microsoft.VSTS.TCM.AutomationStatus": null,
        "System.History": null
      },
      "relations": [
        {
          "rel": "System.LinkTypes.Hierarchy-Forward",
          "url": "https://dev.azure.com/contososhuttle/_apis/wit/workItems/17",
          "attributes": {
            "isLocked": "false",
            "comment": "Making a new link for the dependency"
          }
        },
        {
          "rel": "System.LinkTypes.Hierarchy-Forward",
          "url": "https://dev.azure.com/contososhuttle/_apis/wit/workItems/16",
          "attributes": {
            "isLocked": "false",
            "comment": "Making a new link for the dependency"
          }
        },
        {
          "rel": "System.LinkTypes.Hierarchy-Forward",
          "url": "https://dev.azure.com/contososhuttle/_apis/wit/workItems/19",
          "attributes": {
            "isLocked": "false",
            "comment": "Making a new link for the dependency"
          }
        },
        {
          "rel": "System.LinkTypes.Hierarchy-Forward",
          "url": "https://dev.azure.com/contososhuttle/_apis/wit/workItems/18",
          "attributes": {
            "isLocked": "false",
            "comment": "Making a new link for the dependency"
          }
        }
      ],
      "url": "https://dev.azure.com/contososhuttle/_apis/wit/workItems/8"
    },
    {
      "id": 6,
      "rev": 2,
      "fields": {
        "System.AreaPath": "ContosoShuttle",
        "System.TeamProject": "ContosoShuttle",
        "System.IterationPath": "ContosoShuttle\\Sprint 2",
        "System.WorkItemType": "Product Backlog Item",
        "System.State": "New",
        "System.Reason": "New backlog item",
        "System.CreatedDate": "2018-08-20T20:39:44.713Z",
        "System.CreatedBy": "David Svab (Infosys Ltd) <v-dasvab@microsoft.com>",
        "System.ChangedDate": "2018-10-19T16:16:49.35Z",
        "System.ChangedBy": "David Svab (Infosys Ltd) <v-dasvab@microsoft.com>",
        "System.Title": "Show when shuttle is fully booked",
        "Microsoft.VSTS.Scheduling.Effort": 0.0,
        "System.Description": "Show when shuttle is fully booked",
        "System.AssignedTo": "nmunger109@outlook.com",
        "Microsoft.VSTS.Scheduling.RemainingWork": 0.0,
        "Microsoft.VSTS.Common.Priority": 2.0,
        "System.BoardLane": null,
        "System.Tags": null,
        "Microsoft.VSTS.TCM.Steps": null,
        "Microsoft.VSTS.TCM.Parameters": null,
        "Microsoft.VSTS.TCM.LocalDataSource": null,
        "Microsoft.VSTS.TCM.AutomationStatus": null,
        "System.History": null
      },
      "relations": null,
      "url": "https://dev.azure.com/contososhuttle/_apis/wit/workItems/6"
    },
    {
      "id": 5,
      "rev": 2,
      "fields": {
        "System.AreaPath": "ContosoShuttle",
        "System.TeamProject": "ContosoShuttle",
        "System.IterationPath": "ContosoShuttle\\Sprint 2",
        "System.WorkItemType": "Product Backlog Item",
        "System.State": "New",
        "System.Reason": "New backlog item",
        "System.CreatedDate": "2018-08-20T20:39:44.433Z",
        "System.CreatedBy": "David Svab (Infosys Ltd) <v-dasvab@microsoft.com>",
        "System.ChangedDate": "2018-10-19T16:16:49.35Z",
        "System.ChangedBy": "David Svab (Infosys Ltd) <v-dasvab@microsoft.com>",
        "System.Title": "Add shuttle bookings",
        "Microsoft.VSTS.Scheduling.Effort": 0.0,
        "System.Description": "Add shuttle bookings",
        "System.AssignedTo": "lsteel109@outlook.com",
        "Microsoft.VSTS.Scheduling.RemainingWork": 0.0,
        "Microsoft.VSTS.Common.Priority": 2.0,
        "System.BoardLane": null,
        "System.Tags": null,
        "Microsoft.VSTS.TCM.Steps": null,
        "Microsoft.VSTS.TCM.Parameters": null,
        "Microsoft.VSTS.TCM.LocalDataSource": null,
        "Microsoft.VSTS.TCM.AutomationStatus": null,
        "System.History": null
      },
      "relations": null,
      "url": "https://dev.azure.com/contososhuttle/_apis/wit/workItems/5"
    },
    {
      "id": 4,
      "rev": 2,
      "fields": {
        "System.AreaPath": "ContosoShuttle",
        "System.TeamProject": "ContosoShuttle",
        "System.IterationPath": "ContosoShuttle\\Sprint 2",
        "System.WorkItemType": "Product Backlog Item",
        "System.State": "New",
        "System.Reason": "New backlog item",
        "System.CreatedDate": "2018-08-20T20:39:44.247Z",
        "System.CreatedBy": "David Svab (Infosys Ltd) <v-dasvab@microsoft.com>",
        "System.ChangedDate": "2018-10-19T16:16:49.35Z",
        "System.ChangedBy": "David Svab (Infosys Ltd) <v-dasvab@microsoft.com>",
        "System.Title": "Add reminder notifications",
        "Microsoft.VSTS.Scheduling.Effort": 0.0,
        "System.Description": "Add reminder notifications",
        "System.AssignedTo": "ckelly109@outlook.com",
        "Microsoft.VSTS.Scheduling.RemainingWork": 0.0,
        "Microsoft.VSTS.Common.Priority": 2.0,
        "System.BoardLane": null,
        "System.Tags": null,
        "Microsoft.VSTS.TCM.Steps": null,
        "Microsoft.VSTS.TCM.Parameters": null,
        "Microsoft.VSTS.TCM.LocalDataSource": null,
        "Microsoft.VSTS.TCM.AutomationStatus": null,
        "System.History": null
      },
      "relations": null,
      "url": "https://dev.azure.com/contososhuttle/_apis/wit/workItems/4"
    },
    {
      "id": 3,
      "rev": 2,
      "fields": {
        "System.AreaPath": "ContosoShuttle",
        "System.TeamProject": "ContosoShuttle",
        "System.IterationPath": "ContosoShuttle\\Sprint 2",
        "System.WorkItemType": "Product Backlog Item",
        "System.State": "New",
        "System.Reason": "New backlog item",
        "System.CreatedDate": "2018-08-20T20:39:44.103Z",
        "System.CreatedBy": "David Svab (Infosys Ltd) <v-dasvab@microsoft.com>",
        "System.ChangedDate": "2018-10-19T16:16:49.35Z",
        "System.ChangedBy": "David Svab (Infosys Ltd) <v-dasvab@microsoft.com>",
        "System.Title": "Add user favourites",
        "Microsoft.VSTS.Scheduling.Effort": 0.0,
        "System.Description": "Add user favourites",
        "System.AssignedTo": "nmunger109@outlook.com",
        "Microsoft.VSTS.Scheduling.RemainingWork": 0.0,
        "Microsoft.VSTS.Common.Priority": 2.0,
        "System.BoardLane": null,
        "System.Tags": null,
        "Microsoft.VSTS.TCM.Steps": null,
        "Microsoft.VSTS.TCM.Parameters": null,
        "Microsoft.VSTS.TCM.LocalDataSource": null,
        "Microsoft.VSTS.TCM.AutomationStatus": null,
        "System.History": null
      },
      "relations": null,
      "url": "https://dev.azure.com/contososhuttle/_apis/wit/workItems/3"
    },
    {
      "id": 2,
      "rev": 2,
      "fields": {
        "System.AreaPath": "ContosoShuttle",
        "System.TeamProject": "ContosoShuttle",
        "System.IterationPath": "ContosoShuttle\\Sprint 2",
        "System.WorkItemType": "Product Backlog Item",
        "System.State": "New",
        "System.Reason": "New backlog item",
        "System.CreatedDate": "2018-08-20T20:39:43.933Z",
        "System.CreatedBy": "David Svab (Infosys Ltd) <v-dasvab@microsoft.com>",
        "System.ChangedDate": "2018-10-19T16:16:49.35Z",
        "System.ChangedBy": "David Svab (Infosys Ltd) <v-dasvab@microsoft.com>",
        "System.Title": "Create user login",
        "Microsoft.VSTS.Scheduling.Effort": 0.0,
        "System.Description": "Create user login",
        "System.AssignedTo": "nmunger109@outlook.com",
        "Microsoft.VSTS.Scheduling.RemainingWork": 0.0,
        "Microsoft.VSTS.Common.Priority": 2.0,
        "System.BoardLane": null,
        "System.Tags": null,
        "Microsoft.VSTS.TCM.Steps": null,
        "Microsoft.VSTS.TCM.Parameters": null,
        "Microsoft.VSTS.TCM.LocalDataSource": null,
        "Microsoft.VSTS.TCM.AutomationStatus": null,
        "System.History": null
      },
      "relations": null,
      "url": "https://dev.azure.com/contososhuttle/_apis/wit/workItems/2"
    },
    {
      "id": 1,
      "rev": 2,
      "fields": {
        "System.AreaPath": "ContosoShuttle",
        "System.TeamProject": "ContosoShuttle",
        "System.IterationPath": "ContosoShuttle\\Sprint 2",
        "System.WorkItemType": "Product Backlog Item",
        "System.State": "New",
        "System.Reason": "New backlog item",
        "System.CreatedDate": "2018-08-20T20:39:43.59Z",
        "System.CreatedBy": "David Svab (Infosys Ltd) <v-dasvab@microsoft.com>",
        "System.ChangedDate": "2018-10-19T16:16:49.35Z",
        "System.ChangedBy": "David Svab (Infosys Ltd) <v-dasvab@microsoft.com>",
        "System.Title": "Create user sign up section",
        "Microsoft.VSTS.Scheduling.Effort": 0.0,
        "System.Description": "Create user sign up section",
        "System.AssignedTo": "craig109@outlook.com",
        "Microsoft.VSTS.Scheduling.RemainingWork": 0.0,
        "Microsoft.VSTS.Common.Priority": 2.0,
        "System.BoardLane": null,
        "System.Tags": null,
        "Microsoft.VSTS.TCM.Steps": null,
        "Microsoft.VSTS.TCM.Parameters": null,
        "Microsoft.VSTS.TCM.LocalDataSource": null,
        "Microsoft.VSTS.TCM.AutomationStatus": null,
        "System.History": null
      },
      "relations": null,
      "url": "https://dev.azure.com/contososhuttle/_apis/wit/workItems/1"
    }
  ],
  "HttpStatusCode": 0,
  "Message": null
}