{
  "count": 10,
  "value": [
    {
      "id": 21,
      "rev": 1,
      "fields": {
        "System.AreaPath": "ContosoShuttle",
        "System.TeamProject": "ContosoShuttle",
        "System.IterationPath": "ContosoShuttle\\Sprint 2",
        "System.WorkItemType": "Task",
        "System.State": "Done",
        "System.Reason": "Work finished",
        "System.CreatedDate": "2018-08-20T20:39:46.933Z",
        "System.CreatedBy": "David Svab (Infosys Ltd) <v-dasvab@microsoft.com>",
        "System.ChangedDate": "2018-08-20T20:39:46.933Z",
        "System.ChangedBy": "David Svab (Infosys Ltd) <v-dasvab@microsoft.com>",
        "System.Title": "Add destination links to home page",
        "Microsoft.VSTS.Scheduling.Effort": 0.0,
        "System.Description": "Add destination links to home page",
        "System.AssignedTo": "ckelly109@outlook.com",
        "Microsoft.VSTS.Scheduling.RemainingWork": 0.0,
        "Microsoft.VSTS.Common.Priority": 2.0,
        "System.BoardLane": null,
        "System.Tags": null,
        "Microsoft.VSTS.TCM.Steps": null,
        "Microsoft.VSTS.TCM.Parameters": null,
        "Microsoft.VSTS.TCM.LocalDataSource": null,
        "Microsoft.VSTS.TCM.AutomationStatus": null,
        "System.History": null
      },
      "relations": null,
      "url": "https://dev.azure.com/contososhuttle/_apis/wit/workItems/21"
    },
    {
      "id": 20,
      "rev": 1,
      "fields": {
        "System.AreaPath": "ContosoShuttle",
        "System.TeamProject": "ContosoShuttle",
        "System.IterationPath": "ContosoShuttle\\Sprint 2",
        "System.WorkItemType": "Task",
        "System.State": "Done",
        "System.Reason": "Work finished",
        "System.CreatedDate": "2018-08-20T20:39:46.777Z",
        "System.CreatedBy": "David Svab (Infosys Ltd) <v-dasvab@microsoft.com>",
        "System.ChangedDate": "2018-08-20T20:39:46.777Z",
        "System.ChangedBy": "David Svab (Infosys Ltd) <v-dasvab@microsoft.com>",
        "System.Title": "Enable filtering on schedules page",
        "Microsoft.VSTS.Scheduling.Effort": 0.0,
        "System.Description": "Enable filtering on schedules page",
        "System.AssignedTo": "lsteel109@outlook.com",
        "Microsoft.VSTS.Scheduling.RemainingWork": 0.0,
        "Microsoft.VSTS.Common.Priority": 2.0,
        "System.BoardLane": null,
        "System.Tags": null,
        "Microsoft.VSTS.TCM.Steps": null,
        "Microsoft.VSTS.TCM.Parameters": null,
        "Microsoft.VSTS.TCM.LocalDataSource": null,
        "Microsoft.VSTS.TCM.AutomationStatus": null,
        "System.History": null
      },
      "relations": null,
      "url": "https://dev.azure.com/contososhuttle/_apis/wit/workItems/20"
    },
    {
      "id": 19,
      "rev": 1,
      "fields": {
        "System.AreaPath": "ContosoShuttle",
        "System.TeamProject": "ContosoShuttle",
        "System.IterationPath": "ContosoShuttle\\Sprint 2",
        "System.WorkItemType": "Task",
        "System.State": "Done",
        "System.Reason": "Work finished",
        "System.CreatedDate": "2018-08-20T20:39:46.65Z",
        "System.CreatedBy": "David Svab (Infosys Ltd) <v-dasvab@microsoft.com>",
        "System.ChangedDate": "2018-08-20T20:39:46.65Z",
        "System.ChangedBy": "David Svab (Infosys Ltd) <v-dasvab@microsoft.com>",
        "System.Title": "Add link on home page to view schedules",
        "Microsoft.VSTS.Scheduling.Effort": 0.0,
        "System.Description": "Add link on home page to view schedules",
        "System.AssignedTo": "craig109@outlook.com",
        "Microsoft.VSTS.Scheduling.RemainingWork": 0.0,
        "Microsoft.VSTS.Common.Priority": 2.0,
        "System.BoardLane": null,
        "System.Tags": null,
        "Microsoft.VSTS.TCM.Steps": null,
        "Microsoft.VSTS.TCM.Parameters": null,
        "Microsoft.VSTS.TCM.LocalDataSource": null,
        "Microsoft.VSTS.TCM.AutomationStatus": null,
        "System.History": null
      },
      "relations": [
        {
          "rel": "System.LinkTypes.Hierarchy-Reverse",
          "url": "https://dev.azure.com/contososhuttle/_apis/wit/workItems/8",
          "attributes": {
            "isLocked": "false",
            "comment": "Making a new link for the dependency"
          }
        }
      ],
      "url": "https://dev.azure.com/contososhuttle/_apis/wit/workItems/19"
    },
    {
      "id": 18,
      "rev": 1,
      "fields": {
        "System.AreaPath": "ContosoShuttle",
        "System.TeamProject": "ContosoShuttle",
        "System.IterationPath": "ContosoShuttle\\Sprint 2",
        "System.WorkItemType": "Task",
        "System.State": "Done",
        "System.Reason": "Work finished",
        "System.CreatedDate": "2018-08-20T20:39:46.527Z",
        "System.CreatedBy": "David Svab (Infosys Ltd) <v-dasvab@microsoft.com>",
        "System.ChangedDate": "2018-08-20T20:39:46.527Z",
        "System.ChangedBy": "David Svab (Infosys Ltd) <v-dasvab@microsoft.com>",
        "System.Title": "Add navigation to schedules page in header",
        "Microsoft.VSTS.Scheduling.Effort": 0.0,
        "System.Description": "Add navigation to schedules page in header",
        "System.AssignedTo": "ckelly109@outlook.com",
        "Microsoft.VSTS.Scheduling.RemainingWork": 0.0,
        "Microsoft.VSTS.Common.Priority": 2.0,
        "System.BoardLane": null,
        "System.Tags": null,
        "Microsoft.VSTS.TCM.Steps": null,
        "Microsoft.VSTS.TCM.Parameters": null,
        "Microsoft.VSTS.TCM.LocalDataSource": null,
        "Microsoft.VSTS.TCM.AutomationStatus": null,
        "System.History": null
      },
      "relations": [
        {
          "rel": "System.LinkTypes.Hierarchy-Reverse",
          "url": "https://dev.azure.com/contososhuttle/_apis/wit/workItems/8",
          "attributes": {
            "isLocked": "false",
            "comment": "Making a new link for the dependency"
          }
        }
      ],
      "url": "https://dev.azure.com/contososhuttle/_apis/wit/workItems/18"
    },
    {
      "id": 17,
      "rev": 1,
      "fields": {
        "System.AreaPath": "ContosoShuttle",
        "System.TeamProject": "ContosoShuttle",
        "System.IterationPath": "ContosoShuttle\\Sprint 2",
        "System.WorkItemType": "Task",
        "System.State": "Done",
        "System.Reason": "Work finished",
        "System.CreatedDate": "2018-08-20T20:39:46.387Z",
        "System.CreatedBy": "David Svab (Infosys Ltd) <v-dasvab@microsoft.com>",
        "System.ChangedDate": "2018-08-20T20:39:46.387Z",
        "System.ChangedBy": "David Svab (Infosys Ltd) <v-dasvab@microsoft.com>",
        "System.Title": "Create schedules page",
        "Microsoft.VSTS.Scheduling.Effort": 0.0,
        "System.Description": "Create schedules page",
        "System.AssignedTo": "nmunger109@outlook.com",
        "Microsoft.VSTS.Scheduling.RemainingWork": 0.0,
        "Microsoft.VSTS.Common.Priority": 2.0,
        "System.BoardLane": null,
        "System.Tags": null,
        "Microsoft.VSTS.TCM.Steps": null,
        "Microsoft.VSTS.TCM.Parameters": null,
        "Microsoft.VSTS.TCM.LocalDataSource": null,
        "Microsoft.VSTS.TCM.AutomationStatus": null,
        "System.History": null
      },
      "relations": [
        {
          "rel": "System.LinkTypes.Hierarchy-Reverse",
          "url": "https://dev.azure.com/contososhuttle/_apis/wit/workItems/8",
          "attributes": {
            "isLocked": "false",
            "comment": "Making a new link for the dependency"
          }
        }
      ],
      "url": "https://dev.azure.com/contososhuttle/_apis/wit/workItems/17"
    },
    {
      "id": 16,
      "rev": 1,
      "fields": {
        "System.AreaPath": "ContosoShuttle",
        "System.TeamProject": "ContosoShuttle",
        "System.IterationPath": "ContosoShuttle\\Sprint 2",
        "System.WorkItemType": "Task",
        "System.State": "Done",
        "System.Reason": "Work finished",
        "System.CreatedDate": "2018-08-20T20:39:46.2Z",
        "System.CreatedBy": "David Svab (Infosys Ltd) <v-dasvab@microsoft.com>",
        "System.ChangedDate": "2018-08-20T20:39:46.2Z",
        "System.ChangedBy": "David Svab (Infosys Ltd) <v-dasvab@microsoft.com>",
        "System.Title": "Create home page",
        "Microsoft.VSTS.Scheduling.Effort": 0.0,
        "System.Description": "Create home page",
        "System.AssignedTo": "lsteel109@outlook.com",
        "Microsoft.VSTS.Scheduling.RemainingWork": 0.0,
        "Microsoft.VSTS.Common.Priority": 2.0,
        "System.BoardLane": null,
        "System.Tags": null,
        "Microsoft.VSTS.TCM.Steps": null,
        "Microsoft.VSTS.TCM.Parameters": null,
        "Microsoft.VSTS.TCM.LocalDataSource": null,
        "Microsoft.VSTS.TCM.AutomationStatus": null,
        "System.History": null
      },
      "relations": [
        {
          "rel": "System.LinkTypes.Hierarchy-Reverse",
          "url": "https://dev.azure.com/contososhuttle/_apis/wit/workItems/8",
          "attributes": {
            "isLocked": "false",
            "comment": "Making a new link for the dependency"
          }
        }
      ],
      "url": "https://dev.azure.com/contososhuttle/_apis/wit/workItems/16"
    },
    {
      "id": 15,
      "rev": 1,
      "fields": {
        "System.AreaPath": "ContosoShuttle",
        "System.TeamProject": "ContosoShuttle",
        "System.IterationPath": "ContosoShuttle\\Sprint 2",
        "System.WorkItemType": "Task",
        "System.State": "To Do",
        "System.Reason": "New task",
        "System.CreatedDate": "2018-08-20T20:39:46.073Z",
        "System.CreatedBy": "David Svab (Infosys Ltd) <v-dasvab@microsoft.com>",
        "System.ChangedDate": "2018-08-20T20:39:46.073Z",
        "System.ChangedBy": "David Svab (Infosys Ltd) <v-dasvab@microsoft.com>",
        "System.Title": "Initialize repo using Key Vault secret",
        "Microsoft.VSTS.Scheduling.Effort": 0.0,
        "System.Description": "Initialize repo using Key Vault secret",
        "System.AssignedTo": "nmunger109@outlook.com",
        "Microsoft.VSTS.Scheduling.RemainingWork": 0.0,
        "Microsoft.VSTS.Common.Priority": 2.0,
        "System.BoardLane": null,
        "System.Tags": null,
        "Microsoft.VSTS.TCM.Steps": null,
        "Microsoft.VSTS.TCM.Parameters": null,
        "Microsoft.VSTS.TCM.LocalDataSource": null,
        "Microsoft.VSTS.TCM.AutomationStatus": null,
        "System.History": null
      },
      "relations": null,
      "url": "https://dev.azure.com/contososhuttle/_apis/wit/workItems/15"
    },
    {
      "id": 14,
      "rev": 1,
      "fields": {
        "System.AreaPath": "ContosoShuttle",
        "System.TeamProject": "ContosoShuttle",
        "System.IterationPath": "ContosoShuttle\\Sprint 2",
        "System.WorkItemType": "Task",
        "System.State": "To Do",
        "System.Reason": "New task",
        "System.CreatedDate": "2018-08-20T20:39:45.933Z",
        "System.CreatedBy": "David Svab (Infosys Ltd) <v-dasvab@microsoft.com>",
        "System.ChangedDate": "2018-08-20T20:39:45.933Z",
        "System.ChangedBy": "David Svab (Infosys Ltd) <v-dasvab@microsoft.com>",
        "System.Title": "Create help page",
        "Microsoft.VSTS.Scheduling.Effort": 0.0,
        "System.Description": "Create help page",
        "System.AssignedTo": "nmunger109@outlook.com",
        "Microsoft.VSTS.Scheduling.RemainingWork": 0.0,
        "Microsoft.VSTS.Common.Priority": 2.0,
        "System.BoardLane": null,
        "System.Tags": null,
        "Microsoft.VSTS.TCM.Steps": null,
        "Microsoft.VSTS.TCM.Parameters": null,
        "Microsoft.VSTS.TCM.LocalDataSource": null,
        "Microsoft.VSTS.TCM.AutomationStatus": null,
        "System.History": null
      },
      "relations": [
        {
          "rel": "System.LinkTypes.Hierarchy-Reverse",
          "url": "https://dev.azure.com/contososhuttle/_apis/wit/workItems/10",
          "attributes": {
            "isLocked": "false",
            "comment": "Making a new link for the dependency"
          }
        }
      ],
      "url": "https://dev.azure.com/contososhuttle/_apis/wit/workItems/14"
    },
    {
      "id": 13,
      "rev": 1,
      "fields": {
        "System.AreaPath": "ContosoShuttle",
        "System.TeamProject": "ContosoShuttle",
        "System.IterationPath": "ContosoShuttle\\Sprint 2",
        "System.WorkItemType": "Task",
        "System.State": "To Do",
        "System.Reason": "New task",
        "System.CreatedDate": "2018-08-20T20:39:45.777Z",
        "System.CreatedBy": "David Svab (Infosys Ltd) <v-dasvab@microsoft.com>",
        "System.ChangedDate": "2018-08-20T20:39:45.777Z",
        "System.ChangedBy": "David Svab (Infosys Ltd) <v-dasvab@microsoft.com>",
        "System.Title": "Add link to top navigation",
        "Microsoft.VSTS.Scheduling.Effort": 0.0,
        "System.Description": "Add link to top navigation",
        "System.AssignedTo": "David Svab (Infosys Ltd) <v-dasvab@microsoft.com>",
        "Microsoft.VSTS.Scheduling.RemainingWork": 0.0,
        "Microsoft.VSTS.Common.Priority": 2.0,
        "System.BoardLane": null,
        "System.Tags": null,
        "Microsoft.VSTS.TCM.Steps": null,
        "Microsoft.VSTS.TCM.Parameters": null,
        "Microsoft.VSTS.TCM.LocalDataSource": null,
        "Microsoft.VSTS.TCM.AutomationStatus": null,
        "System.History": null
      },
      "relations": [
        {
          "rel": "System.LinkTypes.Hierarchy-Reverse",
          "url": "https://dev.azure.com/contososhuttle/_apis/wit/workItems/10",
          "attributes": {
            "isLocked": "false",
            "comment": "Making a new link for the dependency"
          }
        }
      ],
      "url": "https://dev.azure.com/contososhuttle/_apis/wit/workItems/13"
    },
    {
      "id": 12,
      "rev": 1,
      "fields": {
        "System.AreaPath": "ContosoShuttle",
        "System.TeamProject": "ContosoShuttle",
        "System.IterationPath": "ContosoShuttle\\Sprint 2",
        "System.WorkItemType": "Task",
        "System.State": "To Do",
        "System.Reason": "New task",
        "System.CreatedDate": "2018-08-20T20:39:45.603Z",
        "System.CreatedBy": "David Svab (Infosys Ltd) <v-dasvab@microsoft.com>",
        "System.ChangedDate": "2018-08-20T20:39:45.603Z",
        "System.ChangedBy": "David Svab (Infosys Ltd) <v-dasvab@microsoft.com>",
        "System.Title": "Add countdown timer to schedules page",
        "Microsoft.VSTS.Scheduling.Effort": 0.0,
        "System.Description": "Add countdown timer to schedules page",
        "System.AssignedTo": "craig109@outlook.com",
        "Microsoft.VSTS.Scheduling.RemainingWork": 0.0,
        "Microsoft.VSTS.Common.Priority": 2.0,
        "System.BoardLane": null,
        "System.Tags": null,
        "Microsoft.VSTS.TCM.Steps": null,
        "Microsoft.VSTS.TCM.Parameters": null,
        "Microsoft.VSTS.TCM.LocalDataSource": null,
        "Microsoft.VSTS.TCM.AutomationStatus": null,
        "System.History": null
      },
      "relations": [
        {
          "rel": "System.LinkTypes.Hierarchy-Reverse",
          "url": "https://dev.azure.com/contososhuttle/_apis/wit/workItems/11",
          "attributes": {
            "isLocked": "false",
            "comment": "Making a new link for the dependency"
          }
        }
      ],
      "url": "https://dev.azure.com/contososhuttle/_apis/wit/workItems/12"
    }
  ],
  "HttpStatusCode": 0,
  "Message": null
}