{
  "count": 7,
  "value": [
    {
      "id": 1,
      "rev": 5,
      "fields": {
        "System.AreaPath": "$ProjectName$",
        "System.TeamProject": "$ProjectName$",
        "System.IterationPath": "$ProjectName$",
        "System.WorkItemType": "Issue",
        "System.State": "Done",
        "System.Reason": "Completed",
        "System.CreatedDate": "2019-05-22T21:16:23.937Z",
        "System.CreatedBy": "jmdemo.devops <jmdemo.devops@gmail.com>",
        "System.ChangedDate": "2019-05-28T15:33:10.07Z",
        "System.ChangedBy": "jmdemo.devops <jmdemo.devops@gmail.com>",
        "System.Title": "Stabilize the build server",
        "Microsoft.VSTS.Scheduling.Effort": 0.0,
        "System.Description": "<div><span><span style=\"display:inline !important;background-color:rgb(255, 255, 255);color:rgb(0, 0, 0);font-family:Segoe UI,SegoeUI,Segoe WP,Helvetica Neue,Helvetica,Tahoma,Arial,sans-serif;font-size:16px;\">The build server keeps falling over. The OS, Ubuntu 16.04, requires security patches and updates. It's also a challenge to keep build tools and other software up to date</span><br></span></div>",
        "System.AssignedTo": null,
        "Microsoft.VSTS.Scheduling.RemainingWork": 0.0,
        "Microsoft.VSTS.Common.Priority": 2.0,
        "System.BoardLane": null,
        "System.Tags": null,
        "Microsoft.VSTS.TCM.Steps": null,
        "Microsoft.VSTS.TCM.Parameters": null,
        "Microsoft.VSTS.TCM.LocalDataSource": null,
        "Microsoft.VSTS.TCM.AutomationStatus": null,
        "System.History": null
      },
      "relations": null,
      "url": "https://dev.azure.com/Tailspin4444/_apis/wit/workItems/1"
    },
    {
      "id": 2,
      "rev": 5,
      "fields": {
        "System.AreaPath": "$ProjectName$",
        "System.TeamProject": "$ProjectName$",
        "System.IterationPath": "$ProjectName$",
        "System.WorkItemType": "Issue",
        "System.State": "To Do",
        "System.Reason": "Added to backlog",
        "System.CreatedDate": "2019-05-22T21:17:31.133Z",
        "System.CreatedBy": "jmdemo.devops <jmdemo.devops@gmail.com>",
        "System.ChangedDate": "2019-05-24T20:26:56.667Z",
        "System.ChangedBy": "jmdemo.devops <jmdemo.devops@gmail.com>",
        "System.Title": "Create a Git-based workflow",
        "Microsoft.VSTS.Scheduling.Effort": 0.0,
        "System.Description": "<div><span><span style=\"display:inline !important;background-color:rgb(255, 255, 255);color:rgb(0, 0, 0);font-family:Segoe UI,SegoeUI,Segoe WP,Helvetica Neue,Helvetica,Tahoma,Arial,sans-serif;font-size:13.93px;\">Migrate source code to GitHub and define how we'll collaborate</span><br></span></div>",
        "System.AssignedTo": null,
        "Microsoft.VSTS.Scheduling.RemainingWork": 0.0,
        "Microsoft.VSTS.Common.Priority": 2.0,
        "System.BoardLane": null,
        "System.Tags": null,
        "Microsoft.VSTS.TCM.Steps": null,
        "Microsoft.VSTS.TCM.Parameters": null,
        "Microsoft.VSTS.TCM.LocalDataSource": null,
        "Microsoft.VSTS.TCM.AutomationStatus": null,
        "System.History": null
      },
      "relations": null,
      "url": "https://dev.azure.com/Tailspin4444/_apis/wit/workItems/2"
    },
    {
      "id": 3,
      "rev": 4,
      "fields": {
        "System.AreaPath": "$ProjectName$",
        "System.TeamProject": "$ProjectName$",
        "System.IterationPath": "$ProjectName$",
        "System.WorkItemType": "Issue",
        "System.State": "To Do",
        "System.Reason": "Added to backlog",
        "System.CreatedDate": "2019-05-22T21:18:10.95Z",
        "System.CreatedBy": "jmdemo.devops <jmdemo.devops@gmail.com>",
        "System.ChangedDate": "2019-05-24T20:27:18.37Z",
        "System.ChangedBy": "jmdemo.devops <jmdemo.devops@gmail.com>",
        "System.Title": "Create unit tests",
        "Microsoft.VSTS.Scheduling.Effort": 0.0,
        "System.Description": "<div><span><span style=\"display:inline !important;background-color:rgb(255, 255, 255);color:rgb(0, 0, 0);font-family:Segoe UI,SegoeUI,Segoe WP,Helvetica Neue,Helvetica,Tahoma,Arial,sans-serif;font-size:13.93px;\">Add unit tests to the project so help minimize regression bugs</span><br></span></div>",
        "System.AssignedTo": null,
        "Microsoft.VSTS.Scheduling.RemainingWork": 0.0,
        "Microsoft.VSTS.Common.Priority": 2.0,
        "System.BoardLane": null,
        "System.Tags": null,
        "Microsoft.VSTS.TCM.Steps": null,
        "Microsoft.VSTS.TCM.Parameters": null,
        "Microsoft.VSTS.TCM.LocalDataSource": null,
        "Microsoft.VSTS.TCM.AutomationStatus": null,
        "System.History": null
      },
      "relations": null,
      "url": "https://dev.azure.com/Tailspin4444/_apis/wit/workItems/3"
    },
    {
      "id": 4,
      "rev": 5,
      "fields": {
        "System.AreaPath": "$ProjectName$",
        "System.TeamProject": "$ProjectName$",
        "System.IterationPath": "$ProjectName$",
        "System.WorkItemType": "Issue",
        "System.State": "To Do",
        "System.Reason": "Added to backlog",
        "System.CreatedDate": "2019-05-22T21:21:13.077Z",
        "System.CreatedBy": "jmdemo.devops <jmdemo.devops@gmail.com>",
        "System.ChangedDate": "2019-05-24T20:26:43.46Z",
        "System.ChangedBy": "jmdemo.devops <jmdemo.devops@gmail.com>",
        "System.Title": "Check code for vulnerabilities",
        "Microsoft.VSTS.Scheduling.Effort": 0.0,
        "System.Description": "<div><span>Scan our code for vulnerabilities and code smells</span></div>",
        "System.AssignedTo": null,
        "Microsoft.VSTS.Scheduling.RemainingWork": 0.0,
        "Microsoft.VSTS.Common.Priority": 2.0,
        "System.BoardLane": null,
        "System.Tags": null,
        "Microsoft.VSTS.TCM.Steps": null,
        "Microsoft.VSTS.TCM.Parameters": null,
        "Microsoft.VSTS.TCM.LocalDataSource": null,
        "Microsoft.VSTS.TCM.AutomationStatus": null,
        "System.History": null
      },
      "relations": null,
      "url": "https://dev.azure.com/Tailspin4444/_apis/wit/workItems/4"
    },
    {
      "id": 5,
      "rev": 4,
      "fields": {
        "System.AreaPath": "$ProjectName$",
        "System.TeamProject": "$ProjectName$",
        "System.IterationPath": "$ProjectName$",
        "System.WorkItemType": "Issue",
        "System.State": "To Do",
        "System.Reason": "Added to backlog",
        "System.CreatedDate": "2019-05-22T21:22:36.157Z",
        "System.CreatedBy": "jmdemo.devops <jmdemo.devops@gmail.com>",
        "System.ChangedDate": "2019-05-24T20:26:28.987Z",
        "System.ChangedBy": "jmdemo.devops <jmdemo.devops@gmail.com>",
        "System.Title": "Check open source code for vulnerabilities and licensing terms",
        "Microsoft.VSTS.Scheduling.Effort": 0.0,
        "System.Description": null,
        "System.AssignedTo": null,
        "Microsoft.VSTS.Scheduling.RemainingWork": 0.0,
        "Microsoft.VSTS.Common.Priority": 2.0,
        "System.BoardLane": null,
        "System.Tags": null,
        "Microsoft.VSTS.TCM.Steps": null,
        "Microsoft.VSTS.TCM.Parameters": null,
        "Microsoft.VSTS.TCM.LocalDataSource": null,
        "Microsoft.VSTS.TCM.AutomationStatus": null,
        "System.History": null
      },
      "relations": null,
      "url": "https://dev.azure.com/Tailspin4444/_apis/wit/workItems/5"
    },
    {
      "id": 6,
      "rev": 5,
      "fields": {
        "System.AreaPath": "$ProjectName$",
        "System.TeamProject": "$ProjectName$",
        "System.IterationPath": "$ProjectName$",
        "System.WorkItemType": "Issue",
        "System.State": "To Do",
        "System.Reason": "Added to backlog",
        "System.CreatedDate": "2019-05-22T21:42:50Z",
        "System.CreatedBy": "jmdemo.devops <jmdemo.devops@gmail.com>",
        "System.ChangedDate": "2019-05-24T20:26:05.913Z",
        "System.ChangedBy": "jmdemo.devops <jmdemo.devops@gmail.com>",
        "System.Title": "Move model data to its own package",
        "Microsoft.VSTS.Scheduling.Effort": 0.0,
        "System.Description": "<div><span>Package and share common Model code</span></div>",
        "System.AssignedTo": null,
        "Microsoft.VSTS.Scheduling.RemainingWork": 0.0,
        "Microsoft.VSTS.Common.Priority": 2.0,
        "System.BoardLane": null,
        "System.Tags": null,
        "Microsoft.VSTS.TCM.Steps": null,
        "Microsoft.VSTS.TCM.Parameters": null,
        "Microsoft.VSTS.TCM.LocalDataSource": null,
        "Microsoft.VSTS.TCM.AutomationStatus": null,
        "System.History": null
      },
      "relations": null,
      "url": "https://dev.azure.com/Tailspin4444/_apis/wit/workItems/6"
    },
    {
      "id": 7,
      "rev": 5,
      "fields": {
        "System.AreaPath": "$ProjectName$",
        "System.TeamProject": "$ProjectName$",
        "System.IterationPath": "$ProjectName$",
        "System.WorkItemType": "Issue",
        "System.State": "To Do",
        "System.Reason": "Added to backlog",
        "System.CreatedDate": "2019-05-22T21:43:52.77Z",
        "System.CreatedBy": "jmdemo.devops <jmdemo.devops@gmail.com>",
        "System.ChangedDate": "2019-05-24T20:25:46.887Z",
        "System.ChangedBy": "jmdemo.devops <jmdemo.devops@gmail.com>",
        "System.Title": "Investigate hosted vs private build servers",
        "Microsoft.VSTS.Scheduling.Effort": 0.0,
        "System.Description": "<div><span>Proof of concept for a private build server</span><span><br></span></div>",
        "System.AssignedTo": null,
        "Microsoft.VSTS.Scheduling.RemainingWork": 0.0,
        "Microsoft.VSTS.Common.Priority": 2.0,
        "System.BoardLane": null,
        "System.Tags": null,
        "Microsoft.VSTS.TCM.Steps": null,
        "Microsoft.VSTS.TCM.Parameters": null,
        "Microsoft.VSTS.TCM.LocalDataSource": null,
        "Microsoft.VSTS.TCM.AutomationStatus": null,
        "System.History": null
      },
      "relations": null,
      "url": "https://dev.azure.com/Tailspin4444/_apis/wit/workItems/7"
    }
  ],
  "HttpStatusCode": 0,
  "Message": null
}