{
  "count": 26,
  "value": [
    {
      "id": 63,
      "rev": 6,
      "fields": {
        "System.AreaPath": "AzureSentinelDeployment",
        "System.TeamProject": "AzureSentinelDeployment",
        "System.IterationPath": "$ProjectName$\\Iteration 2",
        "System.WorkItemType": "Task",
        "System.State": "New",
        "System.Reason": "New",
        "System.CreatedDate": "2020-05-19T19:11:07.187Z",
        "System.CreatedBy": "Cristhofer Munoz <crmuno@microsoft.com>",
        "System.ChangedDate": "2020-05-28T13:13:41.593Z",
        "System.ChangedBy": "Cristhofer Munoz <crmuno@microsoft.com>",
        "System.Title": "Connect - F5 BIG IP",
        "Microsoft.VSTS.Scheduling.Effort": 0.0,
        "System.Description": "<div><span style=\"font-family:&quot;Segoe UI&quot;, sans-serif;display:inline !important;\">This is a preloaded task, feel free to create or modify this task to reflect data ingest needs.</span><br></div><div><span style=\"font-family:&quot;Segoe UI&quot;, sans-serif;display:inline !important;\"><br></span></div><div><a href=\"https://docs.microsoft.com/en-us/azure/sentinel/connect-f5-big-ip\">https://docs.microsoft.com/en-us/azure/sentinel/connect-f5-big-ip</a><br></div>",
        "System.AssignedTo": null,
        "Microsoft.VSTS.Scheduling.RemainingWork": 0.0,
        "Microsoft.VSTS.Common.Priority": 2.0,
        "System.BoardLane": null,
        "System.Tags": null,
        "Microsoft.VSTS.TCM.Steps": null,
        "Microsoft.VSTS.TCM.Parameters": null,
        "Microsoft.VSTS.TCM.LocalDataSource": null,
        "Microsoft.VSTS.TCM.AutomationStatus": null,
        "System.History": null
      },
      "relations": [
        {
          "rel": "System.LinkTypes.Hierarchy-Reverse",
          "url": "https://dev.azure.com/crmuno/_apis/wit/workItems/55",
          "attributes": {
            "isLocked": "false",
            "name": "Parent"
          }
        }
      ],
      "url": "https://dev.azure.com/crmuno/_apis/wit/workItems/63"
    },
    {
      "id": 61,
      "rev": 6,
      "fields": {
        "System.AreaPath": "AzureSentinelDeployment",
        "System.TeamProject": "AzureSentinelDeployment",
        "System.IterationPath": "$ProjectName$\\Iteration 2",
        "System.WorkItemType": "Task",
        "System.State": "New",
        "System.Reason": "New",
        "System.CreatedDate": "2020-05-19T19:07:09.45Z",
        "System.CreatedBy": "Cristhofer Munoz <crmuno@microsoft.com>",
        "System.ChangedDate": "2020-05-28T13:13:51.94Z",
        "System.ChangedBy": "Cristhofer Munoz <crmuno@microsoft.com>",
        "System.Title": "Connect - Barracuda CloudGen Firewall",
        "Microsoft.VSTS.Scheduling.Effort": 0.0,
        "System.Description": "<div><span style=\"font-family:&quot;Segoe UI&quot;, sans-serif;display:inline !important;\">This is a preloaded task, feel free to create or modify this task to reflect data ingest needs.</span><br></div><div><span style=\"font-family:&quot;Segoe UI&quot;, sans-serif;display:inline !important;\"><br></span></div><div><a href=\"https://docs.microsoft.com/en-us/azure/sentinel/connect-barracuda-cloudgen-firewall\">https://docs.microsoft.com/en-us/azure/sentinel/connect-barracuda-cloudgen-firewall</a><br></div>",
        "System.AssignedTo": null,
        "Microsoft.VSTS.Scheduling.RemainingWork": 0.0,
        "Microsoft.VSTS.Common.Priority": 2.0,
        "System.BoardLane": null,
        "System.Tags": null,
        "Microsoft.VSTS.TCM.Steps": null,
        "Microsoft.VSTS.TCM.Parameters": null,
        "Microsoft.VSTS.TCM.LocalDataSource": null,
        "Microsoft.VSTS.TCM.AutomationStatus": null,
        "System.History": null
      },
      "relations": [
        {
          "rel": "System.LinkTypes.Hierarchy-Reverse",
          "url": "https://dev.azure.com/crmuno/_apis/wit/workItems/55",
          "attributes": {
            "isLocked": "false",
            "name": "Parent"
          }
        }
      ],
      "url": "https://dev.azure.com/crmuno/_apis/wit/workItems/61"
    },
    {
      "id": 59,
      "rev": 5,
      "fields": {
        "System.AreaPath": "AzureSentinelDeployment",
        "System.TeamProject": "AzureSentinelDeployment",
        "System.IterationPath": "$ProjectName$\\Iteration 2",
        "System.WorkItemType": "Task",
        "System.State": "New",
        "System.Reason": "New",
        "System.CreatedDate": "2020-05-19T18:37:23Z",
        "System.CreatedBy": "Cristhofer Munoz <crmuno@microsoft.com>",
        "System.ChangedDate": "2020-06-03T14:52:40.2Z",
        "System.ChangedBy": "Cristhofer Munoz <crmuno@microsoft.com>",
        "System.Title": "Connect - Forcepoint DLP",
        "Microsoft.VSTS.Scheduling.Effort": 0.0,
        "System.Description": "<div><div style=\"box-sizing:border-box;\"><span style=\"box-sizing:border-box;font-family:&quot;Segoe UI&quot;, sans-serif;display:inline !important;\">This is a preloaded task, feel free to create or modify this task to reflect data ingest needs.</span><br style=\"box-sizing:border-box;\"></div><br><br></div><div><a href=\"https://docs.microsoft.com/en-us/azure/sentinel/connect-forcepoint-dlp\">https://docs.microsoft.com/en-us/azure/sentinel/connect-forcepoint-dlp</a><br></div>",
        "System.AssignedTo": null,
        "Microsoft.VSTS.Scheduling.RemainingWork": 0.0,
        "Microsoft.VSTS.Common.Priority": 2.0,
        "System.BoardLane": null,
        "System.Tags": null,
        "Microsoft.VSTS.TCM.Steps": null,
        "Microsoft.VSTS.TCM.Parameters": null,
        "Microsoft.VSTS.TCM.LocalDataSource": null,
        "Microsoft.VSTS.TCM.AutomationStatus": null,
        "System.History": null
      },
      "relations": [
        {
          "rel": "System.LinkTypes.Hierarchy-Reverse",
          "url": "https://dev.azure.com/crmuno/_apis/wit/workItems/55",
          "attributes": {
            "isLocked": "false",
            "name": "Parent"
          }
        }
      ],
      "url": "https://dev.azure.com/crmuno/_apis/wit/workItems/59"
    },
    {
      "id": 64,
      "rev": 4,
      "fields": {
        "System.AreaPath": "AzureSentinelDeployment",
        "System.TeamProject": "AzureSentinelDeployment",
        "System.IterationPath": "$ProjectName$\\Iteration 2",
        "System.WorkItemType": "Task",
        "System.State": "New",
        "System.Reason": "New",
        "System.CreatedDate": "2020-05-19T19:21:13.147Z",
        "System.CreatedBy": "Cristhofer Munoz <crmuno@microsoft.com>",
        "System.ChangedDate": "2020-05-28T13:14:03.92Z",
        "System.ChangedBy": "Cristhofer Munoz <crmuno@microsoft.com>",
        "System.Title": "Connect - Symantec ICDX",
        "Microsoft.VSTS.Scheduling.Effort": 0.0,
        "System.Description": "<div><span style=\"font-family:&quot;Segoe UI&quot;, sans-serif;display:inline !important;\">This is a preloaded task, feel free to create or modify this task to reflect data ingest needs.</span><br></div><div><span style=\"font-family:&quot;Segoe UI&quot;, sans-serif;display:inline !important;\"><br></span></div><div><a href=\"https://docs.microsoft.com/en-us/azure/sentinel/connect-symantec\">https://docs.microsoft.com/en-us/azure/sentinel/connect-symantec</a><br></div>",
        "System.AssignedTo": null,
        "Microsoft.VSTS.Scheduling.RemainingWork": 0.0,
        "Microsoft.VSTS.Common.Priority": 2.0,
        "System.BoardLane": null,
        "System.Tags": null,
        "Microsoft.VSTS.TCM.Steps": null,
        "Microsoft.VSTS.TCM.Parameters": null,
        "Microsoft.VSTS.TCM.LocalDataSource": null,
        "Microsoft.VSTS.TCM.AutomationStatus": null,
        "System.History": null
      },
      "relations": [
        {
          "rel": "System.LinkTypes.Hierarchy-Reverse",
          "url": "https://dev.azure.com/crmuno/_apis/wit/workItems/55",
          "attributes": {
            "isLocked": "false",
            "name": "Parent"
          }
        }
      ],
      "url": "https://dev.azure.com/crmuno/_apis/wit/workItems/64"
    },
    {
      "id": 13,
      "rev": 22,
      "fields": {
        "System.AreaPath": "AzureSentinelDeployment",
        "System.TeamProject": "AzureSentinelDeployment",
        "System.IterationPath": "AzureSentinelDeployment",
        "System.WorkItemType": "Task",
        "System.State": "New",
        "System.Reason": "Moved to the backlog",
        "System.CreatedDate": "2020-05-11T19:08:58.567Z",
        "System.CreatedBy": "Cristhofer Munoz <crmuno@microsoft.com>",
        "System.ChangedDate": "2020-06-04T18:36:33.75Z",
        "System.ChangedBy": "Cristhofer Munoz <crmuno@microsoft.com>",
        "System.Title": "Review existing critical data sources",
        "Microsoft.VSTS.Scheduling.Effort": 0.0,
        "System.Description": "<div><span style=\"color:rgb(23, 23, 23);font-family:&quot;Segoe UI&quot;, SegoeUI, &quot;Segoe WP&quot;, &quot;Helvetica Neue&quot;, Helvetica, Tahoma, Arial, sans-serif;font-size:16px;display:inline !important;\"><span style=\"display:inline !important;\"></span></span></div><span style=\"font-family:&quot;Segoe UI&quot;, SegoeUI, &quot;Segoe WP&quot;, &quot;Helvetica Neue&quot;, Helvetica, Tahoma, Arial, sans-serif;display:inline !important;\">To on-board Azure Sentinel, you first need to connect to your data sources. It is imperative to review your existing critical sources to better understand the data collection requirements.&nbsp;</span><div><span style=\"font-family:&quot;Segoe UI&quot;, SegoeUI, &quot;Segoe WP&quot;, &quot;Helvetica Neue&quot;, Helvetica, Tahoma, Arial, sans-serif;display:inline !important;\"><br></span></div><div><span style=\"font-family:&quot;Segoe UI&quot;, SegoeUI, &quot;Segoe WP&quot;, &quot;Helvetica Neue&quot;, Helvetica, Tahoma, Arial, sans-serif;display:inline !important;\">Azure Sentinel comes with a number of connectors for Microsoft solutions, available out of the box and providing real-time integration, including Microsoft Threat Protection solutions, and Microsoft 365 sources, including Office 365, Azure AD, Azure ATP, and Microsoft Cloud App Security, and more. In addition, there are built-in connectors to the broader security ecosystem for non-Microsoft solutions. You can also use common event format, Syslog or REST-API to connect your data sources with Azure Sentinel as well.</span><div><br></div><div><a href=\"https://docs.microsoft.com/en-us/azure/sentinel/connect-data-sources\">https://docs.microsoft.com/en-us/azure/sentinel/connect-data-sources</a><br></div></div>",
        "System.AssignedTo": "Matthew Lowe <malowe@microsoft.com>",
        "Microsoft.VSTS.Scheduling.RemainingWork": 0.0,
        "Microsoft.VSTS.Common.Priority": 2.0,
        "System.BoardLane": null,
        "System.Tags": null,
        "Microsoft.VSTS.TCM.Steps": null,
        "Microsoft.VSTS.TCM.Parameters": null,
        "Microsoft.VSTS.TCM.LocalDataSource": null,
        "Microsoft.VSTS.TCM.AutomationStatus": null,
        "System.History": null
      },
      "relations": [
        {
          "rel": "System.LinkTypes.Hierarchy-Reverse",
          "url": "https://dev.azure.com/crmuno/_apis/wit/workItems/53",
          "attributes": {
            "isLocked": "false",
            "name": "Parent"
          }
        }
      ],
      "url": "https://dev.azure.com/crmuno/_apis/wit/workItems/13"
    },
    {
      "id": 41,
      "rev": 12,
      "fields": {
        "System.AreaPath": "AzureSentinelDeployment",
        "System.TeamProject": "AzureSentinelDeployment",
        "System.IterationPath": "AzureSentinelDeployment",
        "System.WorkItemType": "Task",
        "System.State": "New",
        "System.Reason": "New",
        "System.CreatedDate": "2020-05-11T19:20:46.82Z",
        "System.CreatedBy": "Cristhofer Munoz <crmuno@microsoft.com>",
        "System.ChangedDate": "2020-05-20T20:09:11.62Z",
        "System.ChangedBy": "Cristhofer Munoz <crmuno@microsoft.com>",
        "System.Title": "Connect - Azure Active Directory ",
        "Microsoft.VSTS.Scheduling.Effort": 0.0,
        "System.Description": "<div><p style=\"margin:0in 0in 8pt;font-size:11pt;font-family:Calibri, sans-serif;\"><span style=\"font-size:10.5pt;font-family:&quot;Segoe UI&quot;,sans-serif;color:black;background:white;\">This is a preloaded task,\nfeel free to create or modify this task to reflect data ingest needs.</span></p><p style=\"margin:0in 0in 8pt;font-size:11pt;font-family:Calibri, sans-serif;\"><span style=\"font-size:10.5pt;font-family:&quot;Segoe UI&quot;,sans-serif;color:black;background:white;\"><br></span></p><p style=\"margin:0in 0in 8pt;font-size:11pt;font-family:Calibri, sans-serif;\"><span style=\"font-size:10.5pt;font-family:&quot;Segoe UI&quot;,sans-serif;color:black;background:white;\"><p style=\"margin:0in 0in 8pt;font-size:11pt;font-family:Calibri, sans-serif;\"><span style=\"font-size:12.0pt;\">In Azure Sentinel, select <b>Data\nconnectors </b>and then click the <b>Azure AD </b>tile. </span></p><p style=\"margin:0in 0in 8pt;font-size:11pt;font-family:Calibri, sans-serif;\"><b><span style=\"font-size:12.0pt;\">Important: </span></b><span style=\"font-size:12.0pt;\">You must have an Azure P1 or P2 license to\nenable the Azure AD logs.</span></p><ol style=\"margin-bottom:0in;margin-top:0in;\" start=1 type=1>\n <li style=\"margin:0in 0in 8pt;font-size:11pt;font-family:Calibri, sans-serif;\"><span lang=EN-GB style=\"font-size:12.0pt;\">Click <b>Connect\n     </b>on the Azure logs you want to stream into Sentinel. </span><span style=\"font-size:12.0pt;\"></span></li>\n <li style=\"margin:0in 0in 8pt;font-size:11pt;font-family:Calibri, sans-serif;\"><span lang=EN-GB style=\"font-size:12.0pt;\">You will\n     have to login with an account that has Global Admin or Security Admin\n     permissions on the tenant.</span><span style=\"font-size:12.0pt;line-height:107%;\"></span></li></ol><br></span></p><span></span></div>",
        "System.AssignedTo": null,
        "Microsoft.VSTS.Scheduling.RemainingWork": 0.0,
        "Microsoft.VSTS.Common.Priority": 2.0,
        "System.BoardLane": null,
        "System.Tags": null,
        "Microsoft.VSTS.TCM.Steps": null,
        "Microsoft.VSTS.TCM.Parameters": null,
        "Microsoft.VSTS.TCM.LocalDataSource": null,
        "Microsoft.VSTS.TCM.AutomationStatus": null,
        "System.History": null
      },
      "relations": [
        {
          "rel": "System.LinkTypes.Hierarchy-Reverse",
          "url": "https://dev.azure.com/crmuno/_apis/wit/workItems/53",
          "attributes": {
            "isLocked": "false",
            "name": "Parent"
          }
        },
        {
          "rel": "AttachedFile",
          "url": "https://dev.azure.com/crmuno/_apis/wit/attachments/558b0790-5356-4ed9-87b1-de5145bffa2c",
          "attributes": {
            "authorizedDate": "2020-05-20T20:09:11.62Z",
            "id": "2813826",
            "resourceCreatedDate": "2020-05-20T20:09:09.03Z",
            "resourceModifiedDate": "2020-05-20T20:08:40.417Z",
            "revisedDate": "9999-01-01T00:00:00Z",
            "resourceSize": "465876",
            "name": "ConnectAAD.gif"
          }
        }
      ],
      "url": "https://dev.azure.com/crmuno/_apis/wit/workItems/41"
    },
    {
      "id": 72,
      "rev": 6,
      "fields": {
        "System.AreaPath": "AzureSentinelDeployment",
        "System.TeamProject": "AzureSentinelDeployment",
        "System.IterationPath": "$ProjectName$\\Iteration 2",
        "System.WorkItemType": "Task",
        "System.State": "New",
        "System.Reason": "New",
        "System.CreatedDate": "2020-05-20T15:18:08.273Z",
        "System.CreatedBy": "Cristhofer Munoz <crmuno@microsoft.com>",
        "System.ChangedDate": "2020-05-20T19:54:50.613Z",
        "System.ChangedBy": "Cristhofer Munoz <crmuno@microsoft.com>",
        "System.Title": "Connect - Azure ATP",
        "Microsoft.VSTS.Scheduling.Effort": 0.0,
        "System.Description": "<div><p style=\"margin:0in 0in 8pt;font-size:11pt;font-family:Calibri, sans-serif;\"><span style=\"font-size:10.5pt;font-family:&quot;Segoe UI&quot;,sans-serif;color:black;background:white;\">This is a preloaded task,\nfeel free to create or modify this task to reflect data ingest needs.</span></p><p style=\"margin:0in 0in 8pt;font-size:11pt;font-family:Calibri, sans-serif;\"><span style=\"font-size:12.0pt;\">In Azure Sentinel, select <b>Data\nconnectors </b>and then click the <b>Azure ATP </b>tile.</span></p><ol style=\"margin-bottom:0in;margin-top:0in;\" start=1 type=1>\n <li style=\"margin:0in 0in 8pt;font-size:11pt;font-family:Calibri, sans-serif;\"><span lang=EN-GB style=\"font-size:12.0pt;\">Click <b>Connect\n     </b>to stream the Alerts from Azure ATP into Sentinel.</span><span style=\"font-size:12.0pt;\"></span></li>\n <li style=\"margin:0in 0in 8pt;font-size:11pt;font-family:Calibri, sans-serif;\"><span lang=EN-GB style=\"font-size:12.0pt;\">You will\n     have to login with an account that has Global Admin or Security Admin\n     permissions on the tenant.</span><span style=\"font-size:12.0pt;line-height:107%;\"></span></li></ol><br></div>",
        "System.AssignedTo": null,
        "Microsoft.VSTS.Scheduling.RemainingWork": 0.0,
        "Microsoft.VSTS.Common.Priority": 2.0,
        "System.BoardLane": null,
        "System.Tags": null,
        "Microsoft.VSTS.TCM.Steps": null,
        "Microsoft.VSTS.TCM.Parameters": null,
        "Microsoft.VSTS.TCM.LocalDataSource": null,
        "Microsoft.VSTS.TCM.AutomationStatus": null,
        "System.History": null
      },
      "relations": [
        {
          "rel": "System.LinkTypes.Hierarchy-Reverse",
          "url": "https://dev.azure.com/crmuno/_apis/wit/workItems/53",
          "attributes": {
            "isLocked": "false",
            "name": "Parent"
          }
        },
        {
          "rel": "AttachedFile",
          "url": "https://dev.azure.com/crmuno/_apis/wit/attachments/64ca58eb-d351-41d6-a1d8-c762fa0b6602",
          "attributes": {
            "authorizedDate": "2020-05-20T19:54:50.613Z",
            "id": "2813820",
            "resourceCreatedDate": "2020-05-20T19:54:46.333Z",
            "resourceModifiedDate": "2020-05-20T19:54:08.303Z",
            "revisedDate": "9999-01-01T00:00:00Z",
            "resourceSize": "761998",
            "name": "ConnectAzureATP.gif"
          }
        }
      ],
      "url": "https://dev.azure.com/crmuno/_apis/wit/workItems/72"
    },
    {
      "id": 46,
      "rev": 12,
      "fields": {
        "System.AreaPath": "AzureSentinelDeployment",
        "System.TeamProject": "AzureSentinelDeployment",
        "System.IterationPath": "AzureSentinelDeployment",
        "System.WorkItemType": "Task",
        "System.State": "New",
        "System.Reason": "Work halted",
        "System.CreatedDate": "2020-05-19T13:50:31.18Z",
        "System.CreatedBy": "Cristhofer Munoz <crmuno@microsoft.com>",
        "System.ChangedDate": "2020-06-04T18:37:58.48Z",
        "System.ChangedBy": "Cristhofer Munoz <crmuno@microsoft.com>",
        "System.Title": "Connect - Azure Activity ",
        "Microsoft.VSTS.Scheduling.Effort": 0.0,
        "System.Description": "<p style=\"margin:0in 0in 8pt;font-size:11pt;font-family:Calibri, sans-serif;\"><span style=\"font-size:10.5pt;font-family:&quot;Segoe UI&quot;,sans-serif;color:black;background:white;\">This is a preloaded task,\nfeel free to create or modify this task to reflect data ingest needs.</span></p><p style=\"margin:0in 0in 8pt;font-size:11pt;font-family:Calibri, sans-serif;\"><span style=\"font-size:10.5pt;font-family:&quot;Segoe UI&quot;,sans-serif;color:black;background:white;\"><br></span></p><p style=\"margin:0in 0in 8pt;font-size:11pt;font-family:Calibri, sans-serif;\"><span style=\"font-size:10.5pt;font-family:&quot;Segoe UI&quot;,sans-serif;color:black;background:white;\"><p style=\"margin:0in 0in 8pt;font-size:11pt;font-family:Calibri, sans-serif;\"><span style=\"font-size:12.0pt;background:white;\">&nbsp;</span><span style=\"font-size:12pt;\">In Azure Sentinel, select </span><b style=\"font-size:12pt;\">Data\nconnectors </b><span style=\"font-size:12pt;\">and then click the </span><b style=\"font-size:12pt;\">Azure Activity </b><span style=\"font-size:12pt;\">tile.</span></p><ol style=\"margin-bottom:0in;margin-top:0in;\" start=1 type=1>\n <li style=\"margin:0in 0in 8pt;font-size:11pt;font-family:Calibri, sans-serif;\"><span style=\"font-size:12.0pt;\">In the Azure Activity log pane, Click <b>Select\n     Configure Azure Activity logs</b> then select the subscriptions you want\n     to stream into Sentinel.</span></li>\n <li style=\"margin:0in 0in 8pt;font-size:11pt;font-family:Calibri, sans-serif;\"><span style=\"font-size:12.0pt;\">Click <b>Connect</b>.</span></li></ol><br></span></p><br><br>",
        "System.AssignedTo": "Vandy Rodrigues <vandyr@microsoft.com>",
        "Microsoft.VSTS.Scheduling.RemainingWork": 0.0,
        "Microsoft.VSTS.Common.Priority": 2.0,
        "System.BoardLane": null,
        "System.Tags": null,
        "Microsoft.VSTS.TCM.Steps": null,
        "Microsoft.VSTS.TCM.Parameters": null,
        "Microsoft.VSTS.TCM.LocalDataSource": null,
        "Microsoft.VSTS.TCM.AutomationStatus": null,
        "System.History": null
      },
      "relations": [
        {
          "rel": "System.LinkTypes.Hierarchy-Reverse",
          "url": "https://dev.azure.com/crmuno/_apis/wit/workItems/53",
          "attributes": {
            "isLocked": "false",
            "name": "Parent"
          }
        },
        {
          "rel": "AttachedFile",
          "url": "https://dev.azure.com/crmuno/_apis/wit/attachments/9fb56d96-0ae6-494a-9669-ad29bda15aab",
          "attributes": {
            "authorizedDate": "2020-05-20T23:41:05.777Z",
            "id": "2813900",
            "resourceCreatedDate": "2020-05-20T23:40:59.313Z",
            "resourceModifiedDate": "2020-05-20T23:39:10.92Z",
            "revisedDate": "9999-01-01T00:00:00Z",
            "resourceSize": "651217",
            "name": "Activity.gif"
          }
        }
      ],
      "url": "https://dev.azure.com/crmuno/_apis/wit/workItems/46"
    },
    {
      "id": 44,
      "rev": 11,
      "fields": {
        "System.AreaPath": "AzureSentinelDeployment",
        "System.TeamProject": "AzureSentinelDeployment",
        "System.IterationPath": "AzureSentinelDeployment",
        "System.WorkItemType": "Task",
        "System.State": "New",
        "System.Reason": "New",
        "System.CreatedDate": "2020-05-19T13:25:49.203Z",
        "System.CreatedBy": "Cristhofer Munoz <crmuno@microsoft.com>",
        "System.ChangedDate": "2020-05-28T13:12:06.88Z",
        "System.ChangedBy": "Cristhofer Munoz <crmuno@microsoft.com>",
        "System.Title": " Connect - Azure Security Center ",
        "Microsoft.VSTS.Scheduling.Effort": 0.0,
        "System.Description": "<div><span style=\"display:inline !important;\"><p style=\"margin:0in 0in 8pt;font-size:11pt;font-family:Calibri, sans-serif;\"><span style=\"font-size:10.5pt;font-family:&quot;Segoe UI&quot;,sans-serif;color:black;background:white;\">This is a preloaded task,\nfeel free to create or modify this task to reflect data ingest needs.</span></p><p style=\"margin:0in 0in 8pt;font-size:11pt;font-family:Calibri, sans-serif;\"><span style=\"font-size:10.5pt;font-family:&quot;Segoe UI&quot;,sans-serif;color:black;background:white;\"><br></span></p></span><p style=\"margin:0in 0in 8pt;font-size:11pt;font-family:Calibri, sans-serif;\"><span style=\"font-size:12.0pt;\">In Azure Sentinel, select <b>Data\nconnectors </b>and then click the <b>Azure Security Center </b>tile.</span></p><ol style=\"margin-bottom:0in;margin-top:0in;\" start=1 type=1>\n <li style=\"margin:0in 0in 8pt;font-size:11pt;font-family:Calibri, sans-serif;\"><span lang=EN-GB style=\"font-size:12.0pt;\">Click <b>Connect\n     </b></span><span style=\"font-size:12.0pt;\">next to each subscription whose\n     alerts you want to stream into Sentinel.</span></li>\n <li style=\"margin:0in 0in 8pt;font-size:11pt;font-family:Calibri, sans-serif;\"><span lang=EN-GB style=\"font-size:12.0pt;\">You will\n     have to login with an account that has <i>Contributor permissions </i>on the\n     tenant.</span><span style=\"font-size:12.0pt;\"></span></li></ol><br></div>",
        "System.AssignedTo": null,
        "Microsoft.VSTS.Scheduling.RemainingWork": 0.0,
        "Microsoft.VSTS.Common.Priority": 2.0,
        "System.BoardLane": null,
        "System.Tags": null,
        "Microsoft.VSTS.TCM.Steps": null,
        "Microsoft.VSTS.TCM.Parameters": null,
        "Microsoft.VSTS.TCM.LocalDataSource": null,
        "Microsoft.VSTS.TCM.AutomationStatus": null,
        "System.History": null
      },
      "relations": [
        {
          "rel": "System.LinkTypes.Hierarchy-Reverse",
          "url": "https://dev.azure.com/crmuno/_apis/wit/workItems/53",
          "attributes": {
            "isLocked": "false",
            "name": "Parent"
          }
        }
      ],
      "url": "https://dev.azure.com/crmuno/_apis/wit/workItems/44"
    },
    {
      "id": 73,
      "rev": 4,
      "fields": {
        "System.AreaPath": "AzureSentinelDeployment",
        "System.TeamProject": "AzureSentinelDeployment",
        "System.IterationPath": "$ProjectName$\\Iteration 2",
        "System.WorkItemType": "Task",
        "System.State": "New",
        "System.Reason": "New",
        "System.CreatedDate": "2020-05-20T15:31:03.153Z",
        "System.CreatedBy": "Cristhofer Munoz <crmuno@microsoft.com>",
        "System.ChangedDate": "2020-05-28T13:12:26.157Z",
        "System.ChangedBy": "Cristhofer Munoz <crmuno@microsoft.com>",
        "System.Title": "Connect - Azure Identity Protection",
        "Microsoft.VSTS.Scheduling.Effort": 0.0,
        "System.Description": "<div style=\"margin-top:0px;margin-bottom:0px;margin-left:0in;text-align:left;unicode-bidi:embed;\"><div style=\"margin:0px 0in 10.6667px;font-size:11pt;font-family:Calibri, sans-serif;\"><b><span style=\"font-size:12.0pt;color:red;background:white;\"></span></b><span style=\"font-size:12pt;background:white;\"><span style=\"box-sizing:border-box;\"><p style=\"color:black;margin:0in 0in 8pt;font-size:11pt;\"><span style=\"font-size:12.0pt;\"><span style=\"font-family:&quot;Segoe UI&quot;, sans-serif;font-size:14px;text-align:start;display:inline !important;\">This is a preloaded task, feel free to create or modify this task to reflect data ingest needs.</span><br></span></p><p style=\"color:black;margin:0in 0in 8pt;font-size:11pt;\"><span style=\"font-size:12.0pt;\"><span style=\"font-family:&quot;Segoe UI&quot;, sans-serif;font-size:14px;text-align:start;display:inline !important;\"><br></span></span></p><p style=\"color:black;margin:0in 0in 8pt;font-size:11pt;\"><span style=\"font-size:12.0pt;\">In Azure Sentinel, select <b>Data\nconnectors </b>and then click the <b>Azure AD Identity Protection </b>tile.</span></p><p style=\"margin:0in 0in 8pt;font-size:11pt;\"><span style=\"color:black;\"><span style=\"font-size:12pt;\"><br></span></span></p><p style=\"margin:0in 0in 8pt;font-size:11pt;\"><span style=\"color:black;\"><span style=\"font-size:12pt;color:rgb(200, 38, 19);\">Important:</span><span style=\"font-weight:bold;font-size:12pt;\"> </span></span><span style=\"color:black;font-size:12pt;\">You must have an Azure P1 or P2 license to\nenable the Azure AD logs.</span></p><ol style=\"color:black;margin-bottom:0in;margin-top:0in;\" start=1 type=1>\n <li style=\"margin:0in 0in 8pt;font-size:11pt;\"><span lang=EN-GB style=\"font-size:12.0pt;\">Click <b>Connect\n     </b>to stream the Azure AD Identity Protection events into Sentinel. </span><span style=\"font-size:12.0pt;\"></span></li>\n <li style=\"margin:0in 0in 8pt;font-size:11pt;\"><span lang=EN-GB style=\"font-size:12.0pt;\">You will\n     have to login with an account that has Global Admin or Security Admin\n     permissions on the tenant.</span><span style=\"font-size:12.0pt;\"></span></li></ol></span></span><span style=\"font-size:12.0pt;\"></span></div><br></div><br>",
        "System.AssignedTo": null,
        "Microsoft.VSTS.Scheduling.RemainingWork": 0.0,
        "Microsoft.VSTS.Common.Priority": 2.0,
        "System.BoardLane": null,
        "System.Tags": null,
        "Microsoft.VSTS.TCM.Steps": null,
        "Microsoft.VSTS.TCM.Parameters": null,
        "Microsoft.VSTS.TCM.LocalDataSource": null,
        "Microsoft.VSTS.TCM.AutomationStatus": null,
        "System.History": null
      },
      "relations": [
        {
          "rel": "System.LinkTypes.Hierarchy-Reverse",
          "url": "https://dev.azure.com/crmuno/_apis/wit/workItems/53",
          "attributes": {
            "isLocked": "false",
            "name": "Parent"
          }
        }
      ],
      "url": "https://dev.azure.com/crmuno/_apis/wit/workItems/73"
    },
    {
      "id": 57,
      "rev": 6,
      "fields": {
        "System.AreaPath": "AzureSentinelDeployment",
        "System.TeamProject": "AzureSentinelDeployment",
        "System.IterationPath": "$ProjectName$\\Iteration 2",
        "System.WorkItemType": "Task",
        "System.State": "New",
        "System.Reason": "New",
        "System.CreatedDate": "2020-05-19T15:39:27.79Z",
        "System.CreatedBy": "Cristhofer Munoz <crmuno@microsoft.com>",
        "System.ChangedDate": "2020-05-20T15:40:28.603Z",
        "System.ChangedBy": "Cristhofer Munoz <crmuno@microsoft.com>",
        "System.Title": "Connect - Office 365",
        "Microsoft.VSTS.Scheduling.Effort": 0.0,
        "System.Description": "<div><span style=\"display:inline !important;\"><p style=\"margin:0in 0in 8pt;font-size:11pt;font-family:Calibri, sans-serif;\"><span style=\"font-size:10.5pt;font-family:&quot;Segoe UI&quot;,sans-serif;color:black;background:white;\">This is a preloaded task,\nfeel free to create or modify this task to reflect data ingest needs.</span></p><p style=\"margin:0in 0in 8pt;font-size:11pt;font-family:Calibri, sans-serif;\"><span style=\"font-size:10.5pt;font-family:&quot;Segoe UI&quot;,sans-serif;color:black;background:white;\"><br></span></p><p style=\"margin:0in 0in 8pt;font-size:11pt;font-family:Calibri, sans-serif;\"><span style=\"font-size:10.5pt;font-family:&quot;Segoe UI&quot;,sans-serif;color:black;background:white;\"><p style=\"margin:0in 0in 8pt;font-size:11pt;font-family:Calibri, sans-serif;\"><span style=\"font-size:12.0pt;\">In Azure Sentinel, select <b>Data\nconnectors </b>and then click the <b>Office 365 </b>tile.</span></p><ol style=\"margin-bottom:0in;margin-top:0in;\" start=1 type=1>\n <li style=\"margin:0in 0in 8pt;font-size:11pt;font-family:Calibri, sans-serif;\"><span lang=EN-GB style=\"font-size:12.0pt;\">Select <b>Click\n     here to install solution.</b></span><span style=\"font-size:12.0pt;\"></span></li>\n <li style=\"margin:0in 0in 8pt;font-size:11pt;font-family:Calibri, sans-serif;\"><span lang=EN-GB style=\"font-size:12.0pt;\">Click <b>Add\n     tenant</b>, then login with an account that has Global Admin permissions\n     on the tenant.</span><span style=\"font-size:12.0pt;\"></span></li>\n <li style=\"margin:0in 0in 8pt;font-size:11pt;font-family:Calibri, sans-serif;\"><span style=\"font-size:12.0pt;\">Under Stream Office 365 activity logs,\n     click <b>Select </b>to choose which log types you want to stream into\n     Sentinel. Currently, Azure Sentinel supports Exchange and SharePoint.</span></li></ol><p style=\"margin:0in 0in 8pt;font-size:11pt;font-family:Calibri, sans-serif;\"><span lang=EN-GB style=\"font-size:12.0pt;\">To stream mailbox auditing from your tenants use<span style=\"\">&nbsp; </span>Exchange Online Powershell:</span><span style=\"font-size:12.0pt;\"></span></p><p style=\"margin:0in 0in 8pt;font-size:11pt;font-family:Calibri, sans-serif;\"><span lang=EN-GB style=\"font-size:12.0pt;\">Get-OrganizationConfig | FL AuditDisabled</span><span style=\"font-size:12.0pt;\"></span></p><br></span></p></span><br></div>",
        "System.AssignedTo": null,
        "Microsoft.VSTS.Scheduling.RemainingWork": 0.0,
        "Microsoft.VSTS.Common.Priority": 2.0,
        "System.BoardLane": null,
        "System.Tags": null,
        "Microsoft.VSTS.TCM.Steps": null,
        "Microsoft.VSTS.TCM.Parameters": null,
        "Microsoft.VSTS.TCM.LocalDataSource": null,
        "Microsoft.VSTS.TCM.AutomationStatus": null,
        "System.History": null
      },
      "relations": [
        {
          "rel": "System.LinkTypes.Hierarchy-Reverse",
          "url": "https://dev.azure.com/crmuno/_apis/wit/workItems/53",
          "attributes": {
            "isLocked": "false",
            "name": "Parent"
          }
        }
      ],
      "url": "https://dev.azure.com/crmuno/_apis/wit/workItems/57"
    },
    {
      "id": 45,
      "rev": 7,
      "fields": {
        "System.AreaPath": "AzureSentinelDeployment",
        "System.TeamProject": "AzureSentinelDeployment",
        "System.IterationPath": "AzureSentinelDeployment",
        "System.WorkItemType": "Task",
        "System.State": "New",
        "System.Reason": "New",
        "System.CreatedDate": "2020-05-19T13:45:17.49Z",
        "System.CreatedBy": "Cristhofer Munoz <crmuno@microsoft.com>",
        "System.ChangedDate": "2020-05-20T15:19:28.487Z",
        "System.ChangedBy": "Cristhofer Munoz <crmuno@microsoft.com>",
        "System.Title": "Connect -  Microsoft Defender ATP",
        "Microsoft.VSTS.Scheduling.Effort": 0.0,
        "System.Description": "<div><span style=\"display:inline !important;\"><p style=\"margin:0in 0in 8pt;font-size:11pt;font-family:Calibri, sans-serif;\"><span style=\"font-size:10.5pt;font-family:&quot;Segoe UI&quot;,sans-serif;color:black;background:white;\">This is a preloaded task,\nfeel free to create or modify this task to reflect data ingest needs.</span></p></span><br></div>",
        "System.AssignedTo": null,
        "Microsoft.VSTS.Scheduling.RemainingWork": 0.0,
        "Microsoft.VSTS.Common.Priority": 2.0,
        "System.BoardLane": null,
        "System.Tags": null,
        "Microsoft.VSTS.TCM.Steps": null,
        "Microsoft.VSTS.TCM.Parameters": null,
        "Microsoft.VSTS.TCM.LocalDataSource": null,
        "Microsoft.VSTS.TCM.AutomationStatus": null,
        "System.History": null
      },
      "relations": [
        {
          "rel": "System.LinkTypes.Hierarchy-Reverse",
          "url": "https://dev.azure.com/crmuno/_apis/wit/workItems/53",
          "attributes": {
            "isLocked": "false",
            "name": "Parent"
          }
        }
      ],
      "url": "https://dev.azure.com/crmuno/_apis/wit/workItems/45"
    },
    {
      "id": 54,
      "rev": 9,
      "fields": {
        "System.AreaPath": "AzureSentinelDeployment",
        "System.TeamProject": "AzureSentinelDeployment",
        "System.IterationPath": "AzureSentinelDeployment",
        "System.WorkItemType": "Task",
        "System.State": "New",
        "System.Reason": "New",
        "System.CreatedDate": "2020-05-19T15:14:45.107Z",
        "System.CreatedBy": "Cristhofer Munoz <crmuno@microsoft.com>",
        "System.ChangedDate": "2020-05-28T13:13:22.887Z",
        "System.ChangedBy": "Cristhofer Munoz <crmuno@microsoft.com>",
        "System.Title": "Connect - Microsoft Cloud App Security",
        "Microsoft.VSTS.Scheduling.Effort": 0.0,
        "System.Description": "<div><span style=\"display:inline !important;\"><p style=\"margin:0in 0in 8pt;font-size:11pt;font-family:Calibri, sans-serif;\"><span style=\"font-size:10.5pt;font-family:&quot;Segoe UI&quot;,sans-serif;color:black;background:white;\">This is a preloaded task,\nfeel free to create or modify this task to reflect data ingest needs.</span></p><p style=\"margin:0in 0in 8pt;font-size:11pt;font-family:Calibri, sans-serif;\"><span style=\"font-size:10.5pt;font-family:&quot;Segoe UI&quot;,sans-serif;color:black;background:white;\"><br></span></p><p style=\"margin:0in 0in 8pt;font-size:11pt;font-family:Calibri, sans-serif;\"><span style=\"font-size:10.5pt;font-family:&quot;Segoe UI&quot;,sans-serif;color:black;background:white;\"></span></p><p style=\"margin:0in 0in 8pt;font-size:11pt;font-family:Calibri, sans-serif;\"><span style=\"font-size:12.0pt;\">In Azure Sentinel, select <b>Data\nconnectors </b>and then click the <b>Cloud App Security </b>tile.</span></p><ol style=\"margin-bottom:0in;margin-top:0in;\" start=1 type=1>\n <li style=\"margin:0in 0in 8pt;font-size:11pt;font-family:Calibri, sans-serif;\"><span lang=EN-GB style=\"font-size:12.0pt;\">Click <b>Connect\n     </b>to stream the Alerts from Cloud App Security into Sentinel<b>.</b></span><span style=\"font-size:12.0pt;\"></span></li>\n <li style=\"margin:0in 0in 8pt;font-size:11pt;font-family:Calibri, sans-serif;\"><span lang=EN-GB style=\"font-size:12.0pt;\">Click <b>Connect\n     </b>to stream the Discovery logs from Cloud App Security into Sentinel<b>.</b></span><span style=\"font-size:12.0pt;\"></span></li>\n <li style=\"margin:0in 0in 8pt;font-size:11pt;font-family:Calibri, sans-serif;\"><span lang=EN-GB style=\"font-size:12.0pt;\">You will\n     have to login with an account that has Global Admin or Security Admin\n     permissions on the tenant.</span><span style=\"font-size:12.0pt;\"></span></li></ol><br></span><p></p><br></div>",
        "System.AssignedTo": null,
        "Microsoft.VSTS.Scheduling.RemainingWork": 0.0,
        "Microsoft.VSTS.Common.Priority": 2.0,
        "System.BoardLane": null,
        "System.Tags": null,
        "Microsoft.VSTS.TCM.Steps": null,
        "Microsoft.VSTS.TCM.Parameters": null,
        "Microsoft.VSTS.TCM.LocalDataSource": null,
        "Microsoft.VSTS.TCM.AutomationStatus": null,
        "System.History": null
      },
      "relations": [
        {
          "rel": "System.LinkTypes.Hierarchy-Reverse",
          "url": "https://dev.azure.com/crmuno/_apis/wit/workItems/53",
          "attributes": {
            "isLocked": "false",
            "name": "Parent"
          }
        }
      ],
      "url": "https://dev.azure.com/crmuno/_apis/wit/workItems/54"
    },
    {
      "id": 49,
      "rev": 5,
      "fields": {
        "System.AreaPath": "AzureSentinelDeployment",
        "System.TeamProject": "AzureSentinelDeployment",
        "System.IterationPath": "$ProjectName$\\Iteration 2",
        "System.WorkItemType": "Task",
        "System.State": "New",
        "System.Reason": "New",
        "System.CreatedDate": "2020-05-19T14:57:39.307Z",
        "System.CreatedBy": "Cristhofer Munoz <crmuno@microsoft.com>",
        "System.ChangedDate": "2020-05-27T20:19:58.073Z",
        "System.ChangedBy": "Cristhofer Munoz <crmuno@microsoft.com>",
        "System.Title": "Create or use existing Log Analytics Workspace",
        "Microsoft.VSTS.Scheduling.Effort": 0.0,
        "System.Description": "<div><a href=\"https://docs.microsoft.com/en-us/azure/azure-monitor/learn/quick-create-workspace\">https://docs.microsoft.com/en-us/azure/azure-monitor/learn/quick-create-workspace</a><br></div><div><br></div><div><br></div>",
        "System.AssignedTo": null,
        "Microsoft.VSTS.Scheduling.RemainingWork": 0.0,
        "Microsoft.VSTS.Common.Priority": 2.0,
        "System.BoardLane": null,
        "System.Tags": null,
        "Microsoft.VSTS.TCM.Steps": null,
        "Microsoft.VSTS.TCM.Parameters": null,
        "Microsoft.VSTS.TCM.LocalDataSource": null,
        "Microsoft.VSTS.TCM.AutomationStatus": null,
        "System.History": null
      },
      "relations": [
        {
          "rel": "System.LinkTypes.Hierarchy-Reverse",
          "url": "https://dev.azure.com/crmuno/_apis/wit/workItems/48",
          "attributes": {
            "isLocked": "false",
            "name": "Parent"
          }
        },
        {
          "rel": "AttachedFile",
          "url": "https://dev.azure.com/crmuno/_apis/wit/attachments/45260a50-010c-4036-841d-8d71e47168ee",
          "attributes": {
            "authorizedDate": "2020-05-20T19:54:26.75Z",
            "id": "2813819",
            "resourceCreatedDate": "2020-05-20T19:54:11.04Z",
            "resourceModifiedDate": "2020-05-20T19:49:22.907Z",
            "revisedDate": "9999-01-01T00:00:00Z",
            "resourceSize": "717482",
            "name": "CreateWS.gif"
          }
        }
      ],
      "url": "https://dev.azure.com/crmuno/_apis/wit/workItems/49"
    },
    {
      "id": 52,
      "rev": 5,
      "fields": {
        "System.AreaPath": "AzureSentinelDeployment",
        "System.TeamProject": "AzureSentinelDeployment",
        "System.IterationPath": "$ProjectName$\\Iteration 2",
        "System.WorkItemType": "Task",
        "System.State": "New",
        "System.Reason": "New",
        "System.CreatedDate": "2020-05-19T15:02:23.983Z",
        "System.CreatedBy": "Cristhofer Munoz <crmuno@microsoft.com>",
        "System.ChangedDate": "2020-06-04T18:32:27.32Z",
        "System.ChangedBy": "Cristhofer Munoz <crmuno@microsoft.com>",
        "System.Title": "Connect Azure Sentinel to Azure Log Analytics Workspace",
        "Microsoft.VSTS.Scheduling.Effort": 0.0,
        "System.Description": "<div>Detailed steps to enable Azure Sentinel:</div><div><a href=\"https://docs.microsoft.com/en-us/azure/sentinel/quickstart-onboard#enable-azure-sentinel-\">https://docs.microsoft.com/en-us/azure/sentinel/quickstart-onboard#enable-azure-sentinel-</a><br></div><br>",
        "System.AssignedTo": null,
        "Microsoft.VSTS.Scheduling.RemainingWork": 0.0,
        "Microsoft.VSTS.Common.Priority": 2.0,
        "System.BoardLane": null,
        "System.Tags": null,
        "Microsoft.VSTS.TCM.Steps": null,
        "Microsoft.VSTS.TCM.Parameters": null,
        "Microsoft.VSTS.TCM.LocalDataSource": null,
        "Microsoft.VSTS.TCM.AutomationStatus": null,
        "System.History": null
      },
      "relations": [
        {
          "rel": "System.LinkTypes.Hierarchy-Reverse",
          "url": "https://dev.azure.com/crmuno/_apis/wit/workItems/48",
          "attributes": {
            "isLocked": "false",
            "name": "Parent"
          }
        },
        {
          "rel": "AttachedFile",
          "url": "https://dev.azure.com/crmuno/_apis/wit/attachments/cda761bf-44d7-4d7a-b37f-8bbaeba6f9fe",
          "attributes": {
            "authorizedDate": "2020-05-20T20:04:46.333Z",
            "id": "2813825",
            "resourceCreatedDate": "2020-05-20T20:04:43.05Z",
            "resourceModifiedDate": "2020-05-20T20:04:12.49Z",
            "revisedDate": "9999-01-01T00:00:00Z",
            "resourceSize": "535418",
            "name": "EnableAzSentinel.gif"
          }
        }
      ],
      "url": "https://dev.azure.com/crmuno/_apis/wit/workItems/52"
    },
    {
      "id": 34,
      "rev": 8,
      "fields": {
        "System.AreaPath": "AzureSentinelDeployment",
        "System.TeamProject": "AzureSentinelDeployment",
        "System.IterationPath": "$ProjectName$\\Iteration 1",
        "System.WorkItemType": "Task",
        "System.State": "New",
        "System.Reason": "New",
        "System.CreatedDate": "2020-05-11T19:09:02.38Z",
        "System.CreatedBy": "Cristhofer Munoz <crmuno@microsoft.com>",
        "System.ChangedDate": "2020-06-04T18:34:44.193Z",
        "System.ChangedBy": "Cristhofer Munoz <crmuno@microsoft.com>",
        "System.Title": "RBAC - Define User Access",
        "Microsoft.VSTS.Scheduling.Effort": 0.0,
        "System.Description": "<p style=\"margin-right:0in;margin-left:0in;font-size:12pt;font-family:&quot;Times New Roman&quot;, serif;\"><span style=\"font-family:&quot;Calibri&quot;,sans-serif;color:#171717;\">Azure\nSentinel uses&nbsp;<a href=\"https://docs.microsoft.com/en-us/azure/role-based-access-control/role-assignments-portal\" style=\"box-sizing:border-box;cursor:pointer;\">Role-Based\nAccess Control(RBAC)</a>, to provide&nbsp;<a href=\"https://docs.microsoft.com/en-us/azure/role-based-access-control/built-in-roles\" style=\"box-sizing:border-box;cursor:pointer;\">built-in\nroles</a>&nbsp;that can be assigned to users, groups, and services in Azure. These roles can be mapped to the Tier 1 - Tier 3 structured model.</span></p><p style=\"margin-right:0in;margin-left:0in;font-size:12pt;font-family:&quot;Times New Roman&quot;, serif;box-sizing:border-box;margin:1rem 0px 0px;\"><span style=\"font-family:&quot;Calibri&quot;,sans-serif;color:#171717;\">Using\nRBAC, you can use and create roles within your security operations team to grant\nappropriate access to Azure Sentinel. Based on the roles, you have fine-grained\ncontrol over what users with access to Azure Sentinel can see. You can assign\nRBAC roles in the Azure Sentinel workspace directly, or to a subscription or\nresource group that the workspace belongs to.</span></p><p style=\"margin-right:0in;margin-left:0in;font-size:12pt;font-family:&quot;Times New Roman&quot;, serif;box-sizing:border-box;margin:1rem 0px 0px;\"><span style=\"font-family:&quot;Calibri&quot;,sans-serif;color:#171717;\">There\nare three specific built-in Azure Sentinel roles.</span></p><p style=\"margin-right:0in;margin-left:0in;font-size:12pt;font-family:&quot;Times New Roman&quot;, serif;box-sizing:border-box;margin:1rem 0px 0px;\"><span style=\"font-family:&quot;Calibri&quot;,sans-serif;color:#171717;\"><br style=\"box-sizing:border-box;\"><strong style=\"box-sizing:border-box;\"><span>All Azure Sentinel built-in roles grant read access to the data in\nyour Azure Sentinel workspace.</span></strong></span></p><ul style=\"margin-bottom:0in;\"><li><span style=\"color:#171717;\"><a href=\"https://docs.microsoft.com/en-us/azure/role-based-access-control/built-in-roles#azure-sentinel-reader\" style=\"box-sizing:border-box;cursor:pointer;\">Azure\nSentinel reader</a></span></li><li><span style=\"color:#171717;\"><a href=\"https://docs.microsoft.com/en-us/azure/role-based-access-control/built-in-roles#azure-sentinel-responder\" style=\"box-sizing:border-box;cursor:pointer;\">Azure\nSentinel responder</a></span></li><li><span style=\"color:#171717;\"><a href=\"https://docs.microsoft.com/en-us/azure/role-based-access-control/built-in-roles#azure-sentinel-contributor\" style=\"box-sizing:border-box;cursor:pointer;\">Azure\nSentinel contributor</a></span><br><br><span style=\"font-size:10.5pt;color:black;\"><a href=\"https://docs.microsoft.com/en-us/azure/sentinel/roles\" style=\"box-sizing:border-box;cursor:pointer;\">https://docs.microsoft.com/en-us/azure/sentinel/roles</a></span></li></ul>",
        "System.AssignedTo": "Cristhofer Munoz <crmuno@microsoft.com>",
        "Microsoft.VSTS.Scheduling.RemainingWork": 0.0,
        "Microsoft.VSTS.Common.Priority": 2.0,
        "System.BoardLane": null,
        "System.Tags": null,
        "Microsoft.VSTS.TCM.Steps": null,
        "Microsoft.VSTS.TCM.Parameters": null,
        "Microsoft.VSTS.TCM.LocalDataSource": null,
        "Microsoft.VSTS.TCM.AutomationStatus": null,
        "System.History": null
      },
      "relations": [
        {
          "rel": "System.LinkTypes.Hierarchy-Reverse",
          "url": "https://dev.azure.com/crmuno/_apis/wit/workItems/48",
          "attributes": {
            "isLocked": "false",
            "name": "Parent"
          }
        }
      ],
      "url": "https://dev.azure.com/crmuno/_apis/wit/workItems/34"
    },
    {
      "id": 242,
      "rev": 6,
      "fields": {
        "System.AreaPath": "AzureSentinelDeployment",
        "System.TeamProject": "AzureSentinelDeployment",
        "System.IterationPath": "$ProjectName$\\Iteration 2",
        "System.WorkItemType": "Task",
        "System.State": "New",
        "System.Reason": "New",
        "System.CreatedDate": "2020-06-03T14:59:45.623Z",
        "System.CreatedBy": "Cristhofer Munoz <crmuno@microsoft.com>",
        "System.ChangedDate": "2020-06-03T15:03:40.843Z",
        "System.ChangedBy": "Cristhofer Munoz <crmuno@microsoft.com>",
        "System.Title": "RBAC - Define Table or Resource Access ",
        "Microsoft.VSTS.Scheduling.Effort": 0.0,
        "System.Description": "<div></div><a href=\"https://docs.microsoft.com/en-us/azure/azure-monitor/platform/manage-access#table-level-rbac\" target=_blank rel=\"noopener noopener noreferrer\" style=\"box-sizing:border-box;color:rgb(20, 108, 172);text-decoration:underline;font-family:SegoeUI, Lato, &quot;Helvetica Neue&quot;, Helvetica, Arial, sans-serif;font-size:16px;font-weight:300;text-align:left;\"><strong style=\"box-sizing:border-box;font-weight:bold;\">Table level RBAC and</strong>&nbsp;</a><span style=\"color:rgb(51, 51, 51);font-family:SegoeUI, Lato, &quot;Helvetica Neue&quot;, Helvetica, Arial, sans-serif;font-size:16px;font-weight:300;text-align:left;display:inline !important;\">allows you to define more granular control to data in a Log Analytics workspace.</span><div><br></div><div><a href=\"https://techcommunity.microsoft.com/t5/azure-sentinel/controlling-access-to-azure-sentinel-data-resource-rbac/ba-p/1301463\">https://techcommunity.microsoft.com/t5/azure-sentinel/controlling-access-to-azure-sentinel-data-resource-rbac/ba-p/1301463</a><br></div>",
        "System.AssignedTo": null,
        "Microsoft.VSTS.Scheduling.RemainingWork": 0.0,
        "Microsoft.VSTS.Common.Priority": 2.0,
        "System.BoardLane": null,
        "System.Tags": null,
        "Microsoft.VSTS.TCM.Steps": null,
        "Microsoft.VSTS.TCM.Parameters": null,
        "Microsoft.VSTS.TCM.LocalDataSource": null,
        "Microsoft.VSTS.TCM.AutomationStatus": null,
        "System.History": null
      },
      "relations": [
        {
          "rel": "System.LinkTypes.Hierarchy-Reverse",
          "url": "https://dev.azure.com/crmuno/_apis/wit/workItems/48",
          "attributes": {
            "isLocked": "false",
            "name": "Parent"
          }
        }
      ],
      "url": "https://dev.azure.com/crmuno/_apis/wit/workItems/242"
    },
    {
      "id": 80,
      "rev": 1,
      "fields": {
        "System.AreaPath": "AzureSentinelDeployment",
        "System.TeamProject": "AzureSentinelDeployment",
        "System.IterationPath": "$ProjectName$\\Iteration 2",
        "System.WorkItemType": "Task",
        "System.State": "New",
        "System.Reason": "New",
        "System.CreatedDate": "2020-05-20T20:36:25.773Z",
        "System.CreatedBy": "Cristhofer Munoz <crmuno@microsoft.com>",
        "System.ChangedDate": "2020-05-20T20:36:25.773Z",
        "System.ChangedBy": "Cristhofer Munoz <crmuno@microsoft.com>",
        "System.Title": "Configure your security solution to send CEF messages",
        "Microsoft.VSTS.Scheduling.Effort": 0.0,
        "System.Description": "<div><p style=\"margin:0in 0in 8pt;font-size:11pt;font-family:Calibri, sans-serif;\"><span style=\"\">In this step you will perform the necessary configuration changes\non your security solution itself to send logs to the CEF agent.</span></p><br></div><div><a href=\"https://docs.microsoft.com/en-us/azure/sentinel/connect-cef-solution-config\">https://docs.microsoft.com/en-us/azure/sentinel/connect-cef-solution-config</a><br></div>",
        "System.AssignedTo": null,
        "Microsoft.VSTS.Scheduling.RemainingWork": 0.0,
        "Microsoft.VSTS.Common.Priority": 2.0,
        "System.BoardLane": null,
        "System.Tags": null,
        "Microsoft.VSTS.TCM.Steps": null,
        "Microsoft.VSTS.TCM.Parameters": null,
        "Microsoft.VSTS.TCM.LocalDataSource": null,
        "Microsoft.VSTS.TCM.AutomationStatus": null,
        "System.History": null
      },
      "relations": [
        {
          "rel": "System.LinkTypes.Hierarchy-Reverse",
          "url": "https://dev.azure.com/crmuno/_apis/wit/workItems/62",
          "attributes": {
            "isLocked": "false",
            "name": "Parent"
          }
        }
      ],
      "url": "https://dev.azure.com/crmuno/_apis/wit/workItems/80"
    },
    {
      "id": 79,
      "rev": 1,
      "fields": {
        "System.AreaPath": "AzureSentinelDeployment",
        "System.TeamProject": "AzureSentinelDeployment",
        "System.IterationPath": "$ProjectName$\\Iteration 2",
        "System.WorkItemType": "Task",
        "System.State": "New",
        "System.Reason": "New",
        "System.CreatedDate": "2020-05-20T20:35:23.69Z",
        "System.CreatedBy": "Cristhofer Munoz <crmuno@microsoft.com>",
        "System.ChangedDate": "2020-05-20T20:35:23.69Z",
        "System.ChangedBy": "Cristhofer Munoz <crmuno@microsoft.com>",
        "System.Title": "Run the deployment script on log forwarder",
        "Microsoft.VSTS.Scheduling.Effort": 0.0,
        "System.Description": null,
        "System.AssignedTo": null,
        "Microsoft.VSTS.Scheduling.RemainingWork": 0.0,
        "Microsoft.VSTS.Common.Priority": 2.0,
        "System.BoardLane": null,
        "System.Tags": null,
        "Microsoft.VSTS.TCM.Steps": null,
        "Microsoft.VSTS.TCM.Parameters": null,
        "Microsoft.VSTS.TCM.LocalDataSource": null,
        "Microsoft.VSTS.TCM.AutomationStatus": null,
        "System.History": null
      },
      "relations": [
        {
          "rel": "System.LinkTypes.Hierarchy-Reverse",
          "url": "https://dev.azure.com/crmuno/_apis/wit/workItems/62",
          "attributes": {
            "isLocked": "false",
            "name": "Parent"
          }
        }
      ],
      "url": "https://dev.azure.com/crmuno/_apis/wit/workItems/79"
    },
    {
      "id": 78,
      "rev": 3,
      "fields": {
        "System.AreaPath": "AzureSentinelDeployment",
        "System.TeamProject": "AzureSentinelDeployment",
        "System.IterationPath": "$ProjectName$\\Iteration 1",
        "System.WorkItemType": "Task",
        "System.State": "New",
        "System.Reason": "New",
        "System.CreatedDate": "2020-05-20T20:18:25.21Z",
        "System.CreatedBy": "Cristhofer Munoz <crmuno@microsoft.com>",
        "System.ChangedDate": "2020-06-03T15:06:23.657Z",
        "System.ChangedBy": "Cristhofer Munoz <crmuno@microsoft.com>",
        "System.Title": "Import Open ServiceNow Playbook",
        "Microsoft.VSTS.Scheduling.Effort": 0.0,
        "System.Description": "<div><p style=\"box-sizing:border-box;margin-top:0px;margin-bottom:16px;color:rgb(36, 41, 46);font-family:-apple-system, BlinkMacSystemFont, &quot;Segoe UI&quot;, Helvetica, Arial, sans-serif, &quot;Apple Color Emoji&quot;, &quot;Segoe UI Emoji&quot;;font-size:16px;\">This is a preloaded task, feel free to modify to reflect your automated response needs.</p><p style=\"box-sizing:border-box;margin-top:0px;margin-bottom:16px;color:rgb(36, 41, 46);font-family:-apple-system, BlinkMacSystemFont, &quot;Segoe UI&quot;, Helvetica, Arial, sans-serif, &quot;Apple Color Emoji&quot;, &quot;Segoe UI Emoji&quot;;font-size:16px;\">This playbook will open a Service Now incident when a new incident is opened in Azure Sentinel.</p><br></div><div><a href=\"https://github.com/Azure/Azure-Sentinel/tree/master/Playbooks/Open-SNOW-Ticket\">https://github.com/Azure/Azure-Sentinel/tree/master/Playbooks/Open-SNOW-Ticket</a><br></div>",
        "System.AssignedTo": null,
        "Microsoft.VSTS.Scheduling.RemainingWork": 0.0,
        "Microsoft.VSTS.Common.Priority": 2.0,
        "System.BoardLane": null,
        "System.Tags": null,
        "Microsoft.VSTS.TCM.Steps": null,
        "Microsoft.VSTS.TCM.Parameters": null,
        "Microsoft.VSTS.TCM.LocalDataSource": null,
        "Microsoft.VSTS.TCM.AutomationStatus": null,
        "System.History": null
      },
      "relations": [
        {
          "rel": "System.LinkTypes.Hierarchy-Reverse",
          "url": "https://dev.azure.com/crmuno/_apis/wit/workItems/25",
          "attributes": {
            "isLocked": "false",
            "name": "Parent"
          }
        }
      ],
      "url": "https://dev.azure.com/crmuno/_apis/wit/workItems/78"
    },
    {
      "id": 76,
      "rev": 2,
      "fields": {
        "System.AreaPath": "AzureSentinelDeployment",
        "System.TeamProject": "AzureSentinelDeployment",
        "System.IterationPath": "$ProjectName$\\Iteration 2",
        "System.WorkItemType": "Task",
        "System.State": "New",
        "System.Reason": "New",
        "System.CreatedDate": "2020-05-20T18:34:35.36Z",
        "System.CreatedBy": "Cristhofer Munoz <crmuno@microsoft.com>",
        "System.ChangedDate": "2020-05-20T20:33:39.507Z",
        "System.ChangedBy": "Cristhofer Munoz <crmuno@microsoft.com>",
        "System.Title": "Deploy the Log Forwarder",
        "Microsoft.VSTS.Scheduling.Effort": 0.0,
        "System.Description": "<div style=\"margin:16px 0px 0px;color:rgb(23, 23, 23);font-family:&quot;Segoe UI&quot;, SegoeUI, &quot;Segoe WP&quot;, &quot;Helvetica Neue&quot;, Helvetica, Tahoma, Arial, sans-serif;font-size:16px;\"><span style=\"font-size:11.0pt;font-family:&quot;Calibri&quot;,sans-serif;\">In this step, you will designate and configure\nthe Linux machine that will forward the logs from your security solution to\nyour Azure Sentinel workspace. This machine can be a physical or virtual\nmachine in your on-premises environment, an Azure VM, or a VM in another cloud.</span><br></div><div style=\"margin:16px 0px 0px;color:rgb(23, 23, 23);font-family:&quot;Segoe UI&quot;, SegoeUI, &quot;Segoe WP&quot;, &quot;Helvetica Neue&quot;, Helvetica, Tahoma, Arial, sans-serif;font-size:16px;\"><span style=\"font-size:11.0pt;font-family:&quot;Calibri&quot;,sans-serif;\"><p style=\"margin:0in 0in 8pt;font-size:11pt;font-family:Calibri, sans-serif;\"><b><span style=\"\">Prerequisites</span></b></p><ul style=\"margin-bottom:0in;\"><li><span style=\"\">You must have elevated permissions (sudo) on\nyour designated Linux machine.</span></li><li><span style=\"\">You must have python installed on the Linux\nmachine.</span></li><li><span style=\"\">Use the python -version command to check.</span></li><li><span style=\"\">The Linux machine must not be connected to any\nAzure workspaces before you install the Log Analytics agent</span></li></ul></span></div><div style=\"margin:16px 0px 0px;color:rgb(23, 23, 23);font-family:&quot;Segoe UI&quot;, SegoeUI, &quot;Segoe WP&quot;, &quot;Helvetica Neue&quot;, Helvetica, Tahoma, Arial, sans-serif;font-size:16px;\"><span style=\"font-size:11.0pt;font-family:&quot;Calibri&quot;,sans-serif;\"><a href=\"https://docs.microsoft.com/en-us/azure/sentinel/connect-cef-agent?tabs=rsyslog\">https://docs.microsoft.com/en-us/azure/sentinel/connect-cef-agent?tabs=rsyslog</a><br></span></div><br>",
        "System.AssignedTo": null,
        "Microsoft.VSTS.Scheduling.RemainingWork": 0.0,
        "Microsoft.VSTS.Common.Priority": 2.0,
        "System.BoardLane": null,
        "System.Tags": null,
        "Microsoft.VSTS.TCM.Steps": null,
        "Microsoft.VSTS.TCM.Parameters": null,
        "Microsoft.VSTS.TCM.LocalDataSource": null,
        "Microsoft.VSTS.TCM.AutomationStatus": null,
        "System.History": null
      },
      "relations": [
        {
          "rel": "System.LinkTypes.Hierarchy-Reverse",
          "url": "https://dev.azure.com/crmuno/_apis/wit/workItems/62",
          "attributes": {
            "isLocked": "false",
            "name": "Parent"
          }
        }
      ],
      "url": "https://dev.azure.com/crmuno/_apis/wit/workItems/76"
    },
    {
      "id": 75,
      "rev": 4,
      "fields": {
        "System.AreaPath": "AzureSentinelDeployment",
        "System.TeamProject": "AzureSentinelDeployment",
        "System.IterationPath": "AzureSentinelDeployment",
        "System.WorkItemType": "Task",
        "System.State": "New",
        "System.Reason": "New",
        "System.CreatedDate": "2020-05-20T18:32:53.993Z",
        "System.CreatedBy": "Cristhofer Munoz <crmuno@microsoft.com>",
        "System.ChangedDate": "2020-05-27T20:17:10.61Z",
        "System.ChangedBy": "Cristhofer Munoz <crmuno@microsoft.com>",
        "System.Title": "Enable applicable analytics ",
        "Microsoft.VSTS.Scheduling.Effort": 0.0,
        "System.Description": "<div>Review the list of applicable analytics out the box</div><div><br></div><div><a href=\"https://docs.microsoft.com/en-us/azure/sentinel/tutorial-detect-threats-built-in\">https://docs.microsoft.com/en-us/azure/sentinel/tutorial-detect-threats-built-in</a><br></div>",
        "System.AssignedTo": null,
        "Microsoft.VSTS.Scheduling.RemainingWork": 0.0,
        "Microsoft.VSTS.Common.Priority": 2.0,
        "System.BoardLane": null,
        "System.Tags": null,
        "Microsoft.VSTS.TCM.Steps": null,
        "Microsoft.VSTS.TCM.Parameters": null,
        "Microsoft.VSTS.TCM.LocalDataSource": null,
        "Microsoft.VSTS.TCM.AutomationStatus": null,
        "System.History": null
      },
      "relations": [
        {
          "rel": "System.LinkTypes.Hierarchy-Reverse",
          "url": "https://dev.azure.com/crmuno/_apis/wit/workItems/20",
          "attributes": {
            "isLocked": "false",
            "name": "Parent"
          }
        }
      ],
      "url": "https://dev.azure.com/crmuno/_apis/wit/workItems/75"
    },
    {
      "id": 67,
      "rev": 2,
      "fields": {
        "System.AreaPath": "AzureSentinelDeployment",
        "System.TeamProject": "AzureSentinelDeployment",
        "System.IterationPath": "AzureSentinelDeployment",
        "System.WorkItemType": "Task",
        "System.State": "New",
        "System.Reason": "New",
        "System.CreatedDate": "2020-05-20T00:36:50.117Z",
        "System.CreatedBy": "Cristhofer Munoz <crmuno@microsoft.com>",
        "System.ChangedDate": "2020-06-04T18:53:38.477Z",
        "System.ChangedBy": "Cristhofer Munoz <crmuno@microsoft.com>",
        "System.Title": "Enable Palo Alto Workbook",
        "Microsoft.VSTS.Scheduling.Effort": 0.0,
        "System.Description": "<div><span style=\"display:inline !important;\">This is a preloaded task. Feel free to modify to reflect your visualization needs.</span><br></div>",
        "System.AssignedTo": null,
        "Microsoft.VSTS.Scheduling.RemainingWork": 0.0,
        "Microsoft.VSTS.Common.Priority": 2.0,
        "System.BoardLane": null,
        "System.Tags": null,
        "Microsoft.VSTS.TCM.Steps": null,
        "Microsoft.VSTS.TCM.Parameters": null,
        "Microsoft.VSTS.TCM.LocalDataSource": null,
        "Microsoft.VSTS.TCM.AutomationStatus": null,
        "System.History": null
      },
      "relations": [
        {
          "rel": "System.LinkTypes.Hierarchy-Reverse",
          "url": "https://dev.azure.com/crmuno/_apis/wit/workItems/17",
          "attributes": {
            "isLocked": "false",
            "name": "Parent"
          }
        }
      ],
      "url": "https://dev.azure.com/crmuno/_apis/wit/workItems/67"
    },
    {
      "id": 66,
      "rev": 3,
      "fields": {
        "System.AreaPath": "AzureSentinelDeployment",
        "System.TeamProject": "AzureSentinelDeployment",
        "System.IterationPath": "AzureSentinelDeployment",
        "System.WorkItemType": "Task",
        "System.State": "New",
        "System.Reason": "New",
        "System.CreatedDate": "2020-05-20T00:36:29.437Z",
        "System.CreatedBy": "Cristhofer Munoz <crmuno@microsoft.com>",
        "System.ChangedDate": "2020-06-04T18:53:32.333Z",
        "System.ChangedBy": "Cristhofer Munoz <crmuno@microsoft.com>",
        "System.Title": "Enable Insecure Protocols Workbook",
        "Microsoft.VSTS.Scheduling.Effort": 0.0,
        "System.Description": "<div><span style=\"display:inline !important;\">This is a preloaded task. Feel free to modify to reflect your visualization needs.</span><br></div>",
        "System.AssignedTo": null,
        "Microsoft.VSTS.Scheduling.RemainingWork": 0.0,
        "Microsoft.VSTS.Common.Priority": 2.0,
        "System.BoardLane": null,
        "System.Tags": null,
        "Microsoft.VSTS.TCM.Steps": null,
        "Microsoft.VSTS.TCM.Parameters": null,
        "Microsoft.VSTS.TCM.LocalDataSource": null,
        "Microsoft.VSTS.TCM.AutomationStatus": null,
        "System.History": null
      },
      "relations": [
        {
          "rel": "System.LinkTypes.Hierarchy-Reverse",
          "url": "https://dev.azure.com/crmuno/_apis/wit/workItems/17",
          "attributes": {
            "isLocked": "false",
            "name": "Parent"
          }
        }
      ],
      "url": "https://dev.azure.com/crmuno/_apis/wit/workItems/66"
    },
    {
      "id": 65,
      "rev": 3,
      "fields": {
        "System.AreaPath": "AzureSentinelDeployment",
        "System.TeamProject": "AzureSentinelDeployment",
        "System.IterationPath": "AzureSentinelDeployment",
        "System.WorkItemType": "Task",
        "System.State": "New",
        "System.Reason": "New",
        "System.CreatedDate": "2020-05-20T00:35:57.47Z",
        "System.CreatedBy": "Cristhofer Munoz <crmuno@microsoft.com>",
        "System.ChangedDate": "2020-06-04T18:53:16.99Z",
        "System.ChangedBy": "Cristhofer Munoz <crmuno@microsoft.com>",
        "System.Title": "Enable Azure AD Sign in & Audit Workbook",
        "Microsoft.VSTS.Scheduling.Effort": 0.0,
        "System.Description": "<div>This is a preloaded task. Feel free to modify to reflect your visualization needs.</div>",
        "System.AssignedTo": null,
        "Microsoft.VSTS.Scheduling.RemainingWork": 0.0,
        "Microsoft.VSTS.Common.Priority": 2.0,
        "System.BoardLane": null,
        "System.Tags": null,
        "Microsoft.VSTS.TCM.Steps": null,
        "Microsoft.VSTS.TCM.Parameters": null,
        "Microsoft.VSTS.TCM.LocalDataSource": null,
        "Microsoft.VSTS.TCM.AutomationStatus": null,
        "System.History": null
      },
      "relations": [
        {
          "rel": "System.LinkTypes.Hierarchy-Reverse",
          "url": "https://dev.azure.com/crmuno/_apis/wit/workItems/17",
          "attributes": {
            "isLocked": "false",
            "name": "Parent"
          }
        }
      ],
      "url": "https://dev.azure.com/crmuno/_apis/wit/workItems/65"
    },
    {
      "id": 60,
      "rev": 8,
      "fields": {
        "System.AreaPath": "AzureSentinelDeployment",
        "System.TeamProject": "AzureSentinelDeployment",
        "System.IterationPath": "AzureSentinelDeployment",
        "System.WorkItemType": "Task",
        "System.State": "New",
        "System.Reason": "New",
        "System.CreatedDate": "2020-05-19T18:48:09.72Z",
        "System.CreatedBy": "Cristhofer Munoz <crmuno@microsoft.com>",
        "System.ChangedDate": "2020-06-04T18:53:05.07Z",
        "System.ChangedBy": "Cristhofer Munoz <crmuno@microsoft.com>",
        "System.Title": "Review list of built-in workbooks",
        "Microsoft.VSTS.Scheduling.Effort": 0.0,
        "System.Description": "<div>Make sure to review the list of workbooks that are built in that can enable your security team to visualize and investigate your critical security data.&nbsp;</div><div><br></div><div>Navigate to the <b>Workbook </b>tile, click <b>Templates.&nbsp;</b></div>",
        "System.AssignedTo": null,
        "Microsoft.VSTS.Scheduling.RemainingWork": 0.0,
        "Microsoft.VSTS.Common.Priority": 2.0,
        "System.BoardLane": null,
        "System.Tags": null,
        "Microsoft.VSTS.TCM.Steps": null,
        "Microsoft.VSTS.TCM.Parameters": null,
        "Microsoft.VSTS.TCM.LocalDataSource": null,
        "Microsoft.VSTS.TCM.AutomationStatus": null,
        "System.History": null
      },
      "relations": [
        {
          "rel": "System.LinkTypes.Hierarchy-Reverse",
          "url": "https://dev.azure.com/crmuno/_apis/wit/workItems/17",
          "attributes": {
            "isLocked": "false",
            "name": "Parent"
          }
        },
        {
          "rel": "AttachedFile",
          "url": "https://dev.azure.com/crmuno/_apis/wit/attachments/adde7222-19b8-479c-83de-7b0984fe536c",
          "attributes": {
            "authorizedDate": "2020-06-03T14:46:00.307Z",
            "id": "2818993",
            "resourceCreatedDate": "2020-06-03T14:45:55.703Z",
            "resourceModifiedDate": "2020-06-03T14:42:45.973Z",
            "revisedDate": "9999-01-01T00:00:00Z",
            "resourceSize": "417875",
            "name": "reviewworkbooks.gif"
          }
        }
      ],
      "url": "https://dev.azure.com/crmuno/_apis/wit/workItems/60"
    }
  ],
  "HttpStatusCode": 0,
  "Message": null
}