{
  "name": "Deploy Webservice",
  "path": "\\",
  "isDeleted": false,
  "variables": {},
  "variableGroups": [],
  "environments": [
    {
      "name": "QA - Deploy on ACI",
      "rank": 1,
      "owner": {
        "id": "$OwnerId$",
        "displayName": "$OwnerDisplayName$",
        "uniqueName": "$OwnerUniqueName$"
      },
      "variables": {},
      "variableGroups": [],
      "preDeployApprovals": {
        "approvals": [
          {
            "rank": 1,
            "isAutomated": true,
            "isNotificationOn": false,
            "id": 4
          }
        ],
        "approvalOptions": {
          "requiredApproverCount": 0,
          "releaseCreatorCanBeApprover": false,
          "autoTriggeredAndPreviousEnvironmentApprovedCanBeSkipped": false,
          "enforceIdentityRevalidation": false,
          "timeoutInMinutes": 0,
          "executionOrder": "beforeGates"
        }
      },
      "deployStep": {
        "id": 5
      },
      "postDeployApprovals": {
        "approvals": [
          {
            "rank": 1,
            "isAutomated": true,
            "isNotificationOn": false,
            "id": 6
          }
        ],
        "approvalOptions": {
          "requiredApproverCount": 0,
          "releaseCreatorCanBeApprover": false,
          "autoTriggeredAndPreviousEnvironmentApprovedCanBeSkipped": false,
          "enforceIdentityRevalidation": false,
          "timeoutInMinutes": 0,
          "executionOrder": "afterSuccessfulGates"
        }
      },
      "deployPhases": [
        {
          "deploymentInput": {
            "parallelExecution": {
              "parallelExecutionType": "none"
            },
            "skipArtifactsDownload": false,
            "artifactsDownloadInput": {
              "downloadInputs": [
                {
                  "artifactItems": [],
                  "alias": "_devops-for-ai-CI",
                  "artifactType": "Build",
                  "artifactDownloadMode": "All"
                }
              ]
            },
            "queueId": "$Hosted Ubuntu 1604$",
            "demands": [],
            "enableAccessToken": false,
            "timeoutInMinutes": 0,
            "jobCancelTimeoutInMinutes": 1,
            "condition": "succeeded()",
            "overrideInputs": {}
          },
          "rank": 1,
          "phaseType": "agentBasedDeployment",
          "name": "Deploy on New ACI",
          "refName": null,
          "workflowTasks": [
            {
              "environment": {},
              "taskId": "33c63b11-352b-45a2-ba1b-54cb568a29ca",
              "version": "0.*",
              "name": "Use Python 3.6",
              "refName": "",
              "enabled": true,
              "alwaysRun": false,
              "continueOnError": false,
              "timeoutInMinutes": 0,
              "definitionType": "task",
              "overrideInputs": {},
              "condition": "succeeded()",
              "inputs": {
                "versionSpec": "3.6",
                "addToPath": "true",
                "architecture": "x64"
              }
            },
            {
              "environment": {},
              "taskId": "6c731c3c-3c68-459a-a5c9-bde6e6595b5b",
              "version": "3.*",
              "name": "Install Requirements",
              "refName": "",
              "enabled": true,
              "alwaysRun": false,
              "continueOnError": false,
              "timeoutInMinutes": 0,
              "definitionType": "task",
              "overrideInputs": {},
              "condition": "succeeded()",
              "inputs": {
                "targetType": "filePath",
                "filePath": "$(System.DefaultWorkingDirectory)/_devops-for-ai-CI/devops-for-ai/environment_setup/install_requirements.sh",
                "arguments": "",
                "script": "# Write your commands here\n\n# Use the environment variables input below to pass secret variables to this script",
                "workingDirectory": "$(System.DefaultWorkingDirectory)/_devops-for-ai-CI/devops-for-ai/environment_setup",
                "failOnStderr": "false"
              }
            },
            {
              "environment": {},
              "taskId": "46e4be58-730b-4389-8a2f-ea10b3e5e815",
              "version": "1.*",
              "name": "50. Deploy Webservice on ACI",
              "refName": "",
              "enabled": true,
              "alwaysRun": false,
              "continueOnError": false,
              "timeoutInMinutes": 0,
              "definitionType": "task",
              "overrideInputs": {},
              "condition": "succeeded()",
              "inputs": {
                "connectedServiceNameARM": "",
                "scriptLocation": "inlineScript",
                "scriptPath": "$(System.DefaultWorkingDirectory)/_devops-for-ai-CI/devops-for-ai/deployment/deployOnAci.py",
                "inlineScript": "python ./aml_service/50-deployOnAci.py",
                "args": "",
                "addSpnToEnvironment": "false",
                "useGlobalConfig": "false",
                "cwd": "$(System.DefaultWorkingDirectory)/_devops-for-ai-CI/devops-for-ai",
                "failOnStandardError": "false"
              }
            },
            {
              "environment": {},
              "taskId": "46e4be58-730b-4389-8a2f-ea10b3e5e815",
              "version": "1.*",
              "name": "60. Test ACI Webservice",
              "refName": "",
              "enabled": true,
              "alwaysRun": false,
              "continueOnError": false,
              "timeoutInMinutes": 0,
              "definitionType": "task",
              "overrideInputs": {},
              "condition": "succeeded()",
              "inputs": {
                "connectedServiceNameARM": "",
                "scriptLocation": "inlineScript",
                "scriptPath": "$(System.DefaultWorkingDirectory)/_devops-for-ai-CI/devops-for-ai/test/AciWebserviceTest.py",
                "inlineScript": "python ./aml_service/60-AciWebserviceTest.py",
                "args": "",
                "addSpnToEnvironment": "false",
                "useGlobalConfig": "false",
                "cwd": "$(System.DefaultWorkingDirectory)/_devops-for-ai-CI/devops-for-ai",
                "failOnStandardError": "false"
              }
            }
          ]
        }
      ],
      "environmentOptions": {
        "emailNotificationType": "OnlyOnFailure",
        "emailRecipients": "release.environment.owner;release.creator",
        "skipArtifactsDownload": false,
        "timeoutInMinutes": 0,
        "enableAccessToken": false,
        "publishDeploymentStatus": true,
        "badgeEnabled": false,
        "autoLinkWorkItems": false,
        "pullRequestDeploymentEnabled": false
      },
      "demands": [],
      "conditions": [
        {
          "name": "ReleaseStarted",
          "conditionType": "event",
          "value": ""
        }
      ],
      "executionPolicy": {
        "concurrencyCount": 1,
        "queueDepthCount": 0
      },
      "schedules": [],
      "currentRelease": {},
      "retentionPolicy": {
        "daysToKeep": 30,
        "releasesToKeep": 3,
        "retainBuild": true
      },
      "processParameters": {},
      "properties": {},
      "preDeploymentGates": {
        "id": 0,
        "gatesOptions": null,
        "gates": []
      },
      "postDeploymentGates": {
        "id": 0,
        "gatesOptions": null,
        "gates": []
      },
      "environmentTriggers": []
    },
    {
      "id": 3,
      "name": "Prod - Deploy On AKS",
      "rank": 2,
      "owner": {
        "id": "$OwnerId$",
        "displayName": "$OwnerDisplayName$",
        "uniqueName": "$OwnerUniqueName$"
      },
      "variables": {},
      "variableGroups": [],
      "preDeployApprovals": {
        "approvals": [
          {
            "rank": 1,
            "isAutomated": false,
            "isNotificationOn": false,
            "approver": {
              "id": "$OwnerId$",
              "displayName": "$OwnerDisplayName$",
              "uniqueName": "$OwnerUniqueName$"
            }
          }
        ],
        "approvalOptions": {
          "requiredApproverCount": 0,
          "releaseCreatorCanBeApprover": true,
          "autoTriggeredAndPreviousEnvironmentApprovedCanBeSkipped": false,
          "enforceIdentityRevalidation": false,
          "timeoutInMinutes": 0,
          "executionOrder": "beforeGates"
        }
      },
      "deployStep": {
        "id": 8
      },
      "postDeployApprovals": {
        "approvals": [
          {
            "rank": 1,
            "isAutomated": true,
            "isNotificationOn": false,
            "id": 9
          }
        ],
        "approvalOptions": {
          "requiredApproverCount": 0,
          "releaseCreatorCanBeApprover": false,
          "autoTriggeredAndPreviousEnvironmentApprovedCanBeSkipped": false,
          "enforceIdentityRevalidation": false,
          "timeoutInMinutes": 0,
          "executionOrder": "afterSuccessfulGates"
        }
      },
      "deployPhases": [
        {
          "deploymentInput": {
            "parallelExecution": {
              "parallelExecutionType": "none"
            },
            "skipArtifactsDownload": false,
            "artifactsDownloadInput": {
              "downloadInputs": [
                {
                  "artifactItems": [],
                  "alias": "_devops-for-ai-CI",
                  "artifactType": "Build",
                  "artifactDownloadMode": "All"
                }
              ]
            },
            "queueId": "$Hosted Ubuntu 1604$",
            "demands": [],
            "enableAccessToken": false,
            "timeoutInMinutes": 0,
            "jobCancelTimeoutInMinutes": 1,
            "condition": "succeeded()",
            "overrideInputs": {}
          },
          "rank": 1,
          "phaseType": "agentBasedDeployment",
          "name": "Agent phase",
          "refName": null,
          "workflowTasks": [
            {
              "environment": {},
              "taskId": "33c63b11-352b-45a2-ba1b-54cb568a29ca",
              "version": "0.*",
              "name": "Use Python 3.6",
              "refName": "",
              "enabled": true,
              "alwaysRun": false,
              "continueOnError": false,
              "timeoutInMinutes": 0,
              "definitionType": "task",
              "overrideInputs": {},
              "condition": "succeeded()",
              "inputs": {
                "versionSpec": "3.6",
                "addToPath": "true",
                "architecture": "x64"
              }
            },
            {
              "environment": {},
              "taskId": "6c731c3c-3c68-459a-a5c9-bde6e6595b5b",
              "version": "3.*",
              "name": "Install Requirements",
              "refName": "",
              "enabled": true,
              "alwaysRun": false,
              "continueOnError": false,
              "timeoutInMinutes": 0,
              "definitionType": "task",
              "overrideInputs": {},
              "condition": "succeeded()",
              "inputs": {
                "targetType": "filePath",
                "filePath": "$(System.DefaultWorkingDirectory)/_devops-for-ai-CI/devops-for-ai/environment_setup/install_requirements.sh",
                "arguments": "",
                "script": "# Write your commands here\n\n# Use the environment variables input below to pass secret variables to this script",
                "workingDirectory": "$(System.DefaultWorkingDirectory)/_devops-for-ai-CI/devops-for-ai/environment_setup",
                "failOnStderr": "false"
              }
            },
            {
              "environment": {},
              "taskId": "46e4be58-730b-4389-8a2f-ea10b3e5e815",
              "version": "1.*",
              "name": "51. Deploy on AKS",
              "refName": "",
              "enabled": true,
              "alwaysRun": false,
              "continueOnError": false,
              "timeoutInMinutes": 0,
              "definitionType": "task",
              "overrideInputs": {},
              "condition": "succeeded()",
              "inputs": {
                "connectedServiceNameARM": "",
                "scriptLocation": "inlineScript",
                "scriptPath": "",
                "inlineScript": "python ./aml_service/51-deployOnAks.py",
                "args": "",
                "addSpnToEnvironment": "false",
                "useGlobalConfig": "false",
                "cwd": "$(System.DefaultWorkingDirectory)/_devops-for-ai-CI/devops-for-ai",
                "failOnStandardError": "false"
              }
            },
            {
              "environment": {},
              "taskId": "46e4be58-730b-4389-8a2f-ea10b3e5e815",
              "version": "1.*",
              "name": "61. Test AKS Webservice",
              "refName": "",
              "enabled": true,
              "alwaysRun": false,
              "continueOnError": false,
              "timeoutInMinutes": 0,
              "definitionType": "task",
              "overrideInputs": {},
              "condition": "succeeded()",
              "inputs": {
                "connectedServiceNameARM": "",
                "scriptLocation": "inlineScript",
                "scriptPath": "",
                "inlineScript": "python ./aml_service/61-AksWebserviceTest.py",
                "args": "",
                "addSpnToEnvironment": "false",
                "useGlobalConfig": "false",
                "cwd": "$(System.DefaultWorkingDirectory)/_devops-for-ai-CI/devops-for-ai",
                "failOnStandardError": "false"
              }
            }
          ]
        }
      ],
      "environmentOptions": {
        "emailNotificationType": "OnlyOnFailure",
        "emailRecipients": "release.environment.owner;release.creator",
        "skipArtifactsDownload": false,
        "timeoutInMinutes": 0,
        "enableAccessToken": false,
        "publishDeploymentStatus": true,
        "badgeEnabled": false,
        "autoLinkWorkItems": false,
        "pullRequestDeploymentEnabled": false
      },
      "demands": [],
      "conditions": [
        {
          "name": "QA - Deploy on ACI",
          "conditionType": "environmentState",
          "value": "4"
        }
      ],
      "executionPolicy": {
        "concurrencyCount": 1,
        "queueDepthCount": 0
      },
      "schedules": [],
      "currentRelease": {},
      "retentionPolicy": {
        "daysToKeep": 30,
        "releasesToKeep": 3,
        "retainBuild": true
      },
      "processParameters": {},
      "properties": {},
      "preDeploymentGates": {
        "id": 11,
        "gatesOptions": {
          "isEnabled": true,
          "timeout": 1440,
          "samplingInterval": 15,
          "stabilizationTime": 5,
          "minimumSuccessDuration": 0
        },
        "gates": []
      },
      "postDeploymentGates": {
        "id": 0,
        "gatesOptions": null,
        "gates": []
      },
      "environmentTriggers": []
    }
  ],
  "artifacts": [
    {
      "sourceId": "$ProjectId$:$DevOps-for-AI-CI-id$",
      "type": "Build",
      "alias": "_devops-for-ai-CI",
      "definitionReference": {
        "defaultVersionBranch": {
          "id": "",
          "name": ""
        },
        "defaultVersionSpecific": {
          "id": "",
          "name": ""
        },
        "defaultVersionTags": {
          "id": "",
          "name": ""
        },
        "defaultVersionType": {
          "id": "latestType",
          "name": "Latest"
        },
        "definition": {
          "id": "$DevOps-for-AI-CI-id$",
          "name": "DevOps-for-AI-CI"
        },
        "project": {
          "id": "$ProjectId$",
          "name": "$ProjectName$"
        }
      },
      "isPrimary": true,
      "isRetained": false
    }
  ],
  "triggers": [
    {
      "artifactAlias": "_devops-for-ai-CI",
      "triggerConditions": [],
      "triggerType": "artifactSource"
    }
  ],
  "releaseNameFormat": "Release-$(rev:r)",
  "comment": "",
  "tags": [],
  "properties": {
    "DefinitionCreationSource": {
      "$type": "System.String",
      "$value": "ReleaseNew"
    }
  }
}