{
  "options": [
    {
      "enabled": false,
      "definition": {
        "id": "5d58cc01-7c75-450c-be18-a388ddb129ec"
      },
      "inputs": {
        "branchFilters": "[\"+refs/heads/*\"]",
        "additionalFields": "{}"
      }
    },
    {
      "enabled": false,
      "definition": {
        "id": "a9db38f9-9fdc-478c-b0f9-464221e58316"
      },
      "inputs": {
        "workItemType": "Bug",
        "assignToRequestor": "true",
        "additionalFields": "{}"
      }
    }
  ],
  "variables": {
    "system.debug": {
      "value": "false",
      "allowOverride": true
    }
  },
  "retentionRules": [
    {
      "branches": [
        "+refs/heads/*"
      ],
      "artifacts": [],
      "artifactTypesToDelete": [
        "FilePath",
        "SymbolStore"
      ],
      "daysToKeep": 10,
      "minimumToKeep": 1,
      "deleteBuildRecord": true,
      "deleteTestResults": true
    }
  ],
  "properties": {},
  "tags": [],
  "jobAuthorizationScope": "projectCollection",
  "jobTimeoutInMinutes": 60,
  "jobCancelTimeoutInMinutes": 5,
  "process": {
    "phases": [
      {
        "steps": [
          {
            "environment": {},
            "enabled": true,
            "continueOnError": false,
            "alwaysRun": false,
            "displayName": "Copy Files to:  $(build.artifactstagingdirectory)/Templates",
            "timeoutInMinutes": 0,
            "condition": "succeeded()",
            "task": {
              "id": "5bfb729a-a7c8-4a78-a7c3-8d717bb7c13c",
              "versionSpec": "2.*",
              "definitionType": "task"
            },
            "inputs": {
              "SourceFolder": "deployment",
              "Contents": "*.json",
              "TargetFolder": " $(build.artifactstagingdirectory)/Templates",
              "CleanTargetFolder": "false",
              "OverWrite": "false",
              "flattenFolders": "false"
            }
          },
          {
            "environment": {},
            "enabled": true,
            "continueOnError": false,
            "alwaysRun": false,
            "displayName": "npm custom",
            "timeoutInMinutes": 0,
            "condition": "succeeded()",
            "task": {
              "id": "fe47e961-9fa8-4106-8639-368c022d43ad",
              "versionSpec": "1.*",
              "definitionType": "task"
            },
            "inputs": {
              "command": "custom",
              "workingDir": "",
              "verbose": "false",
              "customCommand": "install --production",
              "customRegistry": "useNpmrc",
              "customFeed": "",
              "customEndpoint": "",
              "publishRegistry": "useExternalRegistry",
              "publishFeed": "",
              "publishEndpoint": ""
            }
          },
          {
            "environment": {},
            "enabled": true,
            "continueOnError": false,
            "alwaysRun": false,
            "displayName": "Archive $(Build.SourcesDirectory)",
            "timeoutInMinutes": 0,
            "condition": "succeeded()",
            "task": {
              "id": "d8b84976-e99a-4b86-b885-4849694435b0",
              "versionSpec": "2.*",
              "definitionType": "task"
            },
            "inputs": {
              "rootFolderOrFile": "$(Build.SourcesDirectory)",
              "includeRootFolder": "false",
              "archiveType": "zip",
              "tarCompression": "gz",
              "archiveFile": "$(Build.ArtifactStagingDirectory)/ContosoAir-$(Build.BuildId).zip",
              "replaceExistingArchive": "true"
            }
          },
          {
            "environment": {},
            "enabled": true,
            "continueOnError": false,
            "alwaysRun": false,
            "displayName": "Publish Artifact: drop",
            "timeoutInMinutes": 0,
            "condition": "succeeded()",
            "task": {
              "id": "2ff763a7-ce83-4e1f-bc89-0ae63477cebe",
              "versionSpec": "1.*",
              "definitionType": "task"
            },
            "inputs": {
              "PathtoPublish": "$(Build.ArtifactStagingDirectory)",
              "ArtifactName": "drop",
              "ArtifactType": "Container",
              "TargetPath": "",
              "Parallel": "false",
              "ParallelCount": "8"
            }
          }
        ],
        "name": "Agent job 1",
        "refName": "Phase_1",
        "condition": "succeeded()",
        "target": {
          "executionOptions": {
            "type": 0
          },
          "allowScriptsAuthAccessOption": false,
          "type": 1
        },
        "jobAuthorizationScope": "projectCollection",
        "jobCancelTimeoutInMinutes": 1
      }
    ],
    "target": {
      "agentSpecification": {
        "identifier": "windows-2019"
      }
    },
    "type": 1
  },
  "repository": {
    "properties": {
      "cloneUrl": "https://github.com/Microsoft/ContosoAir.git",
      "fullName": "Microsoft/ContosoAir",
      "defaultBranch": "master",
      "connectedServiceId": "$ContosoAir$",
      "isPrivate": "True",
      "isFork": "False",
      "nodeId": "MDEwOlJlcG9zaXRvcnkxNTQxODc1NjI=",
      "hasAdminPermissions": "True",
      "safeOwnerId": "6154722",
      "safeOwnerName": "Microsoft",
      "safeRepository": "Microsoft/ContosoAir",
      "ownerIsAUser": "False",
      "checkoutNestedSubmodules": "false",
      "cleanOptions": "0",
      "fetchDepth": "0",
      "gitLfsSupport": "false",
      "reportBuildStatus": "true",
      "skipSyncSource": "false",
      "labelSourcesFormat": "$(build.buildNumber)",
      "labelSources": "0",
      "definitionId": "1",
      "branch": "master"
    },
    "id": "https://github.com/Microsoft/ContosoAir.git",
    "type": "git",
    "name": "Microsoft/ContosoAir",
    "url": "https://github.com/Microsoft/ContosoAir.git",
    "defaultBranch": "master",
    "clean": "false",
    "checkoutSubmodules": false
  },
  "processParameters": {

  },
  "quality": "definition",
  "drafts": [],
  "queue": {
    "name": "Azure Pipelines",
    "pool": {
      "name": "Azure Pipelines",
      "isHosted": true
    }
  },
  "name": "ContosoAirWebCI",
  "path": "\\",
  "type": "build",
  "queueStatus": "enabled"
}