{
  "count": 22,
  "value": [
    {
      "id": 1157,
      "rev": 1,
      "fields": {
        "System.AreaPath": "MyShuttle",
        "System.TeamProject": "MyShuttle",
        "System.IterationPath": "MyShuttle",
        "System.WorkItemType": "Product Backlog Item",
        "System.State": "New",
        "System.Reason": "New backlog item",
        "System.CreatedDate": "2018-01-19T12:19:06.617Z",
        "System.CreatedBy": "Srivatsa Marichi 😎 <ecanarys1@outlook.com>",
        "System.ChangedDate": "2018-01-19T12:19:06.617Z",
        "System.ChangedBy": "Srivatsa Marichi 😎 <ecanarys1@outlook.com>",
        "System.Title": "As an admin, I want to be able to contact the passenger",
        "Microsoft.VSTS.Scheduling.Effort": 0.0,
        "System.Description": null,
        "System.AssignedTo": null,
        "Microsoft.VSTS.Scheduling.RemainingWork": 0.0,
        "Microsoft.VSTS.Common.Priority": 2.0,
        "System.BoardLane": null,
        "System.Tags": "Admin; Compliance; Customer",
        "Microsoft.VSTS.TCM.Steps": null,
        "Microsoft.VSTS.TCM.Parameters": null,
        "Microsoft.VSTS.TCM.LocalDataSource": null,
        "Microsoft.VSTS.TCM.AutomationStatus": null,
        "System.History": null
      },
      "relations": null,
      "url": "https://vstsdemodata.visualstudio.com/_apis/wit/workItems/1157"
    },
    {
      "id": 1156,
      "rev": 1,
      "fields": {
        "System.AreaPath": "MyShuttle",
        "System.TeamProject": "MyShuttle",
        "System.IterationPath": "MyShuttle",
        "System.WorkItemType": "Product Backlog Item",
        "System.State": "New",
        "System.Reason": "New backlog item",
        "System.CreatedDate": "2018-01-19T12:19:06.617Z",
        "System.CreatedBy": "Srivatsa Marichi 😎 <ecanarys1@outlook.com>",
        "System.ChangedDate": "2018-01-19T12:19:06.617Z",
        "System.ChangedBy": "Srivatsa Marichi 😎 <ecanarys1@outlook.com>",
        "System.Title": "As a driver, I want to know the shortest route to the pickup/dropoff point",
        "Microsoft.VSTS.Scheduling.Effort": 0.0,
        "System.Description": null,
        "System.AssignedTo": null,
        "Microsoft.VSTS.Scheduling.RemainingWork": 0.0,
        "Microsoft.VSTS.Common.Priority": 2.0,
        "System.BoardLane": null,
        "System.Tags": "Driver; Geolocation",
        "Microsoft.VSTS.TCM.Steps": null,
        "Microsoft.VSTS.TCM.Parameters": null,
        "Microsoft.VSTS.TCM.LocalDataSource": null,
        "Microsoft.VSTS.TCM.AutomationStatus": null,
        "System.History": null
      },
      "relations": null,
      "url": "https://vstsdemodata.visualstudio.com/_apis/wit/workItems/1156"
    },
    {
      "id": 1155,
      "rev": 1,
      "fields": {
        "System.AreaPath": "MyShuttle",
        "System.TeamProject": "MyShuttle",
        "System.IterationPath": "MyShuttle",
        "System.WorkItemType": "Product Backlog Item",
        "System.State": "New",
        "System.Reason": "New backlog item",
        "System.CreatedDate": "2018-01-19T12:19:06.617Z",
        "System.CreatedBy": "Srivatsa Marichi 😎 <ecanarys1@outlook.com>",
        "System.ChangedDate": "2018-01-19T12:19:06.617Z",
        "System.ChangedBy": "Srivatsa Marichi 😎 <ecanarys1@outlook.com>",
        "System.Title": "As a customer I want to know the estimated arrival time of the shuttle",
        "Microsoft.VSTS.Scheduling.Effort": 0.0,
        "System.Description": null,
        "System.AssignedTo": null,
        "Microsoft.VSTS.Scheduling.RemainingWork": 0.0,
        "Microsoft.VSTS.Common.Priority": 2.0,
        "System.BoardLane": null,
        "System.Tags": null,
        "Microsoft.VSTS.TCM.Steps": null,
        "Microsoft.VSTS.TCM.Parameters": null,
        "Microsoft.VSTS.TCM.LocalDataSource": null,
        "Microsoft.VSTS.TCM.AutomationStatus": null,
        "System.History": null
      },
      "relations": null,
      "url": "https://vstsdemodata.visualstudio.com/_apis/wit/workItems/1155"
    },
    {
      "id": 1148,
      "rev": 1,
      "fields": {
        "System.AreaPath": "MyShuttle",
        "System.TeamProject": "MyShuttle",
        "System.IterationPath": "MyShuttle",
        "System.WorkItemType": "Product Backlog Item",
        "System.State": "New",
        "System.Reason": "New backlog item",
        "System.CreatedDate": "2018-01-19T12:19:06.617Z",
        "System.CreatedBy": "Srivatsa Marichi 😎 <ecanarys1@outlook.com>",
        "System.ChangedDate": "2018-01-19T12:19:06.617Z",
        "System.ChangedBy": "Srivatsa Marichi 😎 <ecanarys1@outlook.com>",
        "System.Title": "As a customer, I want to know the estimated fare to the destination",
        "Microsoft.VSTS.Scheduling.Effort": 0.0,
        "System.Description": null,
        "System.AssignedTo": null,
        "Microsoft.VSTS.Scheduling.RemainingWork": 0.0,
        "Microsoft.VSTS.Common.Priority": 2.0,
        "System.BoardLane": null,
        "System.Tags": "Customer; Fares; Shuttle Booking",
        "Microsoft.VSTS.TCM.Steps": null,
        "Microsoft.VSTS.TCM.Parameters": null,
        "Microsoft.VSTS.TCM.LocalDataSource": null,
        "Microsoft.VSTS.TCM.AutomationStatus": null,
        "System.History": null
      },
      "relations": null,
      "url": "https://vstsdemodata.visualstudio.com/_apis/wit/workItems/1148"
    },
    {
      "id": 1147,
      "rev": 1,
      "fields": {
        "System.AreaPath": "MyShuttle",
        "System.TeamProject": "MyShuttle",
        "System.IterationPath": "MyShuttle",
        "System.WorkItemType": "Product Backlog Item",
        "System.State": "New",
        "System.Reason": "New backlog item",
        "System.CreatedDate": "2018-01-19T12:19:06.617Z",
        "System.CreatedBy": "Srivatsa Marichi 😎 <ecanarys1@outlook.com>",
        "System.ChangedDate": "2018-01-19T12:19:06.617Z",
        "System.ChangedBy": "Srivatsa Marichi 😎 <ecanarys1@outlook.com>",
        "System.Title": "As a driver, I want to have access to my travel history with summary of charges",
        "Microsoft.VSTS.Scheduling.Effort": 0.0,
        "System.Description": null,
        "System.AssignedTo": null,
        "Microsoft.VSTS.Scheduling.RemainingWork": 0.0,
        "Microsoft.VSTS.Common.Priority": 2.0,
        "System.BoardLane": null,
        "System.Tags": null,
        "Microsoft.VSTS.TCM.Steps": null,
        "Microsoft.VSTS.TCM.Parameters": null,
        "Microsoft.VSTS.TCM.LocalDataSource": null,
        "Microsoft.VSTS.TCM.AutomationStatus": null,
        "System.History": null
      },
      "relations": null,
      "url": "https://vstsdemodata.visualstudio.com/_apis/wit/workItems/1147"
    },
    {
      "id": 1143,
      "rev": 1,
      "fields": {
        "System.AreaPath": "MyShuttle",
        "System.TeamProject": "MyShuttle",
        "System.IterationPath": "MyShuttle",
        "System.WorkItemType": "Product Backlog Item",
        "System.State": "New",
        "System.Reason": "New backlog item",
        "System.CreatedDate": "2018-01-19T12:19:06.617Z",
        "System.CreatedBy": "Srivatsa Marichi 😎 <ecanarys1@outlook.com>",
        "System.ChangedDate": "2018-01-19T12:19:06.617Z",
        "System.ChangedBy": "Srivatsa Marichi 😎 <ecanarys1@outlook.com>",
        "System.Title": "As a customer, I should be able to store my credit card with my user profile",
        "Microsoft.VSTS.Scheduling.Effort": 0.0,
        "System.Description": null,
        "System.AssignedTo": null,
        "Microsoft.VSTS.Scheduling.RemainingWork": 0.0,
        "Microsoft.VSTS.Common.Priority": 2.0,
        "System.BoardLane": null,
        "System.Tags": "Compliance; Customer",
        "Microsoft.VSTS.TCM.Steps": null,
        "Microsoft.VSTS.TCM.Parameters": null,
        "Microsoft.VSTS.TCM.LocalDataSource": null,
        "Microsoft.VSTS.TCM.AutomationStatus": null,
        "System.History": null
      },
      "relations": null,
      "url": "https://vstsdemodata.visualstudio.com/_apis/wit/workItems/1143"
    },
    {
      "id": 1142,
      "rev": 1,
      "fields": {
        "System.AreaPath": "MyShuttle",
        "System.TeamProject": "MyShuttle",
        "System.IterationPath": "MyShuttle",
        "System.WorkItemType": "Product Backlog Item",
        "System.State": "New",
        "System.Reason": "New backlog item",
        "System.CreatedDate": "2018-01-19T12:19:06.617Z",
        "System.CreatedBy": "Srivatsa Marichi 😎 <ecanarys1@outlook.com>",
        "System.ChangedDate": "2018-01-19T12:19:06.617Z",
        "System.ChangedBy": "Srivatsa Marichi 😎 <ecanarys1@outlook.com>",
        "System.Title": "As a customer, I want to be able to make advanced bookings",
        "Microsoft.VSTS.Scheduling.Effort": 0.0,
        "System.Description": null,
        "System.AssignedTo": null,
        "Microsoft.VSTS.Scheduling.RemainingWork": 0.0,
        "Microsoft.VSTS.Common.Priority": 2.0,
        "System.BoardLane": null,
        "System.Tags": "booking; Customer; shuttle",
        "Microsoft.VSTS.TCM.Steps": null,
        "Microsoft.VSTS.TCM.Parameters": null,
        "Microsoft.VSTS.TCM.LocalDataSource": null,
        "Microsoft.VSTS.TCM.AutomationStatus": null,
        "System.History": null
      },
      "relations": null,
      "url": "https://vstsdemodata.visualstudio.com/_apis/wit/workItems/1142"
    },
    {
      "id": 1141,
      "rev": 1,
      "fields": {
        "System.AreaPath": "MyShuttle",
        "System.TeamProject": "MyShuttle",
        "System.IterationPath": "MyShuttle",
        "System.WorkItemType": "Product Backlog Item",
        "System.State": "New",
        "System.Reason": "New backlog item",
        "System.CreatedDate": "2018-01-19T12:19:06.617Z",
        "System.CreatedBy": "Srivatsa Marichi 😎 <ecanarys1@outlook.com>",
        "System.ChangedDate": "2018-01-19T12:19:06.617Z",
        "System.ChangedBy": "Srivatsa Marichi 😎 <ecanarys1@outlook.com>",
        "System.Title": "As a driver, I want to be able to notify the admin on booking cancellation",
        "Microsoft.VSTS.Scheduling.Effort": 0.0,
        "System.Description": null,
        "System.AssignedTo": null,
        "Microsoft.VSTS.Scheduling.RemainingWork": 0.0,
        "Microsoft.VSTS.Common.Priority": 2.0,
        "System.BoardLane": null,
        "System.Tags": "Admin; Driver; Notification",
        "Microsoft.VSTS.TCM.Steps": null,
        "Microsoft.VSTS.TCM.Parameters": null,
        "Microsoft.VSTS.TCM.LocalDataSource": null,
        "Microsoft.VSTS.TCM.AutomationStatus": null,
        "System.History": null
      },
      "relations": null,
      "url": "https://vstsdemodata.visualstudio.com/_apis/wit/workItems/1141"
    },
    {
      "id": 1140,
      "rev": 1,
      "fields": {
        "System.AreaPath": "MyShuttle",
        "System.TeamProject": "MyShuttle",
        "System.IterationPath": "MyShuttle",
        "System.WorkItemType": "Product Backlog Item",
        "System.State": "New",
        "System.Reason": "New backlog item",
        "System.CreatedDate": "2018-01-19T12:19:06.617Z",
        "System.CreatedBy": "Srivatsa Marichi 😎 <ecanarys1@outlook.com>",
        "System.ChangedDate": "2018-01-19T12:19:06.617Z",
        "System.ChangedBy": "Srivatsa Marichi 😎 <ecanarys1@outlook.com>",
        "System.Title": "Customer should be notified on profile updates",
        "Microsoft.VSTS.Scheduling.Effort": 0.0,
        "System.Description": null,
        "System.AssignedTo": null,
        "Microsoft.VSTS.Scheduling.RemainingWork": 0.0,
        "Microsoft.VSTS.Common.Priority": 2.0,
        "System.BoardLane": null,
        "System.Tags": "Compliance; Customer; Notification",
        "Microsoft.VSTS.TCM.Steps": null,
        "Microsoft.VSTS.TCM.Parameters": null,
        "Microsoft.VSTS.TCM.LocalDataSource": null,
        "Microsoft.VSTS.TCM.AutomationStatus": null,
        "System.History": null
      },
      "relations": null,
      "url": "https://vstsdemodata.visualstudio.com/_apis/wit/workItems/1140"
    },
    {
      "id": 1139,
      "rev": 1,
      "fields": {
        "System.AreaPath": "MyShuttle",
        "System.TeamProject": "MyShuttle",
        "System.IterationPath": "MyShuttle",
        "System.WorkItemType": "Product Backlog Item",
        "System.State": "New",
        "System.Reason": "New backlog item",
        "System.CreatedDate": "2018-01-19T12:19:06.617Z",
        "System.CreatedBy": "Srivatsa Marichi 😎 <ecanarys1@outlook.com>",
        "System.ChangedDate": "2018-01-19T12:19:06.617Z",
        "System.ChangedBy": "Srivatsa Marichi 😎 <ecanarys1@outlook.com>",
        "System.Title": "As a customer, I want to know the estimated fare to the destination",
        "Microsoft.VSTS.Scheduling.Effort": 0.0,
        "System.Description": null,
        "System.AssignedTo": null,
        "Microsoft.VSTS.Scheduling.RemainingWork": 0.0,
        "Microsoft.VSTS.Common.Priority": 2.0,
        "System.BoardLane": null,
        "System.Tags": "Customer; Fares; Shuttle Booking",
        "Microsoft.VSTS.TCM.Steps": null,
        "Microsoft.VSTS.TCM.Parameters": null,
        "Microsoft.VSTS.TCM.LocalDataSource": null,
        "Microsoft.VSTS.TCM.AutomationStatus": null,
        "System.History": null
      },
      "relations": null,
      "url": "https://vstsdemodata.visualstudio.com/_apis/wit/workItems/1139"
    },
    {
      "id": 1138,
      "rev": 1,
      "fields": {
        "System.AreaPath": "MyShuttle",
        "System.TeamProject": "MyShuttle",
        "System.IterationPath": "MyShuttle",
        "System.WorkItemType": "Product Backlog Item",
        "System.State": "New",
        "System.Reason": "New backlog item",
        "System.CreatedDate": "2018-01-19T12:19:06.617Z",
        "System.CreatedBy": "Srivatsa Marichi 😎 <ecanarys1@outlook.com>",
        "System.ChangedDate": "2018-01-19T12:19:06.617Z",
        "System.ChangedBy": "Srivatsa Marichi 😎 <ecanarys1@outlook.com>",
        "System.Title": "As a driver, I want a summary of charges",
        "Microsoft.VSTS.Scheduling.Effort": 0.0,
        "System.Description": null,
        "System.AssignedTo": null,
        "Microsoft.VSTS.Scheduling.RemainingWork": 0.0,
        "Microsoft.VSTS.Common.Priority": 2.0,
        "System.BoardLane": null,
        "System.Tags": "Driver; Fares",
        "Microsoft.VSTS.TCM.Steps": null,
        "Microsoft.VSTS.TCM.Parameters": null,
        "Microsoft.VSTS.TCM.LocalDataSource": null,
        "Microsoft.VSTS.TCM.AutomationStatus": null,
        "System.History": null
      },
      "relations": null,
      "url": "https://vstsdemodata.visualstudio.com/_apis/wit/workItems/1138"
    },
    {
      "id": 1137,
      "rev": 1,
      "fields": {
        "System.AreaPath": "MyShuttle",
        "System.TeamProject": "MyShuttle",
        "System.IterationPath": "MyShuttle",
        "System.WorkItemType": "Product Backlog Item",
        "System.State": "New",
        "System.Reason": "New backlog item",
        "System.CreatedDate": "2018-01-19T12:19:06.617Z",
        "System.CreatedBy": "Srivatsa Marichi 😎 <ecanarys1@outlook.com>",
        "System.ChangedDate": "2018-01-19T12:19:06.617Z",
        "System.ChangedBy": "Srivatsa Marichi 😎 <ecanarys1@outlook.com>",
        "System.Title": "As an adminsitrator, I should be able to see customer travel history",
        "Microsoft.VSTS.Scheduling.Effort": 0.0,
        "System.Description": null,
        "System.AssignedTo": null,
        "Microsoft.VSTS.Scheduling.RemainingWork": 0.0,
        "Microsoft.VSTS.Common.Priority": 2.0,
        "System.BoardLane": null,
        "System.Tags": "Admin; Compliance; Customer; Shuttle Booking",
        "Microsoft.VSTS.TCM.Steps": null,
        "Microsoft.VSTS.TCM.Parameters": null,
        "Microsoft.VSTS.TCM.LocalDataSource": null,
        "Microsoft.VSTS.TCM.AutomationStatus": null,
        "System.History": null
      },
      "relations": null,
      "url": "https://vstsdemodata.visualstudio.com/_apis/wit/workItems/1137"
    },
    {
      "id": 1136,
      "rev": 1,
      "fields": {
        "System.AreaPath": "MyShuttle",
        "System.TeamProject": "MyShuttle",
        "System.IterationPath": "MyShuttle",
        "System.WorkItemType": "Product Backlog Item",
        "System.State": "New",
        "System.Reason": "New backlog item",
        "System.CreatedDate": "2018-01-19T12:19:06.617Z",
        "System.CreatedBy": "Srivatsa Marichi 😎 <ecanarys1@outlook.com>",
        "System.ChangedDate": "2018-01-19T12:19:06.617Z",
        "System.ChangedBy": "Srivatsa Marichi 😎 <ecanarys1@outlook.com>",
        "System.Title": "As a customer, I should be able to sign out of the portal",
        "Microsoft.VSTS.Scheduling.Effort": 0.0,
        "System.Description": null,
        "System.AssignedTo": null,
        "Microsoft.VSTS.Scheduling.RemainingWork": 0.0,
        "Microsoft.VSTS.Common.Priority": 2.0,
        "System.BoardLane": null,
        "System.Tags": "Compliance; Customer",
        "Microsoft.VSTS.TCM.Steps": null,
        "Microsoft.VSTS.TCM.Parameters": null,
        "Microsoft.VSTS.TCM.LocalDataSource": null,
        "Microsoft.VSTS.TCM.AutomationStatus": null,
        "System.History": null
      },
      "relations": null,
      "url": "https://vstsdemodata.visualstudio.com/_apis/wit/workItems/1136"
    },
    {
      "id": 1135,
      "rev": 1,
      "fields": {
        "System.AreaPath": "MyShuttle",
        "System.TeamProject": "MyShuttle",
        "System.IterationPath": "MyShuttle",
        "System.WorkItemType": "Product Backlog Item",
        "System.State": "New",
        "System.Reason": "New backlog item",
        "System.CreatedDate": "2018-01-19T12:19:06.617Z",
        "System.CreatedBy": "Srivatsa Marichi 😎 <ecanarys1@outlook.com>",
        "System.ChangedDate": "2018-01-19T12:19:06.617Z",
        "System.ChangedBy": "Srivatsa Marichi 😎 <ecanarys1@outlook.com>",
        "System.Title": "Load test for 300K peak users scenarios for the upcoming campaign",
        "Microsoft.VSTS.Scheduling.Effort": 0.0,
        "System.Description": null,
        "System.AssignedTo": null,
        "Microsoft.VSTS.Scheduling.RemainingWork": 0.0,
        "Microsoft.VSTS.Common.Priority": 2.0,
        "System.BoardLane": null,
        "System.Tags": null,
        "Microsoft.VSTS.TCM.Steps": null,
        "Microsoft.VSTS.TCM.Parameters": null,
        "Microsoft.VSTS.TCM.LocalDataSource": null,
        "Microsoft.VSTS.TCM.AutomationStatus": null,
        "System.History": null
      },
      "relations": null,
      "url": "https://vstsdemodata.visualstudio.com/_apis/wit/workItems/1135"
    },
    {
      "id": 1134,
      "rev": 1,
      "fields": {
        "System.AreaPath": "MyShuttle",
        "System.TeamProject": "MyShuttle",
        "System.IterationPath": "MyShuttle",
        "System.WorkItemType": "Product Backlog Item",
        "System.State": "New",
        "System.Reason": "New backlog item",
        "System.CreatedDate": "2018-01-19T12:19:06.617Z",
        "System.CreatedBy": "Srivatsa Marichi 😎 <ecanarys1@outlook.com>",
        "System.ChangedDate": "2018-01-19T12:19:06.617Z",
        "System.ChangedBy": "Srivatsa Marichi 😎 <ecanarys1@outlook.com>",
        "System.Title": "Set new Azure subscription for DB teams",
        "Microsoft.VSTS.Scheduling.Effort": 0.0,
        "System.Description": null,
        "System.AssignedTo": null,
        "Microsoft.VSTS.Scheduling.RemainingWork": 0.0,
        "Microsoft.VSTS.Common.Priority": 2.0,
        "System.BoardLane": null,
        "System.Tags": "Azure; Ops",
        "Microsoft.VSTS.TCM.Steps": null,
        "Microsoft.VSTS.TCM.Parameters": null,
        "Microsoft.VSTS.TCM.LocalDataSource": null,
        "Microsoft.VSTS.TCM.AutomationStatus": null,
        "System.History": null
      },
      "relations": null,
      "url": "https://vstsdemodata.visualstudio.com/_apis/wit/workItems/1134"
    },
    {
      "id": 1132,
      "rev": 1,
      "fields": {
        "System.AreaPath": "MyShuttle",
        "System.TeamProject": "MyShuttle",
        "System.IterationPath": "MyShuttle",
        "System.WorkItemType": "Product Backlog Item",
        "System.State": "New",
        "System.Reason": "New backlog item",
        "System.CreatedDate": "2018-01-19T12:19:06.617Z",
        "System.CreatedBy": "Srivatsa Marichi 😎 <ecanarys1@outlook.com>",
        "System.ChangedDate": "2018-01-19T12:19:06.617Z",
        "System.ChangedBy": "Srivatsa Marichi 😎 <ecanarys1@outlook.com>",
        "System.Title": "As a customer, I want to cancel my bookings 30 minutes before pickup",
        "Microsoft.VSTS.Scheduling.Effort": 0.0,
        "System.Description": null,
        "System.AssignedTo": null,
        "Microsoft.VSTS.Scheduling.RemainingWork": 0.0,
        "Microsoft.VSTS.Common.Priority": 2.0,
        "System.BoardLane": null,
        "System.Tags": "Customer; Notification; Shuttle Booking",
        "Microsoft.VSTS.TCM.Steps": null,
        "Microsoft.VSTS.TCM.Parameters": null,
        "Microsoft.VSTS.TCM.LocalDataSource": null,
        "Microsoft.VSTS.TCM.AutomationStatus": null,
        "System.History": null
      },
      "relations": null,
      "url": "https://vstsdemodata.visualstudio.com/_apis/wit/workItems/1132"
    },
    {
      "id": 1131,
      "rev": 1,
      "fields": {
        "System.AreaPath": "MyShuttle",
        "System.TeamProject": "MyShuttle",
        "System.IterationPath": "MyShuttle",
        "System.WorkItemType": "Product Backlog Item",
        "System.State": "New",
        "System.Reason": "New backlog item",
        "System.CreatedDate": "2018-01-19T12:19:06.617Z",
        "System.CreatedBy": "Srivatsa Marichi 😎 <ecanarys1@outlook.com>",
        "System.ChangedDate": "2018-01-19T12:19:06.617Z",
        "System.ChangedBy": "Srivatsa Marichi 😎 <ecanarys1@outlook.com>",
        "System.Title": "Customers should be notified on distruption of services",
        "Microsoft.VSTS.Scheduling.Effort": 0.0,
        "System.Description": null,
        "System.AssignedTo": null,
        "Microsoft.VSTS.Scheduling.RemainingWork": 0.0,
        "Microsoft.VSTS.Common.Priority": 2.0,
        "System.BoardLane": null,
        "System.Tags": null,
        "Microsoft.VSTS.TCM.Steps": null,
        "Microsoft.VSTS.TCM.Parameters": null,
        "Microsoft.VSTS.TCM.LocalDataSource": null,
        "Microsoft.VSTS.TCM.AutomationStatus": null,
        "System.History": null
      },
      "relations": null,
      "url": "https://vstsdemodata.visualstudio.com/_apis/wit/workItems/1131"
    },
    {
      "id": 1130,
      "rev": 1,
      "fields": {
        "System.AreaPath": "MyShuttle",
        "System.TeamProject": "MyShuttle",
        "System.IterationPath": "MyShuttle",
        "System.WorkItemType": "Product Backlog Item",
        "System.State": "New",
        "System.Reason": "New backlog item",
        "System.CreatedDate": "2018-01-19T12:19:06.617Z",
        "System.CreatedBy": "Srivatsa Marichi 😎 <ecanarys1@outlook.com>",
        "System.ChangedDate": "2018-01-19T12:19:06.617Z",
        "System.ChangedBy": "Srivatsa Marichi 😎 <ecanarys1@outlook.com>",
        "System.Title": "As a customer, I want to create a profile and store my personal information so I can quickly book a shuttle",
        "Microsoft.VSTS.Scheduling.Effort": 0.0,
        "System.Description": null,
        "System.AssignedTo": null,
        "Microsoft.VSTS.Scheduling.RemainingWork": 0.0,
        "Microsoft.VSTS.Common.Priority": 2.0,
        "System.BoardLane": null,
        "System.Tags": "Blocked; Compliance; Customer; Driver",
        "Microsoft.VSTS.TCM.Steps": null,
        "Microsoft.VSTS.TCM.Parameters": null,
        "Microsoft.VSTS.TCM.LocalDataSource": null,
        "Microsoft.VSTS.TCM.AutomationStatus": null,
        "System.History": null
      },
      "relations": null,
      "url": "https://vstsdemodata.visualstudio.com/_apis/wit/workItems/1130"
    },
    {
      "id": 1128,
      "rev": 1,
      "fields": {
        "System.AreaPath": "MyShuttle",
        "System.TeamProject": "MyShuttle",
        "System.IterationPath": "MyShuttle",
        "System.WorkItemType": "Product Backlog Item",
        "System.State": "New",
        "System.Reason": "New backlog item",
        "System.CreatedDate": "2018-01-19T12:19:06.617Z",
        "System.CreatedBy": "Srivatsa Marichi 😎 <ecanarys1@outlook.com>",
        "System.ChangedDate": "2018-01-19T12:19:06.617Z",
        "System.ChangedBy": "Srivatsa Marichi 😎 <ecanarys1@outlook.com>",
        "System.Title": "As a customer, I want to be able to print receipts of my past travel",
        "Microsoft.VSTS.Scheduling.Effort": 0.0,
        "System.Description": null,
        "System.AssignedTo": null,
        "Microsoft.VSTS.Scheduling.RemainingWork": 0.0,
        "Microsoft.VSTS.Common.Priority": 2.0,
        "System.BoardLane": null,
        "System.Tags": "Customer; Fares; Shuttle Booking",
        "Microsoft.VSTS.TCM.Steps": null,
        "Microsoft.VSTS.TCM.Parameters": null,
        "Microsoft.VSTS.TCM.LocalDataSource": null,
        "Microsoft.VSTS.TCM.AutomationStatus": null,
        "System.History": null
      },
      "relations": null,
      "url": "https://vstsdemodata.visualstudio.com/_apis/wit/workItems/1128"
    },
    {
      "id": 1117,
      "rev": 2,
      "fields": {
        "System.AreaPath": "MyShuttle",
        "System.TeamProject": "MyShuttle",
        "System.IterationPath": "MyShuttle\\Sprint 1",
        "System.WorkItemType": "Product Backlog Item",
        "System.State": "New",
        "System.Reason": "New backlog item",
        "System.CreatedDate": "2018-01-19T12:19:06.617Z",
        "System.CreatedBy": "Srivatsa Marichi 😎 <ecanarys1@outlook.com>",
        "System.ChangedDate": "2018-01-19T12:55:59.567Z",
        "System.ChangedBy": "Srivatsa Marichi 😎 <ecanarys1@outlook.com>",
        "System.Title": "As a customer I want to be able to identify the location of the shuttle",
        "Microsoft.VSTS.Scheduling.Effort": 0.0,
        "System.Description": null,
        "System.AssignedTo": null,
        "Microsoft.VSTS.Scheduling.RemainingWork": 0.0,
        "Microsoft.VSTS.Common.Priority": 2.0,
        "System.BoardLane": null,
        "System.Tags": "Customer; Geolocation; Notification",
        "Microsoft.VSTS.TCM.Steps": null,
        "Microsoft.VSTS.TCM.Parameters": null,
        "Microsoft.VSTS.TCM.LocalDataSource": null,
        "Microsoft.VSTS.TCM.AutomationStatus": null,
        "System.History": null
      },
      "relations": null,
      "url": "https://vstsdemodata.visualstudio.com/_apis/wit/workItems/1117"
    },
    {
      "id": 1091,
      "rev": 2,
      "fields": {
        "System.AreaPath": "MyShuttle",
        "System.TeamProject": "MyShuttle",
        "System.IterationPath": "MyShuttle\\Sprint 1",
        "System.WorkItemType": "Product Backlog Item",
        "System.State": "New",
        "System.Reason": "New backlog item",
        "System.CreatedDate": "2018-01-19T12:19:06.617Z",
        "System.CreatedBy": "Srivatsa Marichi 😎 <ecanarys1@outlook.com>",
        "System.ChangedDate": "2018-01-19T12:55:59.567Z",
        "System.ChangedBy": "Srivatsa Marichi 😎 <ecanarys1@outlook.com>",
        "System.Title": "Move INTPPE environment to Azure",
        "Microsoft.VSTS.Scheduling.Effort": 0.0,
        "System.Description": null,
        "System.AssignedTo": null,
        "Microsoft.VSTS.Scheduling.RemainingWork": 0.0,
        "Microsoft.VSTS.Common.Priority": 2.0,
        "System.BoardLane": null,
        "System.Tags": "Azure; Ops",
        "Microsoft.VSTS.TCM.Steps": null,
        "Microsoft.VSTS.TCM.Parameters": null,
        "Microsoft.VSTS.TCM.LocalDataSource": null,
        "Microsoft.VSTS.TCM.AutomationStatus": null,
        "System.History": null
      },
      "relations": null,
      "url": "https://vstsdemodata.visualstudio.com/_apis/wit/workItems/1091"
    },
    {
      "id": 1133,
      "rev": 2,
      "fields": {
        "System.AreaPath": "MyShuttle",
        "System.TeamProject": "MyShuttle",
        "System.IterationPath": "MyShuttle\\Sprint 1",
        "System.WorkItemType": "Product Backlog Item",
        "System.State": "New",
        "System.Reason": "New backlog item",
        "System.CreatedDate": "2018-01-19T12:19:06.617Z",
        "System.CreatedBy": "Srivatsa Marichi 😎 <ecanarys1@outlook.com>",
        "System.ChangedDate": "2018-01-19T12:56:12.327Z",
        "System.ChangedBy": "Srivatsa Marichi 😎 <ecanarys1@outlook.com>",
        "System.Title": "Upgrade data storage capacity",
        "Microsoft.VSTS.Scheduling.Effort": 0.0,
        "System.Description": null,
        "System.AssignedTo": null,
        "Microsoft.VSTS.Scheduling.RemainingWork": 0.0,
        "Microsoft.VSTS.Common.Priority": 2.0,
        "System.BoardLane": null,
        "System.Tags": "Azure; Ops",
        "Microsoft.VSTS.TCM.Steps": null,
        "Microsoft.VSTS.TCM.Parameters": null,
        "Microsoft.VSTS.TCM.LocalDataSource": null,
        "Microsoft.VSTS.TCM.AutomationStatus": null,
        "System.History": null
      },
      "relations": null,
      "url": "https://vstsdemodata.visualstudio.com/_apis/wit/workItems/1133"
    }
  ],
  "HttpStatusCode": 0
}