{
  "count": 27,
  "value": [
    {
      "id": 1167,
      "rev": 1,
      "fields": {
        "System.AreaPath": "MyShuttle",
        "System.TeamProject": "MyShuttle",
        "System.IterationPath": "MyShuttle",
        "System.WorkItemType": "Task",
        "System.State": "To Do",
        "System.Reason": "New task",
        "System.CreatedDate": "2018-01-19T12:19:06.617Z",
        "System.CreatedBy": "Srivatsa Marichi 😎 <ecanarys1@outlook.com>",
        "System.ChangedDate": "2018-01-19T12:19:06.617Z",
        "System.ChangedBy": "Srivatsa Marichi 😎 <ecanarys1@outlook.com>",
        "System.Title": "Change on the data capacity to 512TB on MSVRAID",
        "Microsoft.VSTS.Scheduling.Effort": 0.0,
        "System.Description": null,
        "System.AssignedTo": null,
        "Microsoft.VSTS.Scheduling.RemainingWork": 0.0,
        "Microsoft.VSTS.Common.Priority": 2.0,
        "System.BoardLane": null,
        "System.Tags": null,
        "Microsoft.VSTS.TCM.Steps": null,
        "Microsoft.VSTS.TCM.Parameters": null,
        "Microsoft.VSTS.TCM.LocalDataSource": null,
        "Microsoft.VSTS.TCM.AutomationStatus": null,
        "System.History": null
      },
      "relations": null,
      "url": "https://vstsdemodata.visualstudio.com/_apis/wit/workItems/1167"
    },
    {
      "id": 1166,
      "rev": 1,
      "fields": {
        "System.AreaPath": "MyShuttle",
        "System.TeamProject": "MyShuttle",
        "System.IterationPath": "MyShuttle",
        "System.WorkItemType": "Task",
        "System.State": "To Do",
        "System.Reason": "New task",
        "System.CreatedDate": "2018-01-19T12:19:06.617Z",
        "System.CreatedBy": "Srivatsa Marichi 😎 <ecanarys1@outlook.com>",
        "System.ChangedDate": "2018-01-19T12:19:06.617Z",
        "System.ChangedBy": "Srivatsa Marichi 😎 <ecanarys1@outlook.com>",
        "System.Title": "Custom Notification to Customer",
        "Microsoft.VSTS.Scheduling.Effort": 0.0,
        "System.Description": null,
        "System.AssignedTo": null,
        "Microsoft.VSTS.Scheduling.RemainingWork": 0.0,
        "Microsoft.VSTS.Common.Priority": 2.0,
        "System.BoardLane": null,
        "System.Tags": null,
        "Microsoft.VSTS.TCM.Steps": null,
        "Microsoft.VSTS.TCM.Parameters": null,
        "Microsoft.VSTS.TCM.LocalDataSource": null,
        "Microsoft.VSTS.TCM.AutomationStatus": null,
        "System.History": null
      },
      "relations": null,
      "url": "https://vstsdemodata.visualstudio.com/_apis/wit/workItems/1166"
    },
    {
      "id": 1165,
      "rev": 1,
      "fields": {
        "System.AreaPath": "MyShuttle",
        "System.TeamProject": "MyShuttle",
        "System.IterationPath": "MyShuttle",
        "System.WorkItemType": "Task",
        "System.State": "To Do",
        "System.Reason": "New task",
        "System.CreatedDate": "2018-01-19T12:19:06.617Z",
        "System.CreatedBy": "Srivatsa Marichi 😎 <ecanarys1@outlook.com>",
        "System.ChangedDate": "2018-01-19T12:19:06.617Z",
        "System.ChangedBy": "Srivatsa Marichi 😎 <ecanarys1@outlook.com>",
        "System.Title": "Passenger info retrieval option to be added",
        "Microsoft.VSTS.Scheduling.Effort": 0.0,
        "System.Description": null,
        "System.AssignedTo": null,
        "Microsoft.VSTS.Scheduling.RemainingWork": 0.0,
        "Microsoft.VSTS.Common.Priority": 2.0,
        "System.BoardLane": null,
        "System.Tags": null,
        "Microsoft.VSTS.TCM.Steps": null,
        "Microsoft.VSTS.TCM.Parameters": null,
        "Microsoft.VSTS.TCM.LocalDataSource": null,
        "Microsoft.VSTS.TCM.AutomationStatus": null,
        "System.History": null
      },
      "relations": null,
      "url": "https://vstsdemodata.visualstudio.com/_apis/wit/workItems/1165"
    },
    {
      "id": 1164,
      "rev": 1,
      "fields": {
        "System.AreaPath": "MyShuttle",
        "System.TeamProject": "MyShuttle",
        "System.IterationPath": "MyShuttle",
        "System.WorkItemType": "Task",
        "System.State": "To Do",
        "System.Reason": "New task",
        "System.CreatedDate": "2018-01-19T12:19:06.617Z",
        "System.CreatedBy": "Srivatsa Marichi 😎 <ecanarys1@outlook.com>",
        "System.ChangedDate": "2018-01-19T12:19:06.617Z",
        "System.ChangedBy": "Srivatsa Marichi 😎 <ecanarys1@outlook.com>",
        "System.Title": "Test route calculation",
        "Microsoft.VSTS.Scheduling.Effort": 0.0,
        "System.Description": null,
        "System.AssignedTo": null,
        "Microsoft.VSTS.Scheduling.RemainingWork": 0.0,
        "Microsoft.VSTS.Common.Priority": 2.0,
        "System.BoardLane": null,
        "System.Tags": null,
        "Microsoft.VSTS.TCM.Steps": null,
        "Microsoft.VSTS.TCM.Parameters": null,
        "Microsoft.VSTS.TCM.LocalDataSource": null,
        "Microsoft.VSTS.TCM.AutomationStatus": null,
        "System.History": null
      },
      "relations": null,
      "url": "https://vstsdemodata.visualstudio.com/_apis/wit/workItems/1164"
    },
    {
      "id": 1163,
      "rev": 1,
      "fields": {
        "System.AreaPath": "MyShuttle",
        "System.TeamProject": "MyShuttle",
        "System.IterationPath": "MyShuttle",
        "System.WorkItemType": "Task",
        "System.State": "To Do",
        "System.Reason": "New task",
        "System.CreatedDate": "2018-01-19T12:19:06.617Z",
        "System.CreatedBy": "Srivatsa Marichi 😎 <ecanarys1@outlook.com>",
        "System.ChangedDate": "2018-01-19T12:19:06.617Z",
        "System.ChangedBy": "Srivatsa Marichi 😎 <ecanarys1@outlook.com>",
        "System.Title": "Aggregate the summary data in the model",
        "Microsoft.VSTS.Scheduling.Effort": 0.0,
        "System.Description": null,
        "System.AssignedTo": null,
        "Microsoft.VSTS.Scheduling.RemainingWork": 0.0,
        "Microsoft.VSTS.Common.Priority": 2.0,
        "System.BoardLane": null,
        "System.Tags": null,
        "Microsoft.VSTS.TCM.Steps": null,
        "Microsoft.VSTS.TCM.Parameters": null,
        "Microsoft.VSTS.TCM.LocalDataSource": null,
        "Microsoft.VSTS.TCM.AutomationStatus": null,
        "System.History": null
      },
      "relations": null,
      "url": "https://vstsdemodata.visualstudio.com/_apis/wit/workItems/1163"
    },
    {
      "id": 1162,
      "rev": 1,
      "fields": {
        "System.AreaPath": "MyShuttle",
        "System.TeamProject": "MyShuttle",
        "System.IterationPath": "MyShuttle",
        "System.WorkItemType": "Task",
        "System.State": "To Do",
        "System.Reason": "New task",
        "System.CreatedDate": "2018-01-19T12:19:06.617Z",
        "System.CreatedBy": "Srivatsa Marichi 😎 <ecanarys1@outlook.com>",
        "System.ChangedDate": "2018-01-19T12:19:06.617Z",
        "System.ChangedBy": "Srivatsa Marichi 😎 <ecanarys1@outlook.com>",
        "System.Title": "Add the view UI for the total",
        "Microsoft.VSTS.Scheduling.Effort": 0.0,
        "System.Description": null,
        "System.AssignedTo": null,
        "Microsoft.VSTS.Scheduling.RemainingWork": 0.0,
        "Microsoft.VSTS.Common.Priority": 2.0,
        "System.BoardLane": null,
        "System.Tags": null,
        "Microsoft.VSTS.TCM.Steps": null,
        "Microsoft.VSTS.TCM.Parameters": null,
        "Microsoft.VSTS.TCM.LocalDataSource": null,
        "Microsoft.VSTS.TCM.AutomationStatus": null,
        "System.History": null
      },
      "relations": null,
      "url": "https://vstsdemodata.visualstudio.com/_apis/wit/workItems/1162"
    },
    {
      "id": 1161,
      "rev": 1,
      "fields": {
        "System.AreaPath": "MyShuttle",
        "System.TeamProject": "MyShuttle",
        "System.IterationPath": "MyShuttle",
        "System.WorkItemType": "Task",
        "System.State": "To Do",
        "System.Reason": "New task",
        "System.CreatedDate": "2018-01-19T12:19:06.617Z",
        "System.CreatedBy": "Srivatsa Marichi 😎 <ecanarys1@outlook.com>",
        "System.ChangedDate": "2018-01-19T12:19:06.617Z",
        "System.ChangedBy": "Srivatsa Marichi 😎 <ecanarys1@outlook.com>",
        "System.Title": "Update Notification",
        "Microsoft.VSTS.Scheduling.Effort": 0.0,
        "System.Description": null,
        "System.AssignedTo": null,
        "Microsoft.VSTS.Scheduling.RemainingWork": 0.0,
        "Microsoft.VSTS.Common.Priority": 2.0,
        "System.BoardLane": null,
        "System.Tags": null,
        "Microsoft.VSTS.TCM.Steps": null,
        "Microsoft.VSTS.TCM.Parameters": null,
        "Microsoft.VSTS.TCM.LocalDataSource": null,
        "Microsoft.VSTS.TCM.AutomationStatus": null,
        "System.History": null
      },
      "relations": null,
      "url": "https://vstsdemodata.visualstudio.com/_apis/wit/workItems/1161"
    },
    {
      "id": 1160,
      "rev": 1,
      "fields": {
        "System.AreaPath": "MyShuttle",
        "System.TeamProject": "MyShuttle",
        "System.IterationPath": "MyShuttle",
        "System.WorkItemType": "Task",
        "System.State": "To Do",
        "System.Reason": "New task",
        "System.CreatedDate": "2018-01-19T12:19:06.617Z",
        "System.CreatedBy": "Srivatsa Marichi 😎 <ecanarys1@outlook.com>",
        "System.ChangedDate": "2018-01-19T12:19:06.617Z",
        "System.ChangedBy": "Srivatsa Marichi 😎 <ecanarys1@outlook.com>",
        "System.Title": "Review Legal Terms",
        "Microsoft.VSTS.Scheduling.Effort": 0.0,
        "System.Description": null,
        "System.AssignedTo": null,
        "Microsoft.VSTS.Scheduling.RemainingWork": 0.0,
        "Microsoft.VSTS.Common.Priority": 2.0,
        "System.BoardLane": null,
        "System.Tags": null,
        "Microsoft.VSTS.TCM.Steps": null,
        "Microsoft.VSTS.TCM.Parameters": null,
        "Microsoft.VSTS.TCM.LocalDataSource": null,
        "Microsoft.VSTS.TCM.AutomationStatus": null,
        "System.History": null
      },
      "relations": null,
      "url": "https://vstsdemodata.visualstudio.com/_apis/wit/workItems/1160"
    },
    {
      "id": 1159,
      "rev": 1,
      "fields": {
        "System.AreaPath": "MyShuttle",
        "System.TeamProject": "MyShuttle",
        "System.IterationPath": "MyShuttle",
        "System.WorkItemType": "Task",
        "System.State": "To Do",
        "System.Reason": "New task",
        "System.CreatedDate": "2018-01-19T12:19:06.617Z",
        "System.CreatedBy": "Srivatsa Marichi 😎 <ecanarys1@outlook.com>",
        "System.ChangedDate": "2018-01-19T12:19:06.617Z",
        "System.ChangedBy": "Srivatsa Marichi 😎 <ecanarys1@outlook.com>",
        "System.Title": "Estimated Time Calculator",
        "Microsoft.VSTS.Scheduling.Effort": 0.0,
        "System.Description": null,
        "System.AssignedTo": null,
        "Microsoft.VSTS.Scheduling.RemainingWork": 0.0,
        "Microsoft.VSTS.Common.Priority": 2.0,
        "System.BoardLane": null,
        "System.Tags": null,
        "Microsoft.VSTS.TCM.Steps": null,
        "Microsoft.VSTS.TCM.Parameters": null,
        "Microsoft.VSTS.TCM.LocalDataSource": null,
        "Microsoft.VSTS.TCM.AutomationStatus": null,
        "System.History": null
      },
      "relations": null,
      "url": "https://vstsdemodata.visualstudio.com/_apis/wit/workItems/1159"
    },
    {
      "id": 1158,
      "rev": 1,
      "fields": {
        "System.AreaPath": "MyShuttle",
        "System.TeamProject": "MyShuttle",
        "System.IterationPath": "MyShuttle",
        "System.WorkItemType": "Task",
        "System.State": "To Do",
        "System.Reason": "New task",
        "System.CreatedDate": "2018-01-19T12:19:06.617Z",
        "System.CreatedBy": "Srivatsa Marichi 😎 <ecanarys1@outlook.com>",
        "System.ChangedDate": "2018-01-19T12:19:06.617Z",
        "System.ChangedBy": "Srivatsa Marichi 😎 <ecanarys1@outlook.com>",
        "System.Title": "Distance Calculator - GeoLocate Current Point",
        "Microsoft.VSTS.Scheduling.Effort": 0.0,
        "System.Description": null,
        "System.AssignedTo": null,
        "Microsoft.VSTS.Scheduling.RemainingWork": 0.0,
        "Microsoft.VSTS.Common.Priority": 2.0,
        "System.BoardLane": null,
        "System.Tags": null,
        "Microsoft.VSTS.TCM.Steps": null,
        "Microsoft.VSTS.TCM.Parameters": null,
        "Microsoft.VSTS.TCM.LocalDataSource": null,
        "Microsoft.VSTS.TCM.AutomationStatus": null,
        "System.History": null
      },
      "relations": null,
      "url": "https://vstsdemodata.visualstudio.com/_apis/wit/workItems/1158"
    },
    {
      "id": 1152,
      "rev": 1,
      "fields": {
        "System.AreaPath": "MyShuttle",
        "System.TeamProject": "MyShuttle",
        "System.IterationPath": "MyShuttle",
        "System.WorkItemType": "Task",
        "System.State": "To Do",
        "System.Reason": "New task",
        "System.CreatedDate": "2018-01-19T12:19:06.617Z",
        "System.CreatedBy": "Srivatsa Marichi 😎 <ecanarys1@outlook.com>",
        "System.ChangedDate": "2018-01-19T12:19:06.617Z",
        "System.ChangedBy": "Srivatsa Marichi 😎 <ecanarys1@outlook.com>",
        "System.Title": "Profile Details",
        "Microsoft.VSTS.Scheduling.Effort": 0.0,
        "System.Description": null,
        "System.AssignedTo": null,
        "Microsoft.VSTS.Scheduling.RemainingWork": 0.0,
        "Microsoft.VSTS.Common.Priority": 2.0,
        "System.BoardLane": null,
        "System.Tags": null,
        "Microsoft.VSTS.TCM.Steps": null,
        "Microsoft.VSTS.TCM.Parameters": null,
        "Microsoft.VSTS.TCM.LocalDataSource": null,
        "Microsoft.VSTS.TCM.AutomationStatus": null,
        "System.History": null
      },
      "relations": null,
      "url": "https://vstsdemodata.visualstudio.com/_apis/wit/workItems/1152"
    },
    {
      "id": 1151,
      "rev": 1,
      "fields": {
        "System.AreaPath": "MyShuttle",
        "System.TeamProject": "MyShuttle",
        "System.IterationPath": "MyShuttle",
        "System.WorkItemType": "Task",
        "System.State": "To Do",
        "System.Reason": "New task",
        "System.CreatedDate": "2018-01-19T12:19:06.617Z",
        "System.CreatedBy": "Srivatsa Marichi 😎 <ecanarys1@outlook.com>",
        "System.ChangedDate": "2018-01-19T12:19:06.617Z",
        "System.ChangedBy": "Srivatsa Marichi 😎 <ecanarys1@outlook.com>",
        "System.Title": "Test Cancellation Scenarios",
        "Microsoft.VSTS.Scheduling.Effort": 0.0,
        "System.Description": null,
        "System.AssignedTo": null,
        "Microsoft.VSTS.Scheduling.RemainingWork": 0.0,
        "Microsoft.VSTS.Common.Priority": 2.0,
        "System.BoardLane": null,
        "System.Tags": null,
        "Microsoft.VSTS.TCM.Steps": null,
        "Microsoft.VSTS.TCM.Parameters": null,
        "Microsoft.VSTS.TCM.LocalDataSource": null,
        "Microsoft.VSTS.TCM.AutomationStatus": null,
        "System.History": null
      },
      "relations": null,
      "url": "https://vstsdemodata.visualstudio.com/_apis/wit/workItems/1151"
    },
    {
      "id": 1150,
      "rev": 1,
      "fields": {
        "System.AreaPath": "MyShuttle",
        "System.TeamProject": "MyShuttle",
        "System.IterationPath": "MyShuttle",
        "System.WorkItemType": "Task",
        "System.State": "To Do",
        "System.Reason": "New task",
        "System.CreatedDate": "2018-01-19T12:19:06.617Z",
        "System.CreatedBy": "Srivatsa Marichi 😎 <ecanarys1@outlook.com>",
        "System.ChangedDate": "2018-01-19T12:19:06.617Z",
        "System.ChangedBy": "Srivatsa Marichi 😎 <ecanarys1@outlook.com>",
        "System.Title": "Cancellation Notification to Driver",
        "Microsoft.VSTS.Scheduling.Effort": 0.0,
        "System.Description": null,
        "System.AssignedTo": null,
        "Microsoft.VSTS.Scheduling.RemainingWork": 0.0,
        "Microsoft.VSTS.Common.Priority": 2.0,
        "System.BoardLane": null,
        "System.Tags": null,
        "Microsoft.VSTS.TCM.Steps": null,
        "Microsoft.VSTS.TCM.Parameters": null,
        "Microsoft.VSTS.TCM.LocalDataSource": null,
        "Microsoft.VSTS.TCM.AutomationStatus": null,
        "System.History": null
      },
      "relations": null,
      "url": "https://vstsdemodata.visualstudio.com/_apis/wit/workItems/1150"
    },
    {
      "id": 1149,
      "rev": 1,
      "fields": {
        "System.AreaPath": "MyShuttle",
        "System.TeamProject": "MyShuttle",
        "System.IterationPath": "MyShuttle",
        "System.WorkItemType": "Task",
        "System.State": "To Do",
        "System.Reason": "New task",
        "System.CreatedDate": "2018-01-19T12:19:06.617Z",
        "System.CreatedBy": "Srivatsa Marichi 😎 <ecanarys1@outlook.com>",
        "System.ChangedDate": "2018-01-19T12:19:06.617Z",
        "System.ChangedBy": "Srivatsa Marichi 😎 <ecanarys1@outlook.com>",
        "System.Title": "Cancellation Conditions",
        "Microsoft.VSTS.Scheduling.Effort": 0.0,
        "System.Description": null,
        "System.AssignedTo": null,
        "Microsoft.VSTS.Scheduling.RemainingWork": 0.0,
        "Microsoft.VSTS.Common.Priority": 2.0,
        "System.BoardLane": null,
        "System.Tags": null,
        "Microsoft.VSTS.TCM.Steps": null,
        "Microsoft.VSTS.TCM.Parameters": null,
        "Microsoft.VSTS.TCM.LocalDataSource": null,
        "Microsoft.VSTS.TCM.AutomationStatus": null,
        "System.History": null
      },
      "relations": null,
      "url": "https://vstsdemodata.visualstudio.com/_apis/wit/workItems/1149"
    },
    {
      "id": 1146,
      "rev": 1,
      "fields": {
        "System.AreaPath": "MyShuttle",
        "System.TeamProject": "MyShuttle",
        "System.IterationPath": "MyShuttle",
        "System.WorkItemType": "Task",
        "System.State": "To Do",
        "System.Reason": "New task",
        "System.CreatedDate": "2018-01-19T12:19:06.617Z",
        "System.CreatedBy": "Srivatsa Marichi 😎 <ecanarys1@outlook.com>",
        "System.ChangedDate": "2018-01-19T12:19:06.617Z",
        "System.ChangedBy": "Srivatsa Marichi 😎 <ecanarys1@outlook.com>",
        "System.Title": "Add Billing Address",
        "Microsoft.VSTS.Scheduling.Effort": 0.0,
        "System.Description": null,
        "System.AssignedTo": null,
        "Microsoft.VSTS.Scheduling.RemainingWork": 0.0,
        "Microsoft.VSTS.Common.Priority": 2.0,
        "System.BoardLane": null,
        "System.Tags": null,
        "Microsoft.VSTS.TCM.Steps": null,
        "Microsoft.VSTS.TCM.Parameters": null,
        "Microsoft.VSTS.TCM.LocalDataSource": null,
        "Microsoft.VSTS.TCM.AutomationStatus": null,
        "System.History": null
      },
      "relations": null,
      "url": "https://vstsdemodata.visualstudio.com/_apis/wit/workItems/1146"
    },
    {
      "id": 1145,
      "rev": 1,
      "fields": {
        "System.AreaPath": "MyShuttle",
        "System.TeamProject": "MyShuttle",
        "System.IterationPath": "MyShuttle",
        "System.WorkItemType": "Task",
        "System.State": "To Do",
        "System.Reason": "New task",
        "System.CreatedDate": "2018-01-19T12:19:06.617Z",
        "System.CreatedBy": "Srivatsa Marichi 😎 <ecanarys1@outlook.com>",
        "System.ChangedDate": "2018-01-19T12:19:06.617Z",
        "System.ChangedBy": "Srivatsa Marichi 😎 <ecanarys1@outlook.com>",
        "System.Title": "Add Another Card Option",
        "Microsoft.VSTS.Scheduling.Effort": 0.0,
        "System.Description": null,
        "System.AssignedTo": null,
        "Microsoft.VSTS.Scheduling.RemainingWork": 0.0,
        "Microsoft.VSTS.Common.Priority": 2.0,
        "System.BoardLane": null,
        "System.Tags": null,
        "Microsoft.VSTS.TCM.Steps": null,
        "Microsoft.VSTS.TCM.Parameters": null,
        "Microsoft.VSTS.TCM.LocalDataSource": null,
        "Microsoft.VSTS.TCM.AutomationStatus": null,
        "System.History": null
      },
      "relations": null,
      "url": "https://vstsdemodata.visualstudio.com/_apis/wit/workItems/1145"
    },
    {
      "id": 1144,
      "rev": 1,
      "fields": {
        "System.AreaPath": "MyShuttle",
        "System.TeamProject": "MyShuttle",
        "System.IterationPath": "MyShuttle",
        "System.WorkItemType": "Task",
        "System.State": "To Do",
        "System.Reason": "New task",
        "System.CreatedDate": "2018-01-19T12:19:06.617Z",
        "System.CreatedBy": "Srivatsa Marichi 😎 <ecanarys1@outlook.com>",
        "System.ChangedDate": "2018-01-19T12:19:06.617Z",
        "System.ChangedBy": "Srivatsa Marichi 😎 <ecanarys1@outlook.com>",
        "System.Title": "Add a update profile option",
        "Microsoft.VSTS.Scheduling.Effort": 0.0,
        "System.Description": null,
        "System.AssignedTo": null,
        "Microsoft.VSTS.Scheduling.RemainingWork": 0.0,
        "Microsoft.VSTS.Common.Priority": 2.0,
        "System.BoardLane": null,
        "System.Tags": null,
        "Microsoft.VSTS.TCM.Steps": null,
        "Microsoft.VSTS.TCM.Parameters": null,
        "Microsoft.VSTS.TCM.LocalDataSource": null,
        "Microsoft.VSTS.TCM.AutomationStatus": null,
        "System.History": null
      },
      "relations": null,
      "url": "https://vstsdemodata.visualstudio.com/_apis/wit/workItems/1144"
    },
    {
      "id": 1129,
      "rev": 1,
      "fields": {
        "System.AreaPath": "MyShuttle",
        "System.TeamProject": "MyShuttle",
        "System.IterationPath": "MyShuttle",
        "System.WorkItemType": "Task",
        "System.State": "To Do",
        "System.Reason": "New task",
        "System.CreatedDate": "2018-01-19T12:19:06.617Z",
        "System.CreatedBy": "Srivatsa Marichi 😎 <ecanarys1@outlook.com>",
        "System.ChangedDate": "2018-01-19T12:19:06.617Z",
        "System.ChangedBy": "Srivatsa Marichi 😎 <ecanarys1@outlook.com>",
        "System.Title": "Document terms and conditions of the disclaimer",
        "Microsoft.VSTS.Scheduling.Effort": 0.0,
        "System.Description": null,
        "System.AssignedTo": null,
        "Microsoft.VSTS.Scheduling.RemainingWork": 0.0,
        "Microsoft.VSTS.Common.Priority": 2.0,
        "System.BoardLane": null,
        "System.Tags": null,
        "Microsoft.VSTS.TCM.Steps": null,
        "Microsoft.VSTS.TCM.Parameters": null,
        "Microsoft.VSTS.TCM.LocalDataSource": null,
        "Microsoft.VSTS.TCM.AutomationStatus": null,
        "System.History": null
      },
      "relations": null,
      "url": "https://vstsdemodata.visualstudio.com/_apis/wit/workItems/1129"
    },
    {
      "id": 1127,
      "rev": 1,
      "fields": {
        "System.AreaPath": "MyShuttle",
        "System.TeamProject": "MyShuttle",
        "System.IterationPath": "MyShuttle",
        "System.WorkItemType": "Task",
        "System.State": "To Do",
        "System.Reason": "New task",
        "System.CreatedDate": "2018-01-19T12:19:06.617Z",
        "System.CreatedBy": "Srivatsa Marichi 😎 <ecanarys1@outlook.com>",
        "System.ChangedDate": "2018-01-19T12:19:06.617Z",
        "System.ChangedBy": "Srivatsa Marichi 😎 <ecanarys1@outlook.com>",
        "System.Title": "Update doc on the calculation method",
        "Microsoft.VSTS.Scheduling.Effort": 0.0,
        "System.Description": null,
        "System.AssignedTo": null,
        "Microsoft.VSTS.Scheduling.RemainingWork": 0.0,
        "Microsoft.VSTS.Common.Priority": 2.0,
        "System.BoardLane": null,
        "System.Tags": null,
        "Microsoft.VSTS.TCM.Steps": null,
        "Microsoft.VSTS.TCM.Parameters": null,
        "Microsoft.VSTS.TCM.LocalDataSource": null,
        "Microsoft.VSTS.TCM.AutomationStatus": null,
        "System.History": null
      },
      "relations": null,
      "url": "https://vstsdemodata.visualstudio.com/_apis/wit/workItems/1127"
    },
    {
      "id": 1121,
      "rev": 1,
      "fields": {
        "System.AreaPath": "MyShuttle",
        "System.TeamProject": "MyShuttle",
        "System.IterationPath": "MyShuttle",
        "System.WorkItemType": "Task",
        "System.State": "To Do",
        "System.Reason": "New task",
        "System.CreatedDate": "2018-01-19T12:19:06.617Z",
        "System.CreatedBy": "Srivatsa Marichi 😎 <ecanarys1@outlook.com>",
        "System.ChangedDate": "2018-01-19T12:19:06.617Z",
        "System.ChangedBy": "Srivatsa Marichi 😎 <ecanarys1@outlook.com>",
        "System.Title": "Calculate the total for the total fare",
        "Microsoft.VSTS.Scheduling.Effort": 0.0,
        "System.Description": null,
        "System.AssignedTo": null,
        "Microsoft.VSTS.Scheduling.RemainingWork": 0.0,
        "Microsoft.VSTS.Common.Priority": 2.0,
        "System.BoardLane": null,
        "System.Tags": null,
        "Microsoft.VSTS.TCM.Steps": null,
        "Microsoft.VSTS.TCM.Parameters": null,
        "Microsoft.VSTS.TCM.LocalDataSource": null,
        "Microsoft.VSTS.TCM.AutomationStatus": null,
        "System.History": null
      },
      "relations": null,
      "url": "https://vstsdemodata.visualstudio.com/_apis/wit/workItems/1121"
    },
    {
      "id": 1120,
      "rev": 1,
      "fields": {
        "System.AreaPath": "MyShuttle",
        "System.TeamProject": "MyShuttle",
        "System.IterationPath": "MyShuttle",
        "System.WorkItemType": "Task",
        "System.State": "To Do",
        "System.Reason": "New task",
        "System.CreatedDate": "2018-01-19T12:19:06.617Z",
        "System.CreatedBy": "Srivatsa Marichi 😎 <ecanarys1@outlook.com>",
        "System.ChangedDate": "2018-01-19T12:19:06.617Z",
        "System.ChangedBy": "Srivatsa Marichi 😎 <ecanarys1@outlook.com>",
        "System.Title": "Calculate total for the trips",
        "Microsoft.VSTS.Scheduling.Effort": 0.0,
        "System.Description": null,
        "System.AssignedTo": null,
        "Microsoft.VSTS.Scheduling.RemainingWork": 0.0,
        "Microsoft.VSTS.Common.Priority": 2.0,
        "System.BoardLane": null,
        "System.Tags": null,
        "Microsoft.VSTS.TCM.Steps": null,
        "Microsoft.VSTS.TCM.Parameters": null,
        "Microsoft.VSTS.TCM.LocalDataSource": null,
        "Microsoft.VSTS.TCM.AutomationStatus": null,
        "System.History": null
      },
      "relations": null,
      "url": "https://vstsdemodata.visualstudio.com/_apis/wit/workItems/1120"
    },
    {
      "id": 1119,
      "rev": 1,
      "fields": {
        "System.AreaPath": "MyShuttle",
        "System.TeamProject": "MyShuttle",
        "System.IterationPath": "MyShuttle",
        "System.WorkItemType": "Task",
        "System.State": "To Do",
        "System.Reason": "New task",
        "System.CreatedDate": "2018-01-19T12:19:06.617Z",
        "System.CreatedBy": "Srivatsa Marichi 😎 <ecanarys1@outlook.com>",
        "System.ChangedDate": "2018-01-19T12:19:06.617Z",
        "System.ChangedBy": "Srivatsa Marichi 😎 <ecanarys1@outlook.com>",
        "System.Title": "Add a row to the table in the fares home page",
        "Microsoft.VSTS.Scheduling.Effort": 0.0,
        "System.Description": null,
        "System.AssignedTo": null,
        "Microsoft.VSTS.Scheduling.RemainingWork": 0.0,
        "Microsoft.VSTS.Common.Priority": 2.0,
        "System.BoardLane": null,
        "System.Tags": null,
        "Microsoft.VSTS.TCM.Steps": null,
        "Microsoft.VSTS.TCM.Parameters": null,
        "Microsoft.VSTS.TCM.LocalDataSource": null,
        "Microsoft.VSTS.TCM.AutomationStatus": null,
        "System.History": null
      },
      "relations": null,
      "url": "https://vstsdemodata.visualstudio.com/_apis/wit/workItems/1119"
    },
    {
      "id": 1116,
      "rev": 1,
      "fields": {
        "System.AreaPath": "MyShuttle",
        "System.TeamProject": "MyShuttle",
        "System.IterationPath": "MyShuttle",
        "System.WorkItemType": "Task",
        "System.State": "To Do",
        "System.Reason": "New task",
        "System.CreatedDate": "2018-01-19T12:19:06.617Z",
        "System.CreatedBy": "Srivatsa Marichi 😎 <ecanarys1@outlook.com>",
        "System.ChangedDate": "2018-01-19T12:19:06.617Z",
        "System.ChangedBy": "Srivatsa Marichi 😎 <ecanarys1@outlook.com>",
        "System.Title": "Call Passenger Option",
        "Microsoft.VSTS.Scheduling.Effort": 0.0,
        "System.Description": null,
        "System.AssignedTo": null,
        "Microsoft.VSTS.Scheduling.RemainingWork": 0.0,
        "Microsoft.VSTS.Common.Priority": 2.0,
        "System.BoardLane": null,
        "System.Tags": null,
        "Microsoft.VSTS.TCM.Steps": null,
        "Microsoft.VSTS.TCM.Parameters": null,
        "Microsoft.VSTS.TCM.LocalDataSource": null,
        "Microsoft.VSTS.TCM.AutomationStatus": null,
        "System.History": null
      },
      "relations": null,
      "url": "https://vstsdemodata.visualstudio.com/_apis/wit/workItems/1116"
    },
    {
      "id": 1115,
      "rev": 1,
      "fields": {
        "System.AreaPath": "MyShuttle",
        "System.TeamProject": "MyShuttle",
        "System.IterationPath": "MyShuttle",
        "System.WorkItemType": "Task",
        "System.State": "To Do",
        "System.Reason": "New task",
        "System.CreatedDate": "2018-01-19T12:19:06.617Z",
        "System.CreatedBy": "Srivatsa Marichi 😎 <ecanarys1@outlook.com>",
        "System.ChangedDate": "2018-01-19T12:19:06.617Z",
        "System.ChangedBy": "Srivatsa Marichi 😎 <ecanarys1@outlook.com>",
        "System.Title": "Push Notification to include arrival time",
        "Microsoft.VSTS.Scheduling.Effort": 0.0,
        "System.Description": null,
        "System.AssignedTo": null,
        "Microsoft.VSTS.Scheduling.RemainingWork": 0.0,
        "Microsoft.VSTS.Common.Priority": 2.0,
        "System.BoardLane": null,
        "System.Tags": null,
        "Microsoft.VSTS.TCM.Steps": null,
        "Microsoft.VSTS.TCM.Parameters": null,
        "Microsoft.VSTS.TCM.LocalDataSource": null,
        "Microsoft.VSTS.TCM.AutomationStatus": null,
        "System.History": null
      },
      "relations": null,
      "url": "https://vstsdemodata.visualstudio.com/_apis/wit/workItems/1115"
    },
    {
      "id": 1104,
      "rev": 1,
      "fields": {
        "System.AreaPath": "MyShuttle",
        "System.TeamProject": "MyShuttle",
        "System.IterationPath": "MyShuttle",
        "System.WorkItemType": "Task",
        "System.State": "To Do",
        "System.Reason": "New task",
        "System.CreatedDate": "2018-01-19T12:19:06.617Z",
        "System.CreatedBy": "Srivatsa Marichi 😎 <ecanarys1@outlook.com>",
        "System.ChangedDate": "2018-01-19T12:19:06.617Z",
        "System.ChangedBy": "Srivatsa Marichi 😎 <ecanarys1@outlook.com>",
        "System.Title": "Invalidate session on log out",
        "Microsoft.VSTS.Scheduling.Effort": 0.0,
        "System.Description": null,
        "System.AssignedTo": null,
        "Microsoft.VSTS.Scheduling.RemainingWork": 0.0,
        "Microsoft.VSTS.Common.Priority": 2.0,
        "System.BoardLane": null,
        "System.Tags": null,
        "Microsoft.VSTS.TCM.Steps": null,
        "Microsoft.VSTS.TCM.Parameters": null,
        "Microsoft.VSTS.TCM.LocalDataSource": null,
        "Microsoft.VSTS.TCM.AutomationStatus": null,
        "System.History": null
      },
      "relations": null,
      "url": "https://vstsdemodata.visualstudio.com/_apis/wit/workItems/1104"
    },
    {
      "id": 1103,
      "rev": 1,
      "fields": {
        "System.AreaPath": "MyShuttle",
        "System.TeamProject": "MyShuttle",
        "System.IterationPath": "MyShuttle",
        "System.WorkItemType": "Task",
        "System.State": "To Do",
        "System.Reason": "New task",
        "System.CreatedDate": "2018-01-19T12:19:06.617Z",
        "System.CreatedBy": "Srivatsa Marichi 😎 <ecanarys1@outlook.com>",
        "System.ChangedDate": "2018-01-19T12:19:06.617Z",
        "System.ChangedBy": "Srivatsa Marichi 😎 <ecanarys1@outlook.com>",
        "System.Title": "Add a signout link to the home page",
        "Microsoft.VSTS.Scheduling.Effort": 0.0,
        "System.Description": null,
        "System.AssignedTo": null,
        "Microsoft.VSTS.Scheduling.RemainingWork": 0.0,
        "Microsoft.VSTS.Common.Priority": 2.0,
        "System.BoardLane": null,
        "System.Tags": null,
        "Microsoft.VSTS.TCM.Steps": null,
        "Microsoft.VSTS.TCM.Parameters": null,
        "Microsoft.VSTS.TCM.LocalDataSource": null,
        "Microsoft.VSTS.TCM.AutomationStatus": null,
        "System.History": null
      },
      "relations": null,
      "url": "https://vstsdemodata.visualstudio.com/_apis/wit/workItems/1103"
    },
    {
      "id": 1102,
      "rev": 1,
      "fields": {
        "System.AreaPath": "MyShuttle",
        "System.TeamProject": "MyShuttle",
        "System.IterationPath": "MyShuttle",
        "System.WorkItemType": "Task",
        "System.State": "To Do",
        "System.Reason": "New task",
        "System.CreatedDate": "2018-01-19T12:19:06.617Z",
        "System.CreatedBy": "Srivatsa Marichi 😎 <ecanarys1@outlook.com>",
        "System.ChangedDate": "2018-01-19T12:19:06.617Z",
        "System.ChangedBy": "Srivatsa Marichi 😎 <ecanarys1@outlook.com>",
        "System.Title": "Add a link to the dashboard page",
        "Microsoft.VSTS.Scheduling.Effort": 0.0,
        "System.Description": null,
        "System.AssignedTo": null,
        "Microsoft.VSTS.Scheduling.RemainingWork": 0.0,
        "Microsoft.VSTS.Common.Priority": 2.0,
        "System.BoardLane": null,
        "System.Tags": null,
        "Microsoft.VSTS.TCM.Steps": null,
        "Microsoft.VSTS.TCM.Parameters": null,
        "Microsoft.VSTS.TCM.LocalDataSource": null,
        "Microsoft.VSTS.TCM.AutomationStatus": null,
        "System.History": null
      },
      "relations": null,
      "url": "https://vstsdemodata.visualstudio.com/_apis/wit/workItems/1102"
    }
  ],
  "HttpStatusCode": 0
}