{
  "count": 11,
  "value": [
    {
      "id": 1168,
      "rev": 1,
      "fields": {
        "System.AreaPath": "MyShuttle",
        "System.TeamProject": "MyShuttle",
        "System.IterationPath": "MyShuttle",
        "System.WorkItemType": "Test Suite",
        "System.State": "In Progress",
        "System.Reason": "New test suite",
        "System.CreatedDate": "2018-01-19T12:19:06.617Z",
        "System.CreatedBy": "Srivatsa Marichi 😎 <ecanarys1@outlook.com>",
        "System.ChangedDate": "2018-01-19T12:19:06.617Z",
        "System.ChangedBy": "Srivatsa Marichi 😎 <ecanarys1@outlook.com>",
        "System.Title": "MyShuttle2 Team_Stories_Sprint 3",
        "Microsoft.VSTS.Scheduling.Effort": 0.0,
        "System.Description": null,
        "System.AssignedTo": null,
        "Microsoft.VSTS.Scheduling.RemainingWork": 0.0,
        "Microsoft.VSTS.Common.Priority": 0.0,
        "System.BoardLane": null,
        "System.Tags": null,
        "Microsoft.VSTS.TCM.Steps": null,
        "Microsoft.VSTS.TCM.Parameters": null,
        "Microsoft.VSTS.TCM.LocalDataSource": null,
        "Microsoft.VSTS.TCM.AutomationStatus": null,
        "System.History": null
      },
      "relations": null,
      "url": "https://vstsdemodata.visualstudio.com/_apis/wit/workItems/1168"
    },
    {
      "id": 1125,
      "rev": 1,
      "fields": {
        "System.AreaPath": "MyShuttle",
        "System.TeamProject": "MyShuttle",
        "System.IterationPath": "MyShuttle",
        "System.WorkItemType": "Test Suite",
        "System.State": "In Progress",
        "System.Reason": "New test suite",
        "System.CreatedDate": "2018-01-19T12:19:06.617Z",
        "System.CreatedBy": "Srivatsa Marichi 😎 <ecanarys1@outlook.com>",
        "System.ChangedDate": "2018-01-19T12:19:06.617Z",
        "System.ChangedBy": "Srivatsa Marichi 😎 <ecanarys1@outlook.com>",
        "System.Title": "765 : As a driver, I want to have access to my travel history with summary of charges",
        "Microsoft.VSTS.Scheduling.Effort": 0.0,
        "System.Description": null,
        "System.AssignedTo": null,
        "Microsoft.VSTS.Scheduling.RemainingWork": 0.0,
        "Microsoft.VSTS.Common.Priority": 0.0,
        "System.BoardLane": null,
        "System.Tags": null,
        "Microsoft.VSTS.TCM.Steps": null,
        "Microsoft.VSTS.TCM.Parameters": null,
        "Microsoft.VSTS.TCM.LocalDataSource": null,
        "Microsoft.VSTS.TCM.AutomationStatus": null,
        "System.History": null
      },
      "relations": null,
      "url": "https://vstsdemodata.visualstudio.com/_apis/wit/workItems/1125"
    },
    {
      "id": 1124,
      "rev": 1,
      "fields": {
        "System.AreaPath": "MyShuttle",
        "System.TeamProject": "MyShuttle",
        "System.IterationPath": "MyShuttle",
        "System.WorkItemType": "Test Suite",
        "System.State": "In Progress",
        "System.Reason": "New test suite",
        "System.CreatedDate": "2018-01-19T12:19:06.617Z",
        "System.CreatedBy": "Srivatsa Marichi 😎 <ecanarys1@outlook.com>",
        "System.ChangedDate": "2018-01-19T12:19:06.617Z",
        "System.ChangedBy": "Srivatsa Marichi 😎 <ecanarys1@outlook.com>",
        "System.Title": "MyShuttle2 Team_Stories_Sprint 3",
        "Microsoft.VSTS.Scheduling.Effort": 0.0,
        "System.Description": null,
        "System.AssignedTo": null,
        "Microsoft.VSTS.Scheduling.RemainingWork": 0.0,
        "Microsoft.VSTS.Common.Priority": 0.0,
        "System.BoardLane": null,
        "System.Tags": null,
        "Microsoft.VSTS.TCM.Steps": null,
        "Microsoft.VSTS.TCM.Parameters": null,
        "Microsoft.VSTS.TCM.LocalDataSource": null,
        "Microsoft.VSTS.TCM.AutomationStatus": null,
        "System.History": null
      },
      "relations": null,
      "url": "https://vstsdemodata.visualstudio.com/_apis/wit/workItems/1124"
    },
    {
      "id": 1113,
      "rev": 1,
      "fields": {
        "System.AreaPath": "MyShuttle",
        "System.TeamProject": "MyShuttle",
        "System.IterationPath": "MyShuttle",
        "System.WorkItemType": "Test Suite",
        "System.State": "In Progress",
        "System.Reason": "New test suite",
        "System.CreatedDate": "2018-01-19T12:19:06.617Z",
        "System.CreatedBy": "Srivatsa Marichi 😎 <ecanarys1@outlook.com>",
        "System.ChangedDate": "2018-01-19T12:19:06.617Z",
        "System.ChangedBy": "Srivatsa Marichi 😎 <ecanarys1@outlook.com>",
        "System.Title": "Manual Tests",
        "Microsoft.VSTS.Scheduling.Effort": 0.0,
        "System.Description": null,
        "System.AssignedTo": null,
        "Microsoft.VSTS.Scheduling.RemainingWork": 0.0,
        "Microsoft.VSTS.Common.Priority": 0.0,
        "System.BoardLane": null,
        "System.Tags": null,
        "Microsoft.VSTS.TCM.Steps": null,
        "Microsoft.VSTS.TCM.Parameters": null,
        "Microsoft.VSTS.TCM.LocalDataSource": null,
        "Microsoft.VSTS.TCM.AutomationStatus": null,
        "System.History": null
      },
      "relations": null,
      "url": "https://vstsdemodata.visualstudio.com/_apis/wit/workItems/1113"
    },
    {
      "id": 1112,
      "rev": 1,
      "fields": {
        "System.AreaPath": "MyShuttle",
        "System.TeamProject": "MyShuttle",
        "System.IterationPath": "MyShuttle",
        "System.WorkItemType": "Test Suite",
        "System.State": "In Progress",
        "System.Reason": "New test suite",
        "System.CreatedDate": "2018-01-19T12:19:06.617Z",
        "System.CreatedBy": "Srivatsa Marichi 😎 <ecanarys1@outlook.com>",
        "System.ChangedDate": "2018-01-19T12:19:06.617Z",
        "System.ChangedBy": "Srivatsa Marichi 😎 <ecanarys1@outlook.com>",
        "System.Title": "New suite",
        "Microsoft.VSTS.Scheduling.Effort": 0.0,
        "System.Description": null,
        "System.AssignedTo": null,
        "Microsoft.VSTS.Scheduling.RemainingWork": 0.0,
        "Microsoft.VSTS.Common.Priority": 0.0,
        "System.BoardLane": null,
        "System.Tags": null,
        "Microsoft.VSTS.TCM.Steps": null,
        "Microsoft.VSTS.TCM.Parameters": null,
        "Microsoft.VSTS.TCM.LocalDataSource": null,
        "Microsoft.VSTS.TCM.AutomationStatus": null,
        "System.History": null
      },
      "relations": null,
      "url": "https://vstsdemodata.visualstudio.com/_apis/wit/workItems/1112"
    },
    {
      "id": 1111,
      "rev": 1,
      "fields": {
        "System.AreaPath": "MyShuttle",
        "System.TeamProject": "MyShuttle",
        "System.IterationPath": "MyShuttle",
        "System.WorkItemType": "Test Suite",
        "System.State": "In Progress",
        "System.Reason": "New test suite",
        "System.CreatedDate": "2018-01-19T12:19:06.617Z",
        "System.CreatedBy": "Srivatsa Marichi 😎 <ecanarys1@outlook.com>",
        "System.ChangedDate": "2018-01-19T12:19:06.617Z",
        "System.ChangedBy": "Srivatsa Marichi 😎 <ecanarys1@outlook.com>",
        "System.Title": "Load Tests",
        "Microsoft.VSTS.Scheduling.Effort": 0.0,
        "System.Description": null,
        "System.AssignedTo": null,
        "Microsoft.VSTS.Scheduling.RemainingWork": 0.0,
        "Microsoft.VSTS.Common.Priority": 0.0,
        "System.BoardLane": null,
        "System.Tags": null,
        "Microsoft.VSTS.TCM.Steps": null,
        "Microsoft.VSTS.TCM.Parameters": null,
        "Microsoft.VSTS.TCM.LocalDataSource": null,
        "Microsoft.VSTS.TCM.AutomationStatus": null,
        "System.History": null
      },
      "relations": null,
      "url": "https://vstsdemodata.visualstudio.com/_apis/wit/workItems/1111"
    },
    {
      "id": 1110,
      "rev": 1,
      "fields": {
        "System.AreaPath": "MyShuttle",
        "System.TeamProject": "MyShuttle",
        "System.IterationPath": "MyShuttle",
        "System.WorkItemType": "Test Suite",
        "System.State": "In Progress",
        "System.Reason": "New test suite",
        "System.CreatedDate": "2018-01-19T12:19:06.617Z",
        "System.CreatedBy": "Srivatsa Marichi 😎 <ecanarys1@outlook.com>",
        "System.ChangedDate": "2018-01-19T12:19:06.617Z",
        "System.ChangedBy": "Srivatsa Marichi 😎 <ecanarys1@outlook.com>",
        "System.Title": "UI Automation",
        "Microsoft.VSTS.Scheduling.Effort": 0.0,
        "System.Description": null,
        "System.AssignedTo": null,
        "Microsoft.VSTS.Scheduling.RemainingWork": 0.0,
        "Microsoft.VSTS.Common.Priority": 0.0,
        "System.BoardLane": null,
        "System.Tags": null,
        "Microsoft.VSTS.TCM.Steps": null,
        "Microsoft.VSTS.TCM.Parameters": null,
        "Microsoft.VSTS.TCM.LocalDataSource": null,
        "Microsoft.VSTS.TCM.AutomationStatus": null,
        "System.History": null
      },
      "relations": null,
      "url": "https://vstsdemodata.visualstudio.com/_apis/wit/workItems/1110"
    },
    {
      "id": 1109,
      "rev": 1,
      "fields": {
        "System.AreaPath": "MyShuttle",
        "System.TeamProject": "MyShuttle",
        "System.IterationPath": "MyShuttle",
        "System.WorkItemType": "Test Suite",
        "System.State": "In Progress",
        "System.Reason": "New test suite",
        "System.CreatedDate": "2018-01-19T12:19:06.617Z",
        "System.CreatedBy": "Srivatsa Marichi 😎 <ecanarys1@outlook.com>",
        "System.ChangedDate": "2018-01-19T12:19:06.617Z",
        "System.ChangedBy": "Srivatsa Marichi 😎 <ecanarys1@outlook.com>",
        "System.Title": "Performance Tests",
        "Microsoft.VSTS.Scheduling.Effort": 0.0,
        "System.Description": null,
        "System.AssignedTo": null,
        "Microsoft.VSTS.Scheduling.RemainingWork": 0.0,
        "Microsoft.VSTS.Common.Priority": 0.0,
        "System.BoardLane": null,
        "System.Tags": null,
        "Microsoft.VSTS.TCM.Steps": null,
        "Microsoft.VSTS.TCM.Parameters": null,
        "Microsoft.VSTS.TCM.LocalDataSource": null,
        "Microsoft.VSTS.TCM.AutomationStatus": null,
        "System.History": null
      },
      "relations": null,
      "url": "https://vstsdemodata.visualstudio.com/_apis/wit/workItems/1109"
    },
    {
      "id": 1108,
      "rev": 1,
      "fields": {
        "System.AreaPath": "MyShuttle",
        "System.TeamProject": "MyShuttle",
        "System.IterationPath": "MyShuttle",
        "System.WorkItemType": "Test Suite",
        "System.State": "In Progress",
        "System.Reason": "New test suite",
        "System.CreatedDate": "2018-01-19T12:19:06.617Z",
        "System.CreatedBy": "Srivatsa Marichi 😎 <ecanarys1@outlook.com>",
        "System.ChangedDate": "2018-01-19T12:19:06.617Z",
        "System.ChangedBy": "Srivatsa Marichi 😎 <ecanarys1@outlook.com>",
        "System.Title": "Smoke Tests",
        "Microsoft.VSTS.Scheduling.Effort": 0.0,
        "System.Description": null,
        "System.AssignedTo": null,
        "Microsoft.VSTS.Scheduling.RemainingWork": 0.0,
        "Microsoft.VSTS.Common.Priority": 0.0,
        "System.BoardLane": null,
        "System.Tags": null,
        "Microsoft.VSTS.TCM.Steps": null,
        "Microsoft.VSTS.TCM.Parameters": null,
        "Microsoft.VSTS.TCM.LocalDataSource": null,
        "Microsoft.VSTS.TCM.AutomationStatus": null,
        "System.History": null
      },
      "relations": null,
      "url": "https://vstsdemodata.visualstudio.com/_apis/wit/workItems/1108"
    },
    {
      "id": 1107,
      "rev": 1,
      "fields": {
        "System.AreaPath": "MyShuttle",
        "System.TeamProject": "MyShuttle",
        "System.IterationPath": "MyShuttle",
        "System.WorkItemType": "Test Suite",
        "System.State": "In Progress",
        "System.Reason": "New test suite",
        "System.CreatedDate": "2018-01-19T12:19:06.617Z",
        "System.CreatedBy": "Srivatsa Marichi 😎 <ecanarys1@outlook.com>",
        "System.ChangedDate": "2018-01-19T12:19:06.617Z",
        "System.ChangedBy": "Srivatsa Marichi 😎 <ecanarys1@outlook.com>",
        "System.Title": "Regression Suites",
        "Microsoft.VSTS.Scheduling.Effort": 0.0,
        "System.Description": null,
        "System.AssignedTo": null,
        "Microsoft.VSTS.Scheduling.RemainingWork": 0.0,
        "Microsoft.VSTS.Common.Priority": 0.0,
        "System.BoardLane": null,
        "System.Tags": null,
        "Microsoft.VSTS.TCM.Steps": null,
        "Microsoft.VSTS.TCM.Parameters": null,
        "Microsoft.VSTS.TCM.LocalDataSource": null,
        "Microsoft.VSTS.TCM.AutomationStatus": null,
        "System.History": null
      },
      "relations": null,
      "url": "https://vstsdemodata.visualstudio.com/_apis/wit/workItems/1107"
    },
    {
      "id": 1106,
      "rev": 1,
      "fields": {
        "System.AreaPath": "MyShuttle",
        "System.TeamProject": "MyShuttle",
        "System.IterationPath": "MyShuttle",
        "System.WorkItemType": "Test Suite",
        "System.State": "In Progress",
        "System.Reason": "New test suite",
        "System.CreatedDate": "2018-01-19T12:19:06.617Z",
        "System.CreatedBy": "Srivatsa Marichi 😎 <ecanarys1@outlook.com>",
        "System.ChangedDate": "2018-01-19T12:19:06.617Z",
        "System.ChangedBy": "Srivatsa Marichi 😎 <ecanarys1@outlook.com>",
        "System.Title": "Release 1.0",
        "Microsoft.VSTS.Scheduling.Effort": 0.0,
        "System.Description": null,
        "System.AssignedTo": null,
        "Microsoft.VSTS.Scheduling.RemainingWork": 0.0,
        "Microsoft.VSTS.Common.Priority": 0.0,
        "System.BoardLane": null,
        "System.Tags": null,
        "Microsoft.VSTS.TCM.Steps": null,
        "Microsoft.VSTS.TCM.Parameters": null,
        "Microsoft.VSTS.TCM.LocalDataSource": null,
        "Microsoft.VSTS.TCM.AutomationStatus": null,
        "System.History": null
      },
      "relations": null,
      "url": "https://vstsdemodata.visualstudio.com/_apis/wit/workItems/1106"
    }
  ],
  "HttpStatusCode": 0
}