{
  "count": 3,
  "value": [
    {
      "id": 1126,
      "rev": 1,
      "fields": {
        "System.AreaPath": "MyShuttle",
        "System.TeamProject": "MyShuttle",
        "System.IterationPath": "MyShuttle",
        "System.WorkItemType": "Test Case",
        "System.State": "Design",
        "System.Reason": "New",
        "System.CreatedDate": "2018-01-19T12:19:06.617Z",
        "System.CreatedBy": "Srivatsa Marichi 😎 <ecanarys1@outlook.com>",
        "System.ChangedDate": "2018-01-19T12:19:06.617Z",
        "System.ChangedBy": "Srivatsa Marichi 😎 <ecanarys1@outlook.com>",
        "System.Title": "Test - the total field must also show the sum",
        "Microsoft.VSTS.Scheduling.Effort": 0.0,
        "System.Description": null,
        "System.AssignedTo": "Srivatsa Marichi 😎 <ecanarys1@outlook.com>",
        "Microsoft.VSTS.Scheduling.RemainingWork": 0.0,
        "Microsoft.VSTS.Common.Priority": 2.0,
        "System.BoardLane": null,
        "System.Tags": null,
        "Microsoft.VSTS.TCM.Steps": null,
        "Microsoft.VSTS.TCM.Parameters": null,
        "Microsoft.VSTS.TCM.LocalDataSource": null,
        "Microsoft.VSTS.TCM.AutomationStatus": "Not Automated",
        "System.History": null
      },
      "relations": null,
      "url": "https://vstsdemodata.visualstudio.com/_apis/wit/workItems/1126"
    },
    {
      "id": 1122,
      "rev": 1,
      "fields": {
        "System.AreaPath": "MyShuttle",
        "System.TeamProject": "MyShuttle",
        "System.IterationPath": "MyShuttle",
        "System.WorkItemType": "Test Case",
        "System.State": "Design",
        "System.Reason": "New",
        "System.CreatedDate": "2018-01-19T12:19:06.617Z",
        "System.CreatedBy": "Srivatsa Marichi 😎 <ecanarys1@outlook.com>",
        "System.ChangedDate": "2018-01-19T12:19:06.617Z",
        "System.ChangedBy": "Srivatsa Marichi 😎 <ecanarys1@outlook.com>",
        "System.Title": "Test - the sum of the fares must on the trips selected",
        "Microsoft.VSTS.Scheduling.Effort": 0.0,
        "System.Description": null,
        "System.AssignedTo": "Srivatsa Marichi 😎 <ecanarys1@outlook.com>",
        "Microsoft.VSTS.Scheduling.RemainingWork": 0.0,
        "Microsoft.VSTS.Common.Priority": 2.0,
        "System.BoardLane": null,
        "System.Tags": null,
        "Microsoft.VSTS.TCM.Steps": null,
        "Microsoft.VSTS.TCM.Parameters": null,
        "Microsoft.VSTS.TCM.LocalDataSource": null,
        "Microsoft.VSTS.TCM.AutomationStatus": "Not Automated",
        "System.History": null
      },
      "relations": null,
      "url": "https://vstsdemodata.visualstudio.com/_apis/wit/workItems/1122"
    },
    {
      "id": 1114,
      "rev": 1,
      "fields": {
        "System.AreaPath": "MyShuttle",
        "System.TeamProject": "MyShuttle",
        "System.IterationPath": "MyShuttle",
        "System.WorkItemType": "Test Case",
        "System.State": "Design",
        "System.Reason": "New",
        "System.CreatedDate": "2018-01-19T12:19:06.617Z",
        "System.CreatedBy": "Srivatsa Marichi 😎 <ecanarys1@outlook.com>",
        "System.ChangedDate": "2018-01-19T12:19:06.617Z",
        "System.ChangedBy": "Srivatsa Marichi 😎 <ecanarys1@outlook.com>",
        "System.Title": "Shuttle Booking - Current",
        "Microsoft.VSTS.Scheduling.Effort": 0.0,
        "System.Description": null,
        "System.AssignedTo": "Srivatsa Marichi 😎 <ecanarys1@outlook.com>",
        "Microsoft.VSTS.Scheduling.RemainingWork": 0.0,
        "Microsoft.VSTS.Common.Priority": 2.0,
        "System.BoardLane": null,
        "System.Tags": null,
        "Microsoft.VSTS.TCM.Steps": null,
        "Microsoft.VSTS.TCM.Parameters": null,
        "Microsoft.VSTS.TCM.LocalDataSource": null,
        "Microsoft.VSTS.TCM.AutomationStatus": "Not Automated",
        "System.History": null
      },
      "relations": null,
      "url": "https://vstsdemodata.visualstudio.com/_apis/wit/workItems/1114"
    }
  ],
  "HttpStatusCode": 0
}