{

  "name": "DeploymentGroups",
  "path": "\\",
  "type": "build",
  "options": [
    {
      "enabled": true,
      "definition": {
        "id": "5d58cc01-7c75-450c-be18-a388ddb129ec"
      },
      "inputs": {
        "branchFilters": "[\"+refs/heads/*\"]",
        "additionalFields": "{}"
      }
    },
    {
      "enabled": false,
      "definition": {
        "id": "a9db38f9-9fdc-478c-b0f9-464221e58316"
      },
      "inputs": {
        "workItemType": "723305",
        "assignToRequestor": "true",
        "additionalFields": "{}"
      }
    }
  ],
  "triggers": [
    {
      "branchFilters": [
        "+refs/heads/master"
      ],
      "pathFilters": [],
      "batchChanges": false,
      "maxConcurrentBuildsPerBranch": 1,
      "pollingInterval": 0,
      "triggerType": "continuousIntegration"
    }
  ],
  "variables": {
    "BuildConfiguration": {
      "value": "release",
      "allowOverride": true
    },
    "BuildPlatform": {
      "value": "any cpu",
      "allowOverride": true
    },
    "system.debug": {
      "value": "false",
      "allowOverride": true
    }
  },
  "retentionRules": [
    {
      "branches": [
        "+refs/heads/*"
      ],
      "artifacts": [],
      "artifactTypesToDelete": [
        "FilePath",
        "SymbolStore"
      ],
      "daysToKeep": 10,
      "minimumToKeep": 1,
      "deleteBuildRecord": true,
      "deleteTestResults": true
    }
  ],
  "properties": {},
  "tags": [],
  "buildNumberFormat": "$(date:yyyyMMdd)$(rev:.r)",
  "jobAuthorizationScope": "projectCollection",
  "jobTimeoutInMinutes": 60,
  "jobCancelTimeoutInMinutes": 5,
  "process": {
    "phases": [
      {
        "steps": [
          {
            "environment": {},
            "enabled": true,
            "continueOnError": false,
            "alwaysRun": false,
            "displayName": "NuGet restore",
            "timeoutInMinutes": 0,
            "refName": "",
            "task": {
              "id": "333b11bd-d341-40d9-afcf-b32d5ce6f23b",
              "versionSpec": "2.*",
              "definitionType": "task"
            },
            "inputs": {
              "command": "restore",
              "solution": "$(Parameters.solution)",
              "selectOrConfig": "select",
              "feedRestore": "",
              "includeNuGetOrg": "true",
              "nugetConfigPath": "",
              "externalEndpoints": "",
              "noCache": "false",
              "packagesDirectory": "",
              "verbosityRestore": "Detailed",
              "searchPatternPush": "$(Build.ArtifactStagingDirectory)/*.nupkg",
              "nuGetFeedType": "internal",
              "feedPublish": "",
              "allowPackageConflicts": "false",
              "externalEndpoint": "",
              "verbosityPush": "Detailed",
              "searchPatternPack": "**/*.csproj",
              "configurationToPack": "$(BuildConfiguration)",
              "outputDir": "$(Build.ArtifactStagingDirectory)",
              "versioningScheme": "off",
              "includeReferencedProjects": "false",
              "versionEnvVar": "",
              "requestedMajorVersion": "1",
              "requestedMinorVersion": "0",
              "requestedPatchVersion": "0",
              "packTimezone": "utc",
              "includeSymbols": "false",
              "buildProperties": "",
              "verbosityPack": "Detailed",
              "arguments": ""
            }
          },
          {
            "environment": {},
            "enabled": true,
            "continueOnError": false,
            "alwaysRun": false,
            "displayName": "Build solution",
            "timeoutInMinutes": 0,
            "refName": "",
            "task": {
              "id": "71a9a2d3-a98a-4caa-96ab-affca411ecda",
              "versionSpec": "1.*",
              "definitionType": "task"
            },
            "inputs": {
              "solution": "$(Parameters.solution)",
              "vsVersion": "latest",
              "msbuildArgs": "/p:DeployOnBuild=true /p:WebPublishMethod=Package /p:PackageAsSingleFile=true /p:SkipInvalidConfigurations=true /p:PackageLocation=\"$(build.artifactstagingdirectory)\\\\\"",
              "platform": "$(BuildPlatform)",
              "configuration": "$(BuildConfiguration)",
              "clean": "false",
              "maximumCpuCount": "false",
              "restoreNugetPackages": "false",
              "msbuildArchitecture": "x86",
              "logProjectEvents": "true",
              "createLogFile": "false"
            }
          },
          {
            "environment": {},
            "enabled": true,
            "continueOnError": false,
            "alwaysRun": false,
            "displayName": "Test Assemblies",
            "timeoutInMinutes": 0,
            "refName": "",
            "task": {
              "id": "ef087383-ee5e-42c7-9a53-ab56c98420f9",
              "versionSpec": "2.*",
              "definitionType": "task"
            },
            "inputs": {
              "testSelector": "testAssemblies",
              "testAssemblyVer2": "**\\$(BuildConfiguration)\\*test*.dll\n!**\\obj\\**",
              "testPlan": "",
              "testSuite": "",
              "testConfiguration": "",
              "tcmTestRun": "$(test.RunId)",
              "searchFolder": "$(System.DefaultWorkingDirectory)",
              "testFiltercriteria": "",
              "runOnlyImpactedTests": "False",
              "runAllTestsAfterXBuilds": "50",
              "uiTests": "false",
              "vstestLocationMethod": "version",
              "vsTestVersion": "latest",
              "vstestLocation": "",
              "runSettingsFile": "",
              "overrideTestrunParameters": "",
              "pathtoCustomTestAdapters": "",
              "runInParallel": "False",
              "runTestsInIsolation": "False",
              "codeCoverageEnabled": "False",
              "otherConsoleOptions": "",
              "distributionBatchType": "basedOnTestCases",
              "batchingBasedOnAgentsOption": "autoBatchSize",
              "customBatchSizeValue": "10",
              "batchingBasedOnExecutionTimeOption": "autoBatchSize",
              "customRunTimePerBatchValue": "60",
              "dontDistribute": "False",
              "testRunTitle": "",
              "platform": "$(BuildPlatform)",
              "configuration": "$(BuildConfiguration)",
              "publishRunAttachments": "true",
              "rerunFailedTests": "False",
              "rerunFailedThreshold": "30",
              "rerunMaxAttempts": "3"
            }
          },
          {
            "environment": {},
            "enabled": true,
            "continueOnError": false,
            "alwaysRun": false,
            "displayName": "Copy DACPAC",
            "timeoutInMinutes": 0,
            "condition": "succeeded()",
            "refName": "",
            "task": {
              "id": "5bfb729a-a7c8-4a78-a7c3-8d717bb7c13c",
              "versionSpec": "2.*",
              "definitionType": "task"
            },
            "inputs": {
              "SourceFolder": "PartsUnlimited-aspnet45/Database",
              "Contents": "**",
              "TargetFolder": "$(build.artifactstagingdirectory)\\DataBase",
              "CleanTargetFolder": "false",
              "OverWrite": "false",
              "flattenFolders": "false"
            }
          },
          {
            "environment": {},
            "enabled": true,
            "continueOnError": false,
            "alwaysRun": false,
            "displayName": "Copy Files",
            "timeoutInMinutes": 0,
            "condition": "succeeded()",
            "refName": "",
            "task": {
              "id": "5bfb729a-a7c8-4a78-a7c3-8d717bb7c13c",
              "versionSpec": "2.*",
              "definitionType": "task"
            },
            "inputs": {
              "SourceFolder": "",
              "Contents": "**/*.zip",
              "TargetFolder": "$(build.artifactstagingdirectory)",
              "CleanTargetFolder": "false",
              "OverWrite": "false",
              "flattenFolders": "false"
            }
          },
          {
            "environment": {},
            "enabled": true,
            "continueOnError": false,
            "alwaysRun": false,
            "displayName": "Publish Artifact",
            "timeoutInMinutes": 0,
            "refName": "",
            "task": {
              "id": "2ff763a7-ce83-4e1f-bc89-0ae63477cebe",
              "versionSpec": "1.*",
              "definitionType": "task"
            },
            "inputs": {
              "PathtoPublish": "$(build.artifactstagingdirectory)",
              "ArtifactName": "$(Parameters.ArtifactName)",
              "ArtifactType": "Container",
              "TargetPath": "\\\\my\\share\\$(Build.DefinitionName)\\$(Build.BuildNumber)",
              "Parallel": "false",
              "ParallelCount": "8"
            }
          }
        ],
        "name": "Phase 1",
        "refName": "Phase_1",
        "condition": "succeeded()",
        "target": {
          "executionOptions": {
            "type": 0
          },
          "allowScriptsAuthAccessOption": false,
          "type": 1
        },
        "jobAuthorizationScope": "projectCollection",
        "jobCancelTimeoutInMinutes": 1
      }
    ],
    "target": {
      "agentSpecification": {
        "identifier": "vs2017-win2016"
      }
    },
    "type": 1
  },
  "repository": {
    "properties": {
      "cleanOptions": "0",
      "labelSources": "0",
      "labelSourcesFormat": "$(build.buildNumber)",
      "reportBuildStatus": "true",
      "gitLfsSupport": "false",
      "skipSyncSource": "false",
      "checkoutNestedSubmodules": "false",
      "fetchDepth": "0"
    },
    "id": "$DeploymentGroups$",
    "type": "TfsGit",
    "name": "DeploymentGroup",
    "defaultBranch": "refs/heads/master",
    "clean": "false",
    "checkoutSubmodules": false
  },
  "processParameters": {
    "inputs": [
      {
        "aliases": [],
        "options": {},
        "properties": {},
        "name": "solution",
        "label": "Path to solution or packages.config",
        "defaultValue": "**\\*.sln",
        "required": true,
        "type": "filePath",
        "helpMarkDown": "The path to the Visual Studio solution file or NuGet packages.config",
        "visibleRule": "",
        "groupName": ""
      },
      {
        "aliases": [],
        "options": {},
        "properties": {},
        "name": "ArtifactName",
        "label": "Artifact Name",
        "defaultValue": "drop",
        "required": true,
        "type": "string",
        "helpMarkDown": "The name of the artifact to create.",
        "visibleRule": "",
        "groupName": ""
      }
    ]
  },
  "quality": "definition",
  "drafts": [],
  "queue": {
    "name": "Azure Pipelines",
    "pool": {
      "name": "Azure Pipelines",
      "isHosted": true
    }
  }
}