{
  "count": 13,
  "value": [
    {
      "id": 18,
      "rev": 3,
      "fields": {
        "System.AreaPath": "ContosoAir",
        "System.TeamProject": "ContosoAir",
        "System.IterationPath": "ContosoAir\\Iteration 1",
        "System.WorkItemType": "User Story",
        "System.State": "New",
        "System.Reason": "New",
        "System.CreatedDate": "2018-11-03T23:00:27.933Z",
        "System.CreatedBy": "Sachin Raj <sraj@microsoft.com>",
        "System.ChangedDate": "2018-11-03T23:05:00.28Z",
        "System.ChangedBy": "Sachin Raj <sraj@microsoft.com>",
        "System.Title": "As a sysadmin, I want to setup security rules",
        "Microsoft.VSTS.Scheduling.Effort": 0.0,
        "System.Description": null,
        "System.AssignedTo": null,
        "Microsoft.VSTS.Scheduling.RemainingWork": 0.0,
        "Microsoft.VSTS.Common.Priority": 2.0,
        "System.BoardLane": null,
        "System.Tags": null,
        "Microsoft.VSTS.TCM.Steps": null,
        "Microsoft.VSTS.TCM.Parameters": null,
        "Microsoft.VSTS.TCM.LocalDataSource": null,
        "Microsoft.VSTS.TCM.AutomationStatus": null,
        "System.History": null
      },
      "relations": [
        {
          "rel": "System.LinkTypes.Hierarchy-Reverse",
          "url": "https://dev.azure.com/Contoso-Air/_apis/wit/workItems/19",
          "attributes": {
            "isLocked": "false"
          }
        }
      ],
      "url": "https://dev.azure.com/Contoso-Air/_apis/wit/workItems/18"
    },
    {
      "id": 17,
      "rev": 5,
      "fields": {
        "System.AreaPath": "ContosoAir",
        "System.TeamProject": "ContosoAir",
        "System.IterationPath": "ContosoAir\\Iteration 1",
        "System.WorkItemType": "User Story",
        "System.State": "Closed",
        "System.Reason": "Acceptance tests pass",
        "System.CreatedDate": "2018-11-03T22:59:42.68Z",
        "System.CreatedBy": "Sachin Raj <sraj@microsoft.com>",
        "System.ChangedDate": "2018-11-03T23:06:44.34Z",
        "System.ChangedBy": "Sachin Raj <sraj@microsoft.com>",
        "System.Title": "As a sysadmin, I should be able to create resource groups",
        "Microsoft.VSTS.Scheduling.Effort": 0.0,
        "System.Description": null,
        "System.AssignedTo": "Sachin Raj <sraj@microsoft.com>",
        "Microsoft.VSTS.Scheduling.RemainingWork": 0.0,
        "Microsoft.VSTS.Common.Priority": 2.0,
        "System.BoardLane": null,
        "System.Tags": null,
        "Microsoft.VSTS.TCM.Steps": null,
        "Microsoft.VSTS.TCM.Parameters": null,
        "Microsoft.VSTS.TCM.LocalDataSource": null,
        "Microsoft.VSTS.TCM.AutomationStatus": null,
        "System.History": null
      },
      "relations": [
        {
          "rel": "System.LinkTypes.Hierarchy-Reverse",
          "url": "https://dev.azure.com/Contoso-Air/_apis/wit/workItems/19",
          "attributes": {
            "isLocked": "false"
          }
        }
      ],
      "url": "https://dev.azure.com/Contoso-Air/_apis/wit/workItems/17"
    },
    {
      "id": 16,
      "rev": 4,
      "fields": {
        "System.AreaPath": "ContosoAir",
        "System.TeamProject": "ContosoAir",
        "System.IterationPath": "ContosoAir\\Iteration 1",
        "System.WorkItemType": "User Story",
        "System.State": "Active",
        "System.Reason": "Implementation started",
        "System.CreatedDate": "2018-11-03T22:59:24.727Z",
        "System.CreatedBy": "Sachin Raj <sraj@microsoft.com>",
        "System.ChangedDate": "2018-11-03T23:06:37.573Z",
        "System.ChangedBy": "Sachin Raj <sraj@microsoft.com>",
        "System.Title": "As a sysadmin, I should be able to setup Azure policies",
        "Microsoft.VSTS.Scheduling.Effort": 0.0,
        "System.Description": null,
        "System.AssignedTo": "Sachin Raj <sraj@microsoft.com>",
        "Microsoft.VSTS.Scheduling.RemainingWork": 0.0,
        "Microsoft.VSTS.Common.Priority": 2.0,
        "System.BoardLane": null,
        "System.Tags": null,
        "Microsoft.VSTS.TCM.Steps": null,
        "Microsoft.VSTS.TCM.Parameters": null,
        "Microsoft.VSTS.TCM.LocalDataSource": null,
        "Microsoft.VSTS.TCM.AutomationStatus": null,
        "System.History": null
      },
      "relations": [
        {
          "rel": "System.LinkTypes.Hierarchy-Reverse",
          "url": "https://dev.azure.com/Contoso-Air/_apis/wit/workItems/19",
          "attributes": {
            "isLocked": "false"
          }
        }
      ],
      "url": "https://dev.azure.com/Contoso-Air/_apis/wit/workItems/16"
    },
    {
      "id": 14,
      "rev": 5,
      "fields": {
        "System.AreaPath": "ContosoAir",
        "System.TeamProject": "ContosoAir",
        "System.IterationPath": "ContosoAir\\Iteration 1",
        "System.WorkItemType": "User Story",
        "System.State": "Active",
        "System.Reason": "Implementation started",
        "System.CreatedDate": "2018-11-03T22:56:51.273Z",
        "System.CreatedBy": "Sachin Raj <sraj@microsoft.com>",
        "System.ChangedDate": "2018-11-03T23:06:55.76Z",
        "System.ChangedBy": "Sachin Raj <sraj@microsoft.com>",
        "System.Title": "As a customer, I want to cancel my reservation",
        "Microsoft.VSTS.Scheduling.Effort": 0.0,
        "System.Description": null,
        "System.AssignedTo": "Sachin Raj <sraj@microsoft.com>",
        "Microsoft.VSTS.Scheduling.RemainingWork": 0.0,
        "Microsoft.VSTS.Common.Priority": 2.0,
        "System.BoardLane": null,
        "System.Tags": null,
        "Microsoft.VSTS.TCM.Steps": null,
        "Microsoft.VSTS.TCM.Parameters": null,
        "Microsoft.VSTS.TCM.LocalDataSource": null,
        "Microsoft.VSTS.TCM.AutomationStatus": null,
        "System.History": null
      },
      "relations": [
        {
          "rel": "System.LinkTypes.Hierarchy-Reverse",
          "url": "https://dev.azure.com/Contoso-Air/_apis/wit/workItems/1",
          "attributes": {
            "isLocked": "false"
          }
        }
      ],
      "url": "https://dev.azure.com/Contoso-Air/_apis/wit/workItems/14"
    },
    {
      "id": 8,
      "rev": 6,
      "fields": {
        "System.AreaPath": "ContosoAir",
        "System.TeamProject": "ContosoAir",
        "System.IterationPath": "ContosoAir\\Iteration 1",
        "System.WorkItemType": "User Story",
        "System.State": "Active",
        "System.Reason": "Implementation started",
        "System.CreatedDate": "2018-11-03T22:50:41.447Z",
        "System.CreatedBy": "Sachin Raj <sraj@microsoft.com>",
        "System.ChangedDate": "2018-11-03T23:07:27.09Z",
        "System.ChangedBy": "Sachin Raj <sraj@microsoft.com>",
        "System.Title": "As a customer, I want to change my reservation",
        "Microsoft.VSTS.Scheduling.Effort": 0.0,
        "System.Description": null,
        "System.AssignedTo": "Sachin Raj <sraj@microsoft.com>",
        "Microsoft.VSTS.Scheduling.RemainingWork": 0.0,
        "Microsoft.VSTS.Common.Priority": 1.0,
        "System.BoardLane": null,
        "System.Tags": null,
        "Microsoft.VSTS.TCM.Steps": null,
        "Microsoft.VSTS.TCM.Parameters": null,
        "Microsoft.VSTS.TCM.LocalDataSource": null,
        "Microsoft.VSTS.TCM.AutomationStatus": null,
        "System.History": null
      },
      "relations": [
        {
          "rel": "System.LinkTypes.Hierarchy-Reverse",
          "url": "https://dev.azure.com/Contoso-Air/_apis/wit/workItems/1",
          "attributes": {
            "isLocked": "false"
          }
        }
      ],
      "url": "https://dev.azure.com/Contoso-Air/_apis/wit/workItems/8"
    },
    {
      "id": 15,
      "rev": 3,
      "fields": {
        "System.AreaPath": "ContosoAir",
        "System.TeamProject": "ContosoAir",
        "System.IterationPath": "ContosoAir\\Iteration 1",
        "System.WorkItemType": "User Story",
        "System.State": "New",
        "System.Reason": "New",
        "System.CreatedDate": "2018-11-03T22:57:08.96Z",
        "System.CreatedBy": "Sachin Raj <sraj@microsoft.com>",
        "System.ChangedDate": "2018-11-03T23:05:00.28Z",
        "System.ChangedBy": "Sachin Raj <sraj@microsoft.com>",
        "System.Title": "As a customer, I want to print my itinerary",
        "Microsoft.VSTS.Scheduling.Effort": 0.0,
        "System.Description": null,
        "System.AssignedTo": null,
        "Microsoft.VSTS.Scheduling.RemainingWork": 0.0,
        "Microsoft.VSTS.Common.Priority": 2.0,
        "System.BoardLane": null,
        "System.Tags": null,
        "Microsoft.VSTS.TCM.Steps": null,
        "Microsoft.VSTS.TCM.Parameters": null,
        "Microsoft.VSTS.TCM.LocalDataSource": null,
        "Microsoft.VSTS.TCM.AutomationStatus": null,
        "System.History": null
      },
      "relations": [
        {
          "rel": "System.LinkTypes.Hierarchy-Reverse",
          "url": "https://dev.azure.com/Contoso-Air/_apis/wit/workItems/2",
          "attributes": {
            "isLocked": "false"
          }
        }
      ],
      "url": "https://dev.azure.com/Contoso-Air/_apis/wit/workItems/15"
    },
    {
      "id": 12,
      "rev": 4,
      "fields": {
        "System.AreaPath": "ContosoAir",
        "System.TeamProject": "ContosoAir",
        "System.IterationPath": "ContosoAir\\Iteration 1",
        "System.WorkItemType": "User Story",
        "System.State": "New",
        "System.Reason": "New",
        "System.CreatedDate": "2018-11-03T22:52:16.29Z",
        "System.CreatedBy": "Sachin Raj <sraj@microsoft.com>",
        "System.ChangedDate": "2018-11-03T23:07:03.607Z",
        "System.ChangedBy": "Sachin Raj <sraj@microsoft.com>",
        "System.Title": "As an admin, I want to add travel packages",
        "Microsoft.VSTS.Scheduling.Effort": 0.0,
        "System.Description": null,
        "System.AssignedTo": null,
        "Microsoft.VSTS.Scheduling.RemainingWork": 0.0,
        "Microsoft.VSTS.Common.Priority": 2.0,
        "System.BoardLane": null,
        "System.Tags": null,
        "Microsoft.VSTS.TCM.Steps": null,
        "Microsoft.VSTS.TCM.Parameters": null,
        "Microsoft.VSTS.TCM.LocalDataSource": null,
        "Microsoft.VSTS.TCM.AutomationStatus": null,
        "System.History": null
      },
      "relations": [
        {
          "rel": "System.LinkTypes.Hierarchy-Reverse",
          "url": "https://dev.azure.com/Contoso-Air/_apis/wit/workItems/3",
          "attributes": {
            "isLocked": "false"
          }
        }
      ],
      "url": "https://dev.azure.com/Contoso-Air/_apis/wit/workItems/12"
    },
    {
      "id": 13,
      "rev": 3,
      "fields": {
        "System.AreaPath": "ContosoAir",
        "System.TeamProject": "ContosoAir",
        "System.IterationPath": "ContosoAir\\Iteration 1",
        "System.WorkItemType": "User Story",
        "System.State": "New",
        "System.Reason": "New",
        "System.CreatedDate": "2018-11-03T22:52:27.4Z",
        "System.CreatedBy": "Sachin Raj <sraj@microsoft.com>",
        "System.ChangedDate": "2018-11-03T23:05:00.28Z",
        "System.ChangedBy": "Sachin Raj <sraj@microsoft.com>",
        "System.Title": "As an admin, I want to view customer profile",
        "Microsoft.VSTS.Scheduling.Effort": 0.0,
        "System.Description": null,
        "System.AssignedTo": null,
        "Microsoft.VSTS.Scheduling.RemainingWork": 0.0,
        "Microsoft.VSTS.Common.Priority": 2.0,
        "System.BoardLane": null,
        "System.Tags": null,
        "Microsoft.VSTS.TCM.Steps": null,
        "Microsoft.VSTS.TCM.Parameters": null,
        "Microsoft.VSTS.TCM.LocalDataSource": null,
        "Microsoft.VSTS.TCM.AutomationStatus": null,
        "System.History": null
      },
      "relations": [
        {
          "rel": "System.LinkTypes.Hierarchy-Reverse",
          "url": "https://dev.azure.com/Contoso-Air/_apis/wit/workItems/5",
          "attributes": {
            "isLocked": "false"
          }
        }
      ],
      "url": "https://dev.azure.com/Contoso-Air/_apis/wit/workItems/13"
    },
    {
      "id": 11,
      "rev": 3,
      "fields": {
        "System.AreaPath": "ContosoAir",
        "System.TeamProject": "ContosoAir",
        "System.IterationPath": "ContosoAir\\Iteration 1",
        "System.WorkItemType": "User Story",
        "System.State": "New",
        "System.Reason": "New",
        "System.CreatedDate": "2018-11-03T22:51:55.65Z",
        "System.CreatedBy": "Sachin Raj <sraj@microsoft.com>",
        "System.ChangedDate": "2018-11-03T23:05:00.28Z",
        "System.ChangedBy": "Sachin Raj <sraj@microsoft.com>",
        "System.Title": "As an admin, I want to update flight fares",
        "Microsoft.VSTS.Scheduling.Effort": 0.0,
        "System.Description": null,
        "System.AssignedTo": null,
        "Microsoft.VSTS.Scheduling.RemainingWork": 0.0,
        "Microsoft.VSTS.Common.Priority": 2.0,
        "System.BoardLane": null,
        "System.Tags": null,
        "Microsoft.VSTS.TCM.Steps": null,
        "Microsoft.VSTS.TCM.Parameters": null,
        "Microsoft.VSTS.TCM.LocalDataSource": null,
        "Microsoft.VSTS.TCM.AutomationStatus": null,
        "System.History": null
      },
      "relations": [
        {
          "rel": "System.LinkTypes.Hierarchy-Reverse",
          "url": "https://dev.azure.com/Contoso-Air/_apis/wit/workItems/4",
          "attributes": {
            "isLocked": "false"
          }
        }
      ],
      "url": "https://dev.azure.com/Contoso-Air/_apis/wit/workItems/11"
    },
    {
      "id": 10,
      "rev": 4,
      "fields": {
        "System.AreaPath": "ContosoAir",
        "System.TeamProject": "ContosoAir",
        "System.IterationPath": "ContosoAir\\Iteration 1",
        "System.WorkItemType": "User Story",
        "System.State": "New",
        "System.Reason": "New",
        "System.CreatedDate": "2018-11-03T22:51:48.227Z",
        "System.CreatedBy": "Sachin Raj <sraj@microsoft.com>",
        "System.ChangedDate": "2018-11-03T23:07:07.34Z",
        "System.ChangedBy": "Sachin Raj <sraj@microsoft.com>",
        "System.Title": "As an admin, I want to update flight schedule",
        "Microsoft.VSTS.Scheduling.Effort": 0.0,
        "System.Description": null,
        "System.AssignedTo": null,
        "Microsoft.VSTS.Scheduling.RemainingWork": 0.0,
        "Microsoft.VSTS.Common.Priority": 2.0,
        "System.BoardLane": null,
        "System.Tags": null,
        "Microsoft.VSTS.TCM.Steps": null,
        "Microsoft.VSTS.TCM.Parameters": null,
        "Microsoft.VSTS.TCM.LocalDataSource": null,
        "Microsoft.VSTS.TCM.AutomationStatus": null,
        "System.History": null
      },
      "relations": [
        {
          "rel": "System.LinkTypes.Hierarchy-Reverse",
          "url": "https://dev.azure.com/Contoso-Air/_apis/wit/workItems/2",
          "attributes": {
            "isLocked": "false"
          }
        }
      ],
      "url": "https://dev.azure.com/Contoso-Air/_apis/wit/workItems/10"
    },
    {
      "id": 9,
      "rev": 4,
      "fields": {
        "System.AreaPath": "ContosoAir",
        "System.TeamProject": "ContosoAir",
        "System.IterationPath": "ContosoAir\\Iteration 1",
        "System.WorkItemType": "User Story",
        "System.State": "New",
        "System.Reason": "New",
        "System.CreatedDate": "2018-11-03T22:51:23.853Z",
        "System.CreatedBy": "Sachin Raj <sraj@microsoft.com>",
        "System.ChangedDate": "2018-11-03T23:07:05.463Z",
        "System.ChangedBy": "Sachin Raj <sraj@microsoft.com>",
        "System.Title": "As a customer, I want to view my flight itinerary",
        "Microsoft.VSTS.Scheduling.Effort": 0.0,
        "System.Description": null,
        "System.AssignedTo": null,
        "Microsoft.VSTS.Scheduling.RemainingWork": 0.0,
        "Microsoft.VSTS.Common.Priority": 2.0,
        "System.BoardLane": null,
        "System.Tags": null,
        "Microsoft.VSTS.TCM.Steps": null,
        "Microsoft.VSTS.TCM.Parameters": null,
        "Microsoft.VSTS.TCM.LocalDataSource": null,
        "Microsoft.VSTS.TCM.AutomationStatus": null,
        "System.History": null
      },
      "relations": [
        {
          "rel": "System.LinkTypes.Hierarchy-Reverse",
          "url": "https://dev.azure.com/Contoso-Air/_apis/wit/workItems/2",
          "attributes": {
            "isLocked": "false"
          }
        }
      ],
      "url": "https://dev.azure.com/Contoso-Air/_apis/wit/workItems/9"
    },
    {
      "id": 7,
      "rev": 4,
      "fields": {
        "System.AreaPath": "ContosoAir",
        "System.TeamProject": "ContosoAir",
        "System.IterationPath": "ContosoAir\\Iteration 1",
        "System.WorkItemType": "User Story",
        "System.State": "New",
        "System.Reason": "New",
        "System.CreatedDate": "2018-11-03T22:50:24.98Z",
        "System.CreatedBy": "Sachin Raj <sraj@microsoft.com>",
        "System.ChangedDate": "2018-11-03T23:07:11.027Z",
        "System.ChangedBy": "Sachin Raj <sraj@microsoft.com>",
        "System.Title": "As a customer, I want to view my past purchases",
        "Microsoft.VSTS.Scheduling.Effort": 0.0,
        "System.Description": null,
        "System.AssignedTo": null,
        "Microsoft.VSTS.Scheduling.RemainingWork": 0.0,
        "Microsoft.VSTS.Common.Priority": 2.0,
        "System.BoardLane": null,
        "System.Tags": null,
        "Microsoft.VSTS.TCM.Steps": null,
        "Microsoft.VSTS.TCM.Parameters": null,
        "Microsoft.VSTS.TCM.LocalDataSource": null,
        "Microsoft.VSTS.TCM.AutomationStatus": null,
        "System.History": null
      },
      "relations": [
        {
          "rel": "System.LinkTypes.Hierarchy-Reverse",
          "url": "https://dev.azure.com/Contoso-Air/_apis/wit/workItems/1",
          "attributes": {
            "isLocked": "false"
          }
        }
      ],
      "url": "https://dev.azure.com/Contoso-Air/_apis/wit/workItems/7"
    },
    {
      "id": 6,
      "rev": 4,
      "fields": {
        "System.AreaPath": "ContosoAir",
        "System.TeamProject": "ContosoAir",
        "System.IterationPath": "ContosoAir\\Iteration 1",
        "System.WorkItemType": "User Story",
        "System.State": "Closed",
        "System.Reason": "Acceptance tests pass",
        "System.CreatedDate": "2018-11-03T22:50:10.527Z",
        "System.CreatedBy": "Sachin Raj <sraj@microsoft.com>",
        "System.ChangedDate": "2018-11-03T23:07:16.59Z",
        "System.ChangedBy": "Sachin Raj <sraj@microsoft.com>",
        "System.Title": "As a customer, I want to book tickets online",
        "Microsoft.VSTS.Scheduling.Effort": 0.0,
        "System.Description": null,
        "System.AssignedTo": null,
        "Microsoft.VSTS.Scheduling.RemainingWork": 0.0,
        "Microsoft.VSTS.Common.Priority": 2.0,
        "System.BoardLane": null,
        "System.Tags": null,
        "Microsoft.VSTS.TCM.Steps": null,
        "Microsoft.VSTS.TCM.Parameters": null,
        "Microsoft.VSTS.TCM.LocalDataSource": null,
        "Microsoft.VSTS.TCM.AutomationStatus": null,
        "System.History": null
      },
      "relations": [
        {
          "rel": "System.LinkTypes.Hierarchy-Reverse",
          "url": "https://dev.azure.com/Contoso-Air/_apis/wit/workItems/1",
          "attributes": {
            "isLocked": "false"
          }
        }
      ],
      "url": "https://dev.azure.com/Contoso-Air/_apis/wit/workItems/6"
    }
  ],
  "HttpStatusCode": 0,
  "Message": null
}