{
  "source": "userInterface",
  "revision": 5,
  "description": null,
  "createdBy": "{}",
  "createdOn": "",
  "modifiedBy": "{}",
  "modifiedOn": "",
  "isDeleted": false,
  "variables": {
    "resourcegroup": {
      "value": "Dojo-Coupon-Dev-WUS2",
      "isSecret": true
    },
    "webapp": {
      "value": "dojo-coupons-app-dev",
      "isSecret": true
    }
  },
  "variableGroups": [],
  "environments": [
    {
      "id": 2,
      "name": "Dev",
      "rank": 1,
      "owner": {
        "displayName": "$OwnerDisplayName$",
        "url": "",
        "_links": "{}",
        "id": "$OwnerId$",
        "uniqueName": "$OwnerUniqueName$",
        "imageUrl": "",
        "descriptor": ""
      },
      "variables": {},
      "variableGroups": [],
      "preDeployApprovals": {
        "approvals": [
          {
            "rank": 1,
            "isAutomated": true,
            "isNotificationOn": false,
            "id": 4
          }
        ],
        "approvalOptions": {
          "requiredApproverCount": null,
          "releaseCreatorCanBeApprover": false,
          "autoTriggeredAndPreviousEnvironmentApprovedCanBeSkipped": false,
          "enforceIdentityRevalidation": false,
          "timeoutInMinutes": 0,
          "executionOrder": "beforeGates"
        }
      },
      "deployStep": {
        "id": 5
      },
      "postDeployApprovals": {
        "approvals": [
          {
            "rank": 1,
            "isAutomated": true,
            "isNotificationOn": false,
            "id": 6
          }
        ],
        "approvalOptions": {
          "requiredApproverCount": null,
          "releaseCreatorCanBeApprover": false,
          "autoTriggeredAndPreviousEnvironmentApprovedCanBeSkipped": false,
          "enforceIdentityRevalidation": false,
          "timeoutInMinutes": 0,
          "executionOrder": "afterSuccessfulGates"
        }
      },
      "deployPhases": [
        {
          "deploymentInput": {
            "parallelExecution": {
              "parallelExecutionType": "none"
            },
            "agentSpecification": null,
            "skipArtifactsDownload": false,
            "artifactsDownloadInput": {
              "downloadInputs": [
                {
                  "alias": "_Coupons-CI",
                  "artifactType": "Build",
                  "artifactDownloadMode": "All",
                  "artifactItems": []
                }
              ]
            },
            "queueId": "$Hosted VS2017$",
            "demands": [],
            "enableAccessToken": false,
            "timeoutInMinutes": 0,
            "jobCancelTimeoutInMinutes": 1,
            "condition": "succeeded()",
            "overrideInputs": {}
          },
          "rank": 1,
          "phaseType": "agentBasedDeployment",
          "name": "Run on agent",
          "refName": null,
          "workflowTasks": [
            {
              "environment": {},
              "taskId": "94a74903-f93f-4075-884f-dc11f34058b4",
              "version": "2.*",
              "name": "Azure Deployment:Create Or Update Resource Group action on $(resourcegroup)",
              "refName": "",
              "enabled": true,
              "alwaysRun": false,
              "continueOnError": false,
              "timeoutInMinutes": 0,
              "definitionType": "task",
              "overrideInputs": {},
              "condition": "succeeded()",
              "inputs": {
                "ConnectedServiceName": "",
                "action": "Create Or Update Resource Group",
                "resourceGroupName": "$(resourcegroup)",
                "location": "West US 2",
                "templateLocation": "Linked artifact",
                "csmFileLink": "",
                "csmParametersFileLink": "",
                "csmFile": "$(System.DefaultWorkingDirectory)/_Coupons-CI/drop/azuredeploy.json",
                "csmParametersFile": "",
                "overrideParameters": "-webAppName $(webapp) -mySQLAdminLoginName \"dojoadmin\" -mySQLAdminLoginPassword \"Password@2019\" -sourceCodeRepositoryURL \"https://github.com/<YourAccount>/SmartHotel360-CouponManagement\" -sourceCodeBranch \"master\" -sourceCodeManualIntegration false",
                "deploymentMode": "Incremental",
                "enableDeploymentPrerequisites": "None",
                "deploymentGroupEndpoint": "",
                "project": "",
                "deploymentGroupName": "",
                "copyAzureVMTags": "true",
                "runAgentServiceAsUser": "false",
                "userName": "",
                "password": "",
                "outputVariable": "",
                "deploymentName": "",
                "deploymentOutputs": "",
                "addSpnToEnvironment": "false"
              }
            },
            {
              "environment": {},
              "taskId": "497d490f-eea7-4f2b-ab94-48d9c1acdcb1",
              "version": "4.*",
              "name": "Deploy War to Azure App Service",
              "refName": "",
              "enabled": true,
              "alwaysRun": false,
              "continueOnError": false,
              "timeoutInMinutes": 0,
              "definitionType": null,
              "overrideInputs": {},
              "condition": "succeeded()",
              "inputs": {
                "ConnectionType": "AzureRM",
                "ConnectedServiceName": "",
                "PublishProfilePath": "$(System.DefaultWorkingDirectory)/**/*.pubxml",
                "PublishProfilePassword": "",
                "WebAppKind": "webApp",
                "WebAppName": "$(webapp)",
                "DeployToSlotOrASEFlag": "false",
                "ResourceGroupName": "",
                "SlotName": "production",
                "DockerNamespace": "",
                "DockerRepository": "",
                "DockerImageTag": "$(Build.BuildId)",
                "VirtualApplication": "",
                "Package": "$(System.DefaultWorkingDirectory)/_Coupons-CI/drop/target/ROOT.war",
                "RuntimeStack": "",
                "RuntimeStackFunction": "",
                "StartupCommand": "",
                "ScriptType": "",
                "InlineScript": "",
                "ScriptPath": "",
                "WebConfigParameters": "",
                "AppSettings": "",
                "ConfigurationSettings": "",
                "UseWebDeploy": "false",
                "DeploymentType": "webDeploy",
                "TakeAppOfflineFlag": "true",
                "SetParametersFile": "",
                "RemoveAdditionalFilesFlag": "false",
                "ExcludeFilesFromAppDataFlag": "false",
                "AdditionalArguments": "",
                "RenameFilesFlag": "true",
                "XmlTransformation": "false",
                "XmlVariableSubstitution": "false",
                "JSONFiles": ""
              }
            },
            {
              "environment": {},
              "taskId": "497d490f-eea7-4f2b-ab94-48d9c1acdcb1",
              "version": "4.*",
              "name": "Deploy Jar to Azure App Service",
              "refName": "",
              "enabled": false,
              "alwaysRun": false,
              "continueOnError": false,
              "timeoutInMinutes": 0,
              "definitionType": null,
              "overrideInputs": {},
              "condition": "succeeded()",
              "inputs": {
                "ConnectionType": "AzureRM",
                "ConnectedServiceName": "",
                "PublishProfilePath": "$(System.DefaultWorkingDirectory)/**/*.pubxml",
                "PublishProfilePassword": "",
                "WebAppKind": "webApp",
                "WebAppName": "$(webapp)",
                "DeployToSlotOrASEFlag": "false",
                "ResourceGroupName": "",
                "SlotName": "production",
                "DockerNamespace": "",
                "DockerRepository": "",
                "DockerImageTag": "$(Build.BuildId)",
                "VirtualApplication": "",
                "Package": "$(System.DefaultWorkingDirectory)/**/*.jar",
                "RuntimeStack": "",
                "RuntimeStackFunction": "",
                "StartupCommand": "",
                "ScriptType": "",
                "InlineScript": "",
                "ScriptPath": "",
                "WebConfigParameters": "-JAR_PATH D:\\home\\site\\wwwroot\\*.jar -ADDITIONAL_DEPLOYMENT_OPTIONS '-Dserver.port=%HTTP_PLATFORM_PORT%' -appType Java_SpringBoot",
                "AppSettings": "",
                "ConfigurationSettings": "",
                "UseWebDeploy": "false",
                "DeploymentType": "webDeploy",
                "TakeAppOfflineFlag": "true",
                "SetParametersFile": "",
                "RemoveAdditionalFilesFlag": "false",
                "ExcludeFilesFromAppDataFlag": "false",
                "AdditionalArguments": "",
                "RenameFilesFlag": "true",
                "XmlTransformation": "false",
                "XmlVariableSubstitution": "false",
                "JSONFiles": ""
              }
            }
          ]
        }
      ],
      "environmentOptions": {
        "emailNotificationType": "OnlyOnFailure",
        "emailRecipients": "release.environment.owner;release.creator",
        "skipArtifactsDownload": false,
        "timeoutInMinutes": 0,
        "enableAccessToken": false,
        "publishDeploymentStatus": true,
        "badgeEnabled": false,
        "autoLinkWorkItems": false,
        "pullRequestDeploymentEnabled": true
      },
      "demands": [],
      "conditions": [
        {
          "name": "ReleaseStarted",
          "conditionType": "event",
          "value": ""
        }
      ],
      "executionPolicy": {
        "concurrencyCount": 1,
        "queueDepthCount": 0
      },
      "schedules": [],
      "currentRelease": {
        "id": 15,
        "url": "https://vsrm.dev.azure.com/servicescode/5f64706a-c618-4444-8fec-a037e2197618/_apis/Release/releases/15",
        "_links": {}
      },
      "retentionPolicy": {
        "daysToKeep": 30,
        "releasesToKeep": 3,
        "retainBuild": true
      },
      "processParameters": {},
      "properties": {},
      "preDeploymentGates": {
        "id": 0,
        "gatesOptions": null,
        "gates": []
      },
      "postDeploymentGates": {
        "id": 0,
        "gatesOptions": null,
        "gates": []
      },
      "environmentTriggers": [],
      "badgeUrl": ""
    }
  ],
  "artifacts": [
    {
      "sourceId": "$ProjectId$:$Coupons-CI-id$",
      "type": "Build",
      "alias": "_Coupons-CI",
      "definitionReference": {
        "artifactSourceDefinitionUrl": "{}",
        "defaultVersionBranch": {
          "id": "",
          "name": ""
        },
        "defaultVersionSpecific": {
          "id": "",
          "name": ""
        },
        "defaultVersionTags": {
          "id": "",
          "name": ""
        },
        "defaultVersionType": {
          "id": "latestType",
          "name": "Latest"
        },
        "definition": {
          "id": "$Coupons-CI-id$",
          "name": "Coupons-CI"
        },
        "definitions": {
          "id": "",
          "name": ""
        },
        "IsMultiDefinitionType": {
          "id": "False",
          "name": "False"
        },
        "project": {
          "id": "$ProjectId$",
          "name": "$ProjectName$"
        },
        "repository": {
          "id": "",
          "name": ""
        }
      },
      "isPrimary": true,
      "isRetained": false
    }
  ],
  "triggers": [
    {
      "artifactAlias": "_Coupons-CI",
      "triggerConditions": [
        {
          "targetBranch": "master",
          "tags": []
        }
      ],
      "pullRequestConfiguration": {
        "useArtifactReference": false,
        "codeRepositoryReference": {
          "systemType": "tfsGit",
          "repositoryReference": {
            "pullRequestRepositoryId": {
              "value": "d80cd82e-784d-49e9-aa2f-b0601d0b116a",
              "displayValue": "DevOps-Dojo-Coupons"
            },
            "pullRequestProjectId": {
              "value": "5f64706a-c618-4444-8fec-a037e2197618",
              "displayValue": "DevOps-Dojo"
            }
          }
        }
      },
      "statusPolicyName": "",
      "triggerType": "pullRequest"
    }
  ],
  "releaseNameFormat": "Release-$(rev:r)",
  "tags": [],
  "pipelineProcess": {
    "type": "designer"
  },
  "properties": {
    "DefinitionCreationSource": {
      "$type": "System.String",
      "$value": "ReleaseImport"
    }
  },
  "id": "",
  "name": "Coupon-CD",
  "path": "\\",
  "projectReference": null,
  "url": "",
  "_links": "{}"
}