{
  "count": 16,
  "value": [
    {
      "id": 415,
      "rev": 1,
      "fields": {
        "System.AreaPath": "PartsUnlimited",
        "System.TeamProject": "PartsUnlimited",
        "System.IterationPath": "PartsUnlimited",
        "System.WorkItemType": "Epic",
        "System.State": "New",
        "System.Reason": "New epic",
        "System.CreatedDate": "2017-03-02T12:14:31.91Z",
        "System.CreatedBy": "Sachin Raj <sachin77@outlook.com>",
        "System.ChangedDate": "2017-03-02T12:14:31.91Z",
        "System.ChangedBy": "Sachin Raj <sachin77@outlook.com>",
        "System.Title": "As marketer, I want to run an A|B test on alternative Web Sites using Application Insights.",
        "Microsoft.VSTS.Scheduling.Effort": 0.0,
        "System.Description": "As marketer, I want to run an A|B test on alternative Web Sites using Application Insights.",
        "System.AssignedTo": "Sachin Raj <sachin77@outlook.com>",
        "Microsoft.VSTS.Scheduling.RemainingWork": 0.0,
        "Microsoft.VSTS.Common.Priority": 2.0,
        "System.BoardLane": null,
        "System.Tags": null,
        "Microsoft.VSTS.TCM.Steps": null,
        "Microsoft.VSTS.TCM.Parameters": null,
        "Microsoft.VSTS.TCM.LocalDataSource": null,
        "Microsoft.VSTS.TCM.AutomationStatus": null,
        "System.History": null
      },
      "relations": [
        {
          "rel": "System.LinkTypes.Hierarchy-Forward",
          "url": "https://vstsdemodata.visualstudio.com/_apis/wit/workItems/286",
          "attributes": {
            "isLocked": "False",
            "comment": "Making a new link for the dependency"
          }
        }
      ],
      "url": "https://vstsdemodata.visualstudio.com/_apis/wit/workItems/415"
    },
    {
      "id": 533,
      "rev": 2,
      "fields": {
        "System.AreaPath": "PartsUnlimited",
        "System.TeamProject": "PartsUnlimited",
        "System.IterationPath": "PartsUnlimited",
        "System.WorkItemType": "Epic",
        "System.State": "New",
        "System.Reason": "New epic",
        "System.CreatedDate": "2017-03-07T21:18:00.283Z",
        "System.CreatedBy": "Sachin Raj <sachin77@outlook.com>",
        "System.ChangedDate": "2017-03-07T21:18:00.627Z",
        "System.ChangedBy": "Sachin Raj <sachin77@outlook.com>",
        "System.Title": "Shopping Cart Facility",
        "Microsoft.VSTS.Scheduling.Effort": 0.0,
        "System.Description": null,
        "System.AssignedTo": null,
        "Microsoft.VSTS.Scheduling.RemainingWork": 0.0,
        "Microsoft.VSTS.Common.Priority": 2.0,
        "System.BoardLane": null,
        "System.Tags": null,
        "Microsoft.VSTS.TCM.Steps": null,
        "Microsoft.VSTS.TCM.Parameters": null,
        "Microsoft.VSTS.TCM.LocalDataSource": null,
        "Microsoft.VSTS.TCM.AutomationStatus": null,
        "System.History": null
      },
      "relations": [
        {
          "rel": "System.LinkTypes.Hierarchy-Forward",
          "url": "https://vstsdemodata.visualstudio.com/_apis/wit/workItems/545",
          "attributes": {
            "isLocked": "False"
          }
        },
        {
          "rel": "System.LinkTypes.Hierarchy-Forward",
          "url": "https://vstsdemodata.visualstudio.com/_apis/wit/workItems/547",
          "attributes": {
            "isLocked": "False"
          }
        },
        {
          "rel": "System.LinkTypes.Hierarchy-Forward",
          "url": "https://vstsdemodata.visualstudio.com/_apis/wit/workItems/548",
          "attributes": {
            "isLocked": "False"
          }
        },
        {
          "rel": "System.LinkTypes.Hierarchy-Forward",
          "url": "https://vstsdemodata.visualstudio.com/_apis/wit/workItems/552",
          "attributes": {
            "isLocked": "False"
          }
        }
      ],
      "url": "https://vstsdemodata.visualstudio.com/_apis/wit/workItems/533"
    },
    {
      "id": 534,
      "rev": 2,
      "fields": {
        "System.AreaPath": "PartsUnlimited",
        "System.TeamProject": "PartsUnlimited",
        "System.IterationPath": "PartsUnlimited",
        "System.WorkItemType": "Epic",
        "System.State": "New",
        "System.Reason": "New epic",
        "System.CreatedDate": "2017-03-07T21:19:26.017Z",
        "System.CreatedBy": "Sachin Raj <sachin77@outlook.com>",
        "System.ChangedDate": "2017-03-07T21:19:26.69Z",
        "System.ChangedBy": "Sachin Raj <sachin77@outlook.com>",
        "System.Title": "Online tracking of shipments",
        "Microsoft.VSTS.Scheduling.Effort": 0.0,
        "System.Description": null,
        "System.AssignedTo": null,
        "Microsoft.VSTS.Scheduling.RemainingWork": 0.0,
        "Microsoft.VSTS.Common.Priority": 2.0,
        "System.BoardLane": null,
        "System.Tags": null,
        "Microsoft.VSTS.TCM.Steps": null,
        "Microsoft.VSTS.TCM.Parameters": null,
        "Microsoft.VSTS.TCM.LocalDataSource": null,
        "Microsoft.VSTS.TCM.AutomationStatus": null,
        "System.History": null
      },
      "relations": [
        {
          "rel": "System.LinkTypes.Hierarchy-Forward",
          "url": "https://vstsdemodata.visualstudio.com/_apis/wit/workItems/546",
          "attributes": {
            "isLocked": "False"
          }
        },
        {
          "rel": "System.LinkTypes.Hierarchy-Forward",
          "url": "https://vstsdemodata.visualstudio.com/_apis/wit/workItems/549",
          "attributes": {
            "isLocked": "False"
          }
        }
      ],
      "url": "https://vstsdemodata.visualstudio.com/_apis/wit/workItems/534"
    },
    {
      "id": 535,
      "rev": 2,
      "fields": {
        "System.AreaPath": "PartsUnlimited",
        "System.TeamProject": "PartsUnlimited",
        "System.IterationPath": "PartsUnlimited",
        "System.WorkItemType": "Epic",
        "System.State": "New",
        "System.Reason": "New epic",
        "System.CreatedDate": "2017-03-07T21:19:38.767Z",
        "System.CreatedBy": "Sachin Raj <sachin77@outlook.com>",
        "System.ChangedDate": "2017-03-07T21:19:38.97Z",
        "System.ChangedBy": "Sachin Raj <sachin77@outlook.com>",
        "System.Title": "Product reviews and ratings",
        "Microsoft.VSTS.Scheduling.Effort": 0.0,
        "System.Description": null,
        "System.AssignedTo": null,
        "Microsoft.VSTS.Scheduling.RemainingWork": 0.0,
        "Microsoft.VSTS.Common.Priority": 2.0,
        "System.BoardLane": null,
        "System.Tags": null,
        "Microsoft.VSTS.TCM.Steps": null,
        "Microsoft.VSTS.TCM.Parameters": null,
        "Microsoft.VSTS.TCM.LocalDataSource": null,
        "Microsoft.VSTS.TCM.AutomationStatus": null,
        "System.History": null
      },
      "relations": [
        {
          "rel": "System.LinkTypes.Hierarchy-Forward",
          "url": "https://vstsdemodata.visualstudio.com/_apis/wit/workItems/542",
          "attributes": {
            "isLocked": "False"
          }
        },
        {
          "rel": "System.LinkTypes.Hierarchy-Forward",
          "url": "https://vstsdemodata.visualstudio.com/_apis/wit/workItems/543",
          "attributes": {
            "isLocked": "False"
          }
        }
      ],
      "url": "https://vstsdemodata.visualstudio.com/_apis/wit/workItems/535"
    },
    {
      "id": 536,
      "rev": 2,
      "fields": {
        "System.AreaPath": "PartsUnlimited",
        "System.TeamProject": "PartsUnlimited",
        "System.IterationPath": "PartsUnlimited",
        "System.WorkItemType": "Epic",
        "System.State": "New",
        "System.Reason": "New epic",
        "System.CreatedDate": "2017-03-07T21:19:57.847Z",
        "System.CreatedBy": "Sachin Raj <sachin77@outlook.com>",
        "System.ChangedDate": "2017-03-07T21:19:58.143Z",
        "System.ChangedBy": "Sachin Raj <sachin77@outlook.com>",
        "System.Title": "Promotion and Rewards",
        "Microsoft.VSTS.Scheduling.Effort": 0.0,
        "System.Description": null,
        "System.AssignedTo": null,
        "Microsoft.VSTS.Scheduling.RemainingWork": 0.0,
        "Microsoft.VSTS.Common.Priority": 2.0,
        "System.BoardLane": null,
        "System.Tags": null,
        "Microsoft.VSTS.TCM.Steps": null,
        "Microsoft.VSTS.TCM.Parameters": null,
        "Microsoft.VSTS.TCM.LocalDataSource": null,
        "Microsoft.VSTS.TCM.AutomationStatus": null,
        "System.History": null
      },
      "relations": [
        {
          "rel": "System.LinkTypes.Hierarchy-Forward",
          "url": "https://vstsdemodata.visualstudio.com/_apis/wit/workItems/550",
          "attributes": {
            "isLocked": "False"
          }
        },
        {
          "rel": "System.LinkTypes.Hierarchy-Forward",
          "url": "https://vstsdemodata.visualstudio.com/_apis/wit/workItems/554",
          "attributes": {
            "isLocked": "False"
          }
        }
      ],
      "url": "https://vstsdemodata.visualstudio.com/_apis/wit/workItems/536"
    },
    {
      "id": 537,
      "rev": 2,
      "fields": {
        "System.AreaPath": "PartsUnlimited",
        "System.TeamProject": "PartsUnlimited",
        "System.IterationPath": "PartsUnlimited",
        "System.WorkItemType": "Epic",
        "System.State": "New",
        "System.Reason": "New epic",
        "System.CreatedDate": "2017-03-07T21:20:08.86Z",
        "System.CreatedBy": "Sachin Raj <sachin77@outlook.com>",
        "System.ChangedDate": "2017-03-07T21:20:09.127Z",
        "System.ChangedBy": "Sachin Raj <sachin77@outlook.com>",
        "System.Title": "Notification",
        "Microsoft.VSTS.Scheduling.Effort": 0.0,
        "System.Description": null,
        "System.AssignedTo": null,
        "Microsoft.VSTS.Scheduling.RemainingWork": 0.0,
        "Microsoft.VSTS.Common.Priority": 2.0,
        "System.BoardLane": null,
        "System.Tags": null,
        "Microsoft.VSTS.TCM.Steps": null,
        "Microsoft.VSTS.TCM.Parameters": null,
        "Microsoft.VSTS.TCM.LocalDataSource": null,
        "Microsoft.VSTS.TCM.AutomationStatus": null,
        "System.History": null
      },
      "relations": [
        {
          "rel": "System.LinkTypes.Hierarchy-Forward",
          "url": "https://vstsdemodata.visualstudio.com/_apis/wit/workItems/551",
          "attributes": {
            "isLocked": "False"
          }
        }
      ],
      "url": "https://vstsdemodata.visualstudio.com/_apis/wit/workItems/537"
    },
    {
      "id": 538,
      "rev": 2,
      "fields": {
        "System.AreaPath": "PartsUnlimited",
        "System.TeamProject": "PartsUnlimited",
        "System.IterationPath": "PartsUnlimited",
        "System.WorkItemType": "Epic",
        "System.State": "New",
        "System.Reason": "New epic",
        "System.CreatedDate": "2017-03-07T21:20:21.423Z",
        "System.CreatedBy": "Sachin Raj <sachin77@outlook.com>",
        "System.ChangedDate": "2017-03-07T21:20:21.847Z",
        "System.ChangedBy": "Sachin Raj <sachin77@outlook.com>",
        "System.Title": "Membership and Rewards Program",
        "Microsoft.VSTS.Scheduling.Effort": 0.0,
        "System.Description": null,
        "System.AssignedTo": null,
        "Microsoft.VSTS.Scheduling.RemainingWork": 0.0,
        "Microsoft.VSTS.Common.Priority": 2.0,
        "System.BoardLane": null,
        "System.Tags": null,
        "Microsoft.VSTS.TCM.Steps": null,
        "Microsoft.VSTS.TCM.Parameters": null,
        "Microsoft.VSTS.TCM.LocalDataSource": null,
        "Microsoft.VSTS.TCM.AutomationStatus": null,
        "System.History": null
      },
      "relations": [
        {
          "rel": "System.LinkTypes.Hierarchy-Forward",
          "url": "https://vstsdemodata.visualstudio.com/_apis/wit/workItems/539",
          "attributes": {
            "isLocked": "False"
          }
        },
        {
          "rel": "System.LinkTypes.Hierarchy-Forward",
          "url": "https://vstsdemodata.visualstudio.com/_apis/wit/workItems/540",
          "attributes": {
            "isLocked": "False"
          }
        }
      ],
      "url": "https://vstsdemodata.visualstudio.com/_apis/wit/workItems/538"
    },
    {
      "id": 555,
      "rev": 2,
      "fields": {
        "System.AreaPath": "PartsUnlimited",
        "System.TeamProject": "PartsUnlimited",
        "System.IterationPath": "PartsUnlimited",
        "System.WorkItemType": "Epic",
        "System.State": "New",
        "System.Reason": "New epic",
        "System.CreatedDate": "2017-03-07T21:31:06.43Z",
        "System.CreatedBy": "Sachin Raj <sachin77@outlook.com>",
        "System.ChangedDate": "2017-03-07T21:31:07.087Z",
        "System.ChangedBy": "Sachin Raj <sachin77@outlook.com>",
        "System.Title": "Customer Service",
        "Microsoft.VSTS.Scheduling.Effort": 0.0,
        "System.Description": null,
        "System.AssignedTo": null,
        "Microsoft.VSTS.Scheduling.RemainingWork": 0.0,
        "Microsoft.VSTS.Common.Priority": 2.0,
        "System.BoardLane": null,
        "System.Tags": null,
        "Microsoft.VSTS.TCM.Steps": null,
        "Microsoft.VSTS.TCM.Parameters": null,
        "Microsoft.VSTS.TCM.LocalDataSource": null,
        "Microsoft.VSTS.TCM.AutomationStatus": null,
        "System.History": null
      },
      "relations": [
        {
          "rel": "System.LinkTypes.Hierarchy-Forward",
          "url": "https://vstsdemodata.visualstudio.com/_apis/wit/workItems/541",
          "attributes": {
            "isLocked": "False"
          }
        },
        {
          "rel": "System.LinkTypes.Hierarchy-Forward",
          "url": "https://vstsdemodata.visualstudio.com/_apis/wit/workItems/544",
          "attributes": {
            "isLocked": "False"
          }
        }
      ],
      "url": "https://vstsdemodata.visualstudio.com/_apis/wit/workItems/555"
    },
    {
      "id": 556,
      "rev": 2,
      "fields": {
        "System.AreaPath": "PartsUnlimited",
        "System.TeamProject": "PartsUnlimited",
        "System.IterationPath": "PartsUnlimited",
        "System.WorkItemType": "Epic",
        "System.State": "New",
        "System.Reason": "New epic",
        "System.CreatedDate": "2017-03-07T21:31:46.663Z",
        "System.CreatedBy": "Sachin Raj <sachin77@outlook.com>",
        "System.ChangedDate": "2017-03-07T21:31:47.087Z",
        "System.ChangedBy": "Sachin Raj <sachin77@outlook.com>",
        "System.Title": "Product Catalog",
        "Microsoft.VSTS.Scheduling.Effort": 0.0,
        "System.Description": null,
        "System.AssignedTo": null,
        "Microsoft.VSTS.Scheduling.RemainingWork": 0.0,
        "Microsoft.VSTS.Common.Priority": 2.0,
        "System.BoardLane": null,
        "System.Tags": null,
        "Microsoft.VSTS.TCM.Steps": null,
        "Microsoft.VSTS.TCM.Parameters": null,
        "Microsoft.VSTS.TCM.LocalDataSource": null,
        "Microsoft.VSTS.TCM.AutomationStatus": null,
        "System.History": null
      },
      "relations": [
        {
          "rel": "System.LinkTypes.Hierarchy-Forward",
          "url": "https://vstsdemodata.visualstudio.com/_apis/wit/workItems/553",
          "attributes": {
            "isLocked": "False"
          }
        }
      ],
      "url": "https://vstsdemodata.visualstudio.com/_apis/wit/workItems/556"
    },
    {
      "id": 557,
      "rev": 2,
      "fields": {
        "System.AreaPath": "PartsUnlimited",
        "System.TeamProject": "PartsUnlimited",
        "System.IterationPath": "PartsUnlimited",
        "System.WorkItemType": "Epic",
        "System.State": "New",
        "System.Reason": "New epic",
        "System.CreatedDate": "2017-03-07T21:34:26.703Z",
        "System.CreatedBy": "Sachin Raj <sachin77@outlook.com>",
        "System.ChangedDate": "2017-03-07T21:34:27.157Z",
        "System.ChangedBy": "Sachin Raj <sachin77@outlook.com>",
        "System.Title": "Payment",
        "Microsoft.VSTS.Scheduling.Effort": 0.0,
        "System.Description": null,
        "System.AssignedTo": null,
        "Microsoft.VSTS.Scheduling.RemainingWork": 0.0,
        "Microsoft.VSTS.Common.Priority": 2.0,
        "System.BoardLane": null,
        "System.Tags": null,
        "Microsoft.VSTS.TCM.Steps": null,
        "Microsoft.VSTS.TCM.Parameters": null,
        "Microsoft.VSTS.TCM.LocalDataSource": null,
        "Microsoft.VSTS.TCM.AutomationStatus": null,
        "System.History": null
      },
      "relations": [
        {
          "rel": "System.LinkTypes.Hierarchy-Forward",
          "url": "https://vstsdemodata.visualstudio.com/_apis/wit/workItems/558",
          "attributes": {
            "isLocked": "False"
          }
        }
      ],
      "url": "https://vstsdemodata.visualstudio.com/_apis/wit/workItems/557"
    },
    {
      "id": 422,
      "rev": 1,
      "fields": {
        "System.AreaPath": "PartsUnlimited",
        "System.TeamProject": "PartsUnlimited",
        "System.IterationPath": "PartsUnlimited",
        "System.WorkItemType": "Epic",
        "System.State": "Done",
        "System.Reason": "Work finished",
        "System.CreatedDate": "2017-03-02T12:14:33.41Z",
        "System.CreatedBy": "Sachin Raj <sachin77@outlook.com>",
        "System.ChangedDate": "2017-03-02T12:14:33.41Z",
        "System.ChangedBy": "Sachin Raj <sachin77@outlook.com>",
        "System.Title": "As ops guy, I'd like to make sure I am notified anytime public availability is impacted for key user scenarios",
        "Microsoft.VSTS.Scheduling.Effort": 0.0,
        "System.Description": "As ops guy, I'd like to make sure I am notified anytime public availability is impacted for key user scenarios",
        "System.AssignedTo": "nmunger109@outlook.com",
        "Microsoft.VSTS.Scheduling.RemainingWork": 0.0,
        "Microsoft.VSTS.Common.Priority": 2.0,
        "System.BoardLane": null,
        "System.Tags": null,
        "Microsoft.VSTS.TCM.Steps": null,
        "Microsoft.VSTS.TCM.Parameters": null,
        "Microsoft.VSTS.TCM.LocalDataSource": null,
        "Microsoft.VSTS.TCM.AutomationStatus": null,
        "System.History": null
      },
      "relations": null,
      "url": "https://vstsdemodata.visualstudio.com/_apis/wit/workItems/422"
    },
    {
      "id": 423,
      "rev": 1,
      "fields": {
        "System.AreaPath": "PartsUnlimited",
        "System.TeamProject": "PartsUnlimited",
        "System.IterationPath": "PartsUnlimited",
        "System.WorkItemType": "Epic",
        "System.State": "Done",
        "System.Reason": "Work finished",
        "System.CreatedDate": "2017-03-02T12:14:33.66Z",
        "System.CreatedBy": "Sachin Raj <sachin77@outlook.com>",
        "System.ChangedDate": "2017-03-02T12:14:33.66Z",
        "System.ChangedBy": "Sachin Raj <sachin77@outlook.com>",
        "System.Title": "As a user i want to be able to search the PartsUnlimited Website so that i can find the products i want to purchase",
        "Microsoft.VSTS.Scheduling.Effort": 0.0,
        "System.Description": "As a user i want to be able to search the PartsUnlimited Website so that i can find the products i want to purchase",
        "System.AssignedTo": "Sachin Raj <sachin77@outlook.com>",
        "Microsoft.VSTS.Scheduling.RemainingWork": 0.0,
        "Microsoft.VSTS.Common.Priority": 2.0,
        "System.BoardLane": null,
        "System.Tags": null,
        "Microsoft.VSTS.TCM.Steps": null,
        "Microsoft.VSTS.TCM.Parameters": null,
        "Microsoft.VSTS.TCM.LocalDataSource": null,
        "Microsoft.VSTS.TCM.AutomationStatus": null,
        "System.History": null
      },
      "relations": null,
      "url": "https://vstsdemodata.visualstudio.com/_apis/wit/workItems/423"
    },
    {
      "id": 424,
      "rev": 1,
      "fields": {
        "System.AreaPath": "PartsUnlimited",
        "System.TeamProject": "PartsUnlimited",
        "System.IterationPath": "PartsUnlimited",
        "System.WorkItemType": "Epic",
        "System.State": "Done",
        "System.Reason": "Work finished",
        "System.CreatedDate": "2017-03-02T12:14:33.86Z",
        "System.CreatedBy": "Sachin Raj <sachin77@outlook.com>",
        "System.ChangedDate": "2017-03-02T12:14:33.86Z",
        "System.ChangedBy": "Sachin Raj <sachin77@outlook.com>",
        "System.Title": "As a marketeer i want our website to be performant and available around the world",
        "Microsoft.VSTS.Scheduling.Effort": 0.0,
        "System.Description": "As a marketeer i want our website to be performant and available around the world",
        "System.AssignedTo": "Sachin Raj <sachin77@outlook.com>",
        "Microsoft.VSTS.Scheduling.RemainingWork": 0.0,
        "Microsoft.VSTS.Common.Priority": 2.0,
        "System.BoardLane": null,
        "System.Tags": null,
        "Microsoft.VSTS.TCM.Steps": null,
        "Microsoft.VSTS.TCM.Parameters": null,
        "Microsoft.VSTS.TCM.LocalDataSource": null,
        "Microsoft.VSTS.TCM.AutomationStatus": null,
        "System.History": null
      },
      "relations": null,
      "url": "https://vstsdemodata.visualstudio.com/_apis/wit/workItems/424"
    },
    {
      "id": 425,
      "rev": 1,
      "fields": {
        "System.AreaPath": "PartsUnlimited",
        "System.TeamProject": "PartsUnlimited",
        "System.IterationPath": "PartsUnlimited",
        "System.WorkItemType": "Epic",
        "System.State": "Done",
        "System.Reason": "Work finished",
        "System.CreatedDate": "2017-03-02T12:14:34.08Z",
        "System.CreatedBy": "Sachin Raj <sachin77@outlook.com>",
        "System.ChangedDate": "2017-03-02T12:14:34.08Z",
        "System.ChangedBy": "Sachin Raj <sachin77@outlook.com>",
        "System.Title": "We want to make frequent enhancements to the MRP application and need to modernize the application from its current legacy state.",
        "Microsoft.VSTS.Scheduling.Effort": 0.0,
        "System.Description": "We want to make frequent enhancements to the MRP application and need to modernize the application from its current legacy state.",
        "System.AssignedTo": "Sachin Raj <sachin77@outlook.com>",
        "Microsoft.VSTS.Scheduling.RemainingWork": 0.0,
        "Microsoft.VSTS.Common.Priority": 2.0,
        "System.BoardLane": null,
        "System.Tags": null,
        "Microsoft.VSTS.TCM.Steps": null,
        "Microsoft.VSTS.TCM.Parameters": null,
        "Microsoft.VSTS.TCM.LocalDataSource": null,
        "Microsoft.VSTS.TCM.AutomationStatus": null,
        "System.History": null
      },
      "relations": null,
      "url": "https://vstsdemodata.visualstudio.com/_apis/wit/workItems/425"
    },
    {
      "id": 426,
      "rev": 1,
      "fields": {
        "System.AreaPath": "PartsUnlimited",
        "System.TeamProject": "PartsUnlimited",
        "System.IterationPath": "PartsUnlimited",
        "System.WorkItemType": "Epic",
        "System.State": "Done",
        "System.Reason": "Work finished",
        "System.CreatedDate": "2017-03-02T12:14:34.3Z",
        "System.CreatedBy": "Sachin Raj <sachin77@outlook.com>",
        "System.ChangedDate": "2017-03-02T12:14:34.3Z",
        "System.ChangedBy": "Sachin Raj <sachin77@outlook.com>",
        "System.Title": "As ops guy, I'd like to keep the business owners happy ensuring there is no wasted spend in cloud resources.",
        "Microsoft.VSTS.Scheduling.Effort": 0.0,
        "System.Description": "As ops guy, I'd like to keep the business owners happy ensuring there is no wasted spend in cloud resources.",
        "System.AssignedTo": "Sachin Raj <sachin77@outlook.com>",
        "Microsoft.VSTS.Scheduling.RemainingWork": 0.0,
        "Microsoft.VSTS.Common.Priority": 2.0,
        "System.BoardLane": null,
        "System.Tags": null,
        "Microsoft.VSTS.TCM.Steps": null,
        "Microsoft.VSTS.TCM.Parameters": null,
        "Microsoft.VSTS.TCM.LocalDataSource": null,
        "Microsoft.VSTS.TCM.AutomationStatus": null,
        "System.History": null
      },
      "relations": null,
      "url": "https://vstsdemodata.visualstudio.com/_apis/wit/workItems/426"
    },
    {
      "id": 427,
      "rev": 1,
      "fields": {
        "System.AreaPath": "PartsUnlimited",
        "System.TeamProject": "PartsUnlimited",
        "System.IterationPath": "PartsUnlimited",
        "System.WorkItemType": "Epic",
        "System.State": "Done",
        "System.Reason": "Work finished",
        "System.CreatedDate": "2017-03-02T12:14:34.5Z",
        "System.CreatedBy": "Sachin Raj <sachin77@outlook.com>",
        "System.ChangedDate": "2017-03-02T12:14:34.5Z",
        "System.ChangedBy": "Sachin Raj <sachin77@outlook.com>",
        "System.Title": "As developer, I want to use Azure Machine Learning to provide a recommendations engine behind the website.",
        "Microsoft.VSTS.Scheduling.Effort": 0.0,
        "System.Description": "As developer, I want to use Azure Machine Learning to provide a recommendations engine behind the website.",
        "System.AssignedTo": "craig109@outlook.com",
        "Microsoft.VSTS.Scheduling.RemainingWork": 0.0,
        "Microsoft.VSTS.Common.Priority": 2.0,
        "System.BoardLane": null,
        "System.Tags": null,
        "Microsoft.VSTS.TCM.Steps": null,
        "Microsoft.VSTS.TCM.Parameters": null,
        "Microsoft.VSTS.TCM.LocalDataSource": null,
        "Microsoft.VSTS.TCM.AutomationStatus": null,
        "System.History": null
      },
      "relations": null,
      "url": "https://vstsdemodata.visualstudio.com/_apis/wit/workItems/427"
    }
  ],
  "HttpStatusCode": 0
}