{
  "count": 22,
  "value": [
    {
      "id": 539,
      "rev": 2,
      "fields": {
        "System.AreaPath": "PartsUnlimited",
        "System.TeamProject": "PartsUnlimited",
        "System.IterationPath": "PartsUnlimited",
        "System.WorkItemType": "Feature",
        "System.State": "New",
        "System.Reason": "New feature",
        "System.CreatedDate": "2017-03-07T21:21:48.143Z",
        "System.CreatedBy": "Sachin Raj <sachin77@outlook.com>",
        "System.ChangedDate": "2017-03-07T21:21:48.347Z",
        "System.ChangedBy": "Sachin Raj <sachin77@outlook.com>",
        "System.Title": "Points Accural on Purchases",
        "Microsoft.VSTS.Scheduling.Effort": 0.0,
        "System.Description": null,
        "System.AssignedTo": null,
        "Microsoft.VSTS.Scheduling.RemainingWork": 0.0,
        "Microsoft.VSTS.Common.Priority": 2.0,
        "System.BoardLane": null,
        "System.Tags": null,
        "Microsoft.VSTS.TCM.Steps": null,
        "Microsoft.VSTS.TCM.Parameters": null,
        "Microsoft.VSTS.TCM.LocalDataSource": null,
        "Microsoft.VSTS.TCM.AutomationStatus": null,
        "System.History": null
      },
      "relations": [
        {
          "rel": "System.LinkTypes.Hierarchy-Reverse",
          "url": "https://vstsdemodata.visualstudio.com/_apis/wit/workItems/538",
          "attributes": {
            "isLocked": "False"
          }
        }
      ],
      "url": "https://vstsdemodata.visualstudio.com/_apis/wit/workItems/539"
    },
    {
      "id": 540,
      "rev": 3,
      "fields": {
        "System.AreaPath": "PartsUnlimited",
        "System.TeamProject": "PartsUnlimited",
        "System.IterationPath": "PartsUnlimited",
        "System.WorkItemType": "Feature",
        "System.State": "New",
        "System.Reason": "New feature",
        "System.CreatedDate": "2017-03-07T21:21:57.807Z",
        "System.CreatedBy": "Sachin Raj <sachin77@outlook.com>",
        "System.ChangedDate": "2017-03-07T21:22:07.18Z",
        "System.ChangedBy": "Sachin Raj <sachin77@outlook.com>",
        "System.Title": "Rewards Redemption",
        "Microsoft.VSTS.Scheduling.Effort": 0.0,
        "System.Description": null,
        "System.AssignedTo": null,
        "Microsoft.VSTS.Scheduling.RemainingWork": 0.0,
        "Microsoft.VSTS.Common.Priority": 2.0,
        "System.BoardLane": null,
        "System.Tags": null,
        "Microsoft.VSTS.TCM.Steps": null,
        "Microsoft.VSTS.TCM.Parameters": null,
        "Microsoft.VSTS.TCM.LocalDataSource": null,
        "Microsoft.VSTS.TCM.AutomationStatus": null,
        "System.History": null
      },
      "relations": [
        {
          "rel": "System.LinkTypes.Hierarchy-Reverse",
          "url": "https://vstsdemodata.visualstudio.com/_apis/wit/workItems/538",
          "attributes": {
            "isLocked": "False"
          }
        }
      ],
      "url": "https://vstsdemodata.visualstudio.com/_apis/wit/workItems/540"
    },
    {
      "id": 542,
      "rev": 2,
      "fields": {
        "System.AreaPath": "PartsUnlimited",
        "System.TeamProject": "PartsUnlimited",
        "System.IterationPath": "PartsUnlimited",
        "System.WorkItemType": "Feature",
        "System.State": "New",
        "System.Reason": "New feature",
        "System.CreatedDate": "2017-03-07T21:22:38.42Z",
        "System.CreatedBy": "Sachin Raj <sachin77@outlook.com>",
        "System.ChangedDate": "2017-03-07T21:22:38.777Z",
        "System.ChangedBy": "Sachin Raj <sachin77@outlook.com>",
        "System.Title": "Ratings for purchased items",
        "Microsoft.VSTS.Scheduling.Effort": 0.0,
        "System.Description": null,
        "System.AssignedTo": null,
        "Microsoft.VSTS.Scheduling.RemainingWork": 0.0,
        "Microsoft.VSTS.Common.Priority": 2.0,
        "System.BoardLane": null,
        "System.Tags": null,
        "Microsoft.VSTS.TCM.Steps": null,
        "Microsoft.VSTS.TCM.Parameters": null,
        "Microsoft.VSTS.TCM.LocalDataSource": null,
        "Microsoft.VSTS.TCM.AutomationStatus": null,
        "System.History": null
      },
      "relations": [
        {
          "rel": "System.LinkTypes.Hierarchy-Forward",
          "url": "https://vstsdemodata.visualstudio.com/_apis/wit/workItems/303",
          "attributes": {
            "isLocked": "False"
          }
        },
        {
          "rel": "System.LinkTypes.Hierarchy-Forward",
          "url": "https://vstsdemodata.visualstudio.com/_apis/wit/workItems/408",
          "attributes": {
            "isLocked": "False"
          }
        },
        {
          "rel": "System.LinkTypes.Hierarchy-Reverse",
          "url": "https://vstsdemodata.visualstudio.com/_apis/wit/workItems/535",
          "attributes": {
            "isLocked": "False"
          }
        }
      ],
      "url": "https://vstsdemodata.visualstudio.com/_apis/wit/workItems/542"
    },
    {
      "id": 543,
      "rev": 2,
      "fields": {
        "System.AreaPath": "PartsUnlimited",
        "System.TeamProject": "PartsUnlimited",
        "System.IterationPath": "PartsUnlimited",
        "System.WorkItemType": "Feature",
        "System.State": "New",
        "System.Reason": "New feature",
        "System.CreatedDate": "2017-03-07T21:22:52.777Z",
        "System.CreatedBy": "Sachin Raj <sachin77@outlook.com>",
        "System.ChangedDate": "2017-03-07T21:22:52.997Z",
        "System.ChangedBy": "Sachin Raj <sachin77@outlook.com>",
        "System.Title": "Supplier Feedback",
        "Microsoft.VSTS.Scheduling.Effort": 0.0,
        "System.Description": null,
        "System.AssignedTo": null,
        "Microsoft.VSTS.Scheduling.RemainingWork": 0.0,
        "Microsoft.VSTS.Common.Priority": 2.0,
        "System.BoardLane": null,
        "System.Tags": null,
        "Microsoft.VSTS.TCM.Steps": null,
        "Microsoft.VSTS.TCM.Parameters": null,
        "Microsoft.VSTS.TCM.LocalDataSource": null,
        "Microsoft.VSTS.TCM.AutomationStatus": null,
        "System.History": null
      },
      "relations": [
        {
          "rel": "System.LinkTypes.Hierarchy-Reverse",
          "url": "https://vstsdemodata.visualstudio.com/_apis/wit/workItems/535",
          "attributes": {
            "isLocked": "False"
          }
        }
      ],
      "url": "https://vstsdemodata.visualstudio.com/_apis/wit/workItems/543"
    },
    {
      "id": 545,
      "rev": 2,
      "fields": {
        "System.AreaPath": "PartsUnlimited",
        "System.TeamProject": "PartsUnlimited",
        "System.IterationPath": "PartsUnlimited",
        "System.WorkItemType": "Feature",
        "System.State": "New",
        "System.Reason": "New feature",
        "System.CreatedDate": "2017-03-07T21:23:26.87Z",
        "System.CreatedBy": "Sachin Raj <sachin77@outlook.com>",
        "System.ChangedDate": "2017-03-07T21:23:27.17Z",
        "System.ChangedBy": "Sachin Raj <sachin77@outlook.com>",
        "System.Title": "Shipping charges calculation",
        "Microsoft.VSTS.Scheduling.Effort": 0.0,
        "System.Description": null,
        "System.AssignedTo": null,
        "Microsoft.VSTS.Scheduling.RemainingWork": 0.0,
        "Microsoft.VSTS.Common.Priority": 2.0,
        "System.BoardLane": null,
        "System.Tags": null,
        "Microsoft.VSTS.TCM.Steps": null,
        "Microsoft.VSTS.TCM.Parameters": null,
        "Microsoft.VSTS.TCM.LocalDataSource": null,
        "Microsoft.VSTS.TCM.AutomationStatus": null,
        "System.History": null
      },
      "relations": [
        {
          "rel": "System.LinkTypes.Hierarchy-Reverse",
          "url": "https://vstsdemodata.visualstudio.com/_apis/wit/workItems/533",
          "attributes": {
            "isLocked": "False"
          }
        }
      ],
      "url": "https://vstsdemodata.visualstudio.com/_apis/wit/workItems/545"
    },
    {
      "id": 546,
      "rev": 2,
      "fields": {
        "System.AreaPath": "PartsUnlimited",
        "System.TeamProject": "PartsUnlimited",
        "System.IterationPath": "PartsUnlimited",
        "System.WorkItemType": "Feature",
        "System.State": "New",
        "System.Reason": "New feature",
        "System.CreatedDate": "2017-03-07T21:23:34.81Z",
        "System.CreatedBy": "Sachin Raj <sachin77@outlook.com>",
        "System.ChangedDate": "2017-03-07T21:23:35.513Z",
        "System.ChangedBy": "Sachin Raj <sachin77@outlook.com>",
        "System.Title": "Delivery Options",
        "Microsoft.VSTS.Scheduling.Effort": 0.0,
        "System.Description": null,
        "System.AssignedTo": null,
        "Microsoft.VSTS.Scheduling.RemainingWork": 0.0,
        "Microsoft.VSTS.Common.Priority": 2.0,
        "System.BoardLane": null,
        "System.Tags": null,
        "Microsoft.VSTS.TCM.Steps": null,
        "Microsoft.VSTS.TCM.Parameters": null,
        "Microsoft.VSTS.TCM.LocalDataSource": null,
        "Microsoft.VSTS.TCM.AutomationStatus": null,
        "System.History": null
      },
      "relations": [
        {
          "rel": "System.LinkTypes.Hierarchy-Forward",
          "url": "https://vstsdemodata.visualstudio.com/_apis/wit/workItems/317",
          "attributes": {
            "isLocked": "False"
          }
        },
        {
          "rel": "System.LinkTypes.Hierarchy-Forward",
          "url": "https://vstsdemodata.visualstudio.com/_apis/wit/workItems/320",
          "attributes": {
            "isLocked": "False"
          }
        },
        {
          "rel": "System.LinkTypes.Hierarchy-Reverse",
          "url": "https://vstsdemodata.visualstudio.com/_apis/wit/workItems/534",
          "attributes": {
            "isLocked": "False"
          }
        }
      ],
      "url": "https://vstsdemodata.visualstudio.com/_apis/wit/workItems/546"
    },
    {
      "id": 547,
      "rev": 2,
      "fields": {
        "System.AreaPath": "PartsUnlimited",
        "System.TeamProject": "PartsUnlimited",
        "System.IterationPath": "PartsUnlimited",
        "System.WorkItemType": "Feature",
        "System.State": "New",
        "System.Reason": "New feature",
        "System.CreatedDate": "2017-03-07T21:23:52.747Z",
        "System.CreatedBy": "Sachin Raj <sachin77@outlook.com>",
        "System.ChangedDate": "2017-03-07T21:23:53.013Z",
        "System.ChangedBy": "Sachin Raj <sachin77@outlook.com>",
        "System.Title": "Order cancellation",
        "Microsoft.VSTS.Scheduling.Effort": 0.0,
        "System.Description": null,
        "System.AssignedTo": null,
        "Microsoft.VSTS.Scheduling.RemainingWork": 0.0,
        "Microsoft.VSTS.Common.Priority": 2.0,
        "System.BoardLane": null,
        "System.Tags": null,
        "Microsoft.VSTS.TCM.Steps": null,
        "Microsoft.VSTS.TCM.Parameters": null,
        "Microsoft.VSTS.TCM.LocalDataSource": null,
        "Microsoft.VSTS.TCM.AutomationStatus": null,
        "System.History": null
      },
      "relations": [
        {
          "rel": "System.LinkTypes.Hierarchy-Reverse",
          "url": "https://vstsdemodata.visualstudio.com/_apis/wit/workItems/533",
          "attributes": {
            "isLocked": "False"
          }
        }
      ],
      "url": "https://vstsdemodata.visualstudio.com/_apis/wit/workItems/547"
    },
    {
      "id": 548,
      "rev": 2,
      "fields": {
        "System.AreaPath": "PartsUnlimited",
        "System.TeamProject": "PartsUnlimited",
        "System.IterationPath": "PartsUnlimited",
        "System.WorkItemType": "Feature",
        "System.State": "New",
        "System.Reason": "New feature",
        "System.CreatedDate": "2017-03-07T21:24:00.733Z",
        "System.CreatedBy": "Sachin Raj <sachin77@outlook.com>",
        "System.ChangedDate": "2017-03-07T21:24:01.013Z",
        "System.ChangedBy": "Sachin Raj <sachin77@outlook.com>",
        "System.Title": "Order confirmation",
        "Microsoft.VSTS.Scheduling.Effort": 0.0,
        "System.Description": null,
        "System.AssignedTo": null,
        "Microsoft.VSTS.Scheduling.RemainingWork": 0.0,
        "Microsoft.VSTS.Common.Priority": 2.0,
        "System.BoardLane": null,
        "System.Tags": null,
        "Microsoft.VSTS.TCM.Steps": null,
        "Microsoft.VSTS.TCM.Parameters": null,
        "Microsoft.VSTS.TCM.LocalDataSource": null,
        "Microsoft.VSTS.TCM.AutomationStatus": null,
        "System.History": null
      },
      "relations": [
        {
          "rel": "System.LinkTypes.Hierarchy-Reverse",
          "url": "https://vstsdemodata.visualstudio.com/_apis/wit/workItems/533",
          "attributes": {
            "isLocked": "False"
          }
        },
        {
          "rel": "System.LinkTypes.Hierarchy-Forward",
          "url": "https://vstsdemodata.visualstudio.com/_apis/wit/workItems/309",
          "attributes": {
            "isLocked": "False"
          }
        },
        {
          "rel": "System.LinkTypes.Hierarchy-Forward",
          "url": "https://vstsdemodata.visualstudio.com/_apis/wit/workItems/310",
          "attributes": {
            "isLocked": "False"
          }
        }
      ],
      "url": "https://vstsdemodata.visualstudio.com/_apis/wit/workItems/548"
    },
    {
      "id": 549,
      "rev": 2,
      "fields": {
        "System.AreaPath": "PartsUnlimited",
        "System.TeamProject": "PartsUnlimited",
        "System.IterationPath": "PartsUnlimited",
        "System.WorkItemType": "Feature",
        "System.State": "New",
        "System.Reason": "New feature",
        "System.CreatedDate": "2017-03-07T21:24:07.03Z",
        "System.CreatedBy": "Sachin Raj <sachin77@outlook.com>",
        "System.ChangedDate": "2017-03-07T21:24:07.34Z",
        "System.ChangedBy": "Sachin Raj <sachin77@outlook.com>",
        "System.Title": "Delivery confirmation",
        "Microsoft.VSTS.Scheduling.Effort": 0.0,
        "System.Description": null,
        "System.AssignedTo": null,
        "Microsoft.VSTS.Scheduling.RemainingWork": 0.0,
        "Microsoft.VSTS.Common.Priority": 2.0,
        "System.BoardLane": null,
        "System.Tags": null,
        "Microsoft.VSTS.TCM.Steps": null,
        "Microsoft.VSTS.TCM.Parameters": null,
        "Microsoft.VSTS.TCM.LocalDataSource": null,
        "Microsoft.VSTS.TCM.AutomationStatus": null,
        "System.History": null
      },
      "relations": [
        {
          "rel": "System.LinkTypes.Hierarchy-Reverse",
          "url": "https://vstsdemodata.visualstudio.com/_apis/wit/workItems/534",
          "attributes": {
            "isLocked": "False"
          }
        },
        {
          "rel": "System.LinkTypes.Hierarchy-Forward",
          "url": "https://vstsdemodata.visualstudio.com/_apis/wit/workItems/327",
          "attributes": {
            "isLocked": "False"
          }
        },
        {
          "rel": "System.LinkTypes.Hierarchy-Forward",
          "url": "https://vstsdemodata.visualstudio.com/_apis/wit/workItems/329",
          "attributes": {
            "isLocked": "False"
          }
        }
      ],
      "url": "https://vstsdemodata.visualstudio.com/_apis/wit/workItems/549"
    },
    {
      "id": 551,
      "rev": 2,
      "fields": {
        "System.AreaPath": "PartsUnlimited",
        "System.TeamProject": "PartsUnlimited",
        "System.IterationPath": "PartsUnlimited",
        "System.WorkItemType": "Feature",
        "System.State": "New",
        "System.Reason": "New feature",
        "System.CreatedDate": "2017-03-07T21:25:27.207Z",
        "System.CreatedBy": "Sachin Raj <sachin77@outlook.com>",
        "System.ChangedDate": "2017-03-07T21:25:27.583Z",
        "System.ChangedBy": "Sachin Raj <sachin77@outlook.com>",
        "System.Title": "Customer notification",
        "Microsoft.VSTS.Scheduling.Effort": 0.0,
        "System.Description": null,
        "System.AssignedTo": null,
        "Microsoft.VSTS.Scheduling.RemainingWork": 0.0,
        "Microsoft.VSTS.Common.Priority": 2.0,
        "System.BoardLane": null,
        "System.Tags": null,
        "Microsoft.VSTS.TCM.Steps": null,
        "Microsoft.VSTS.TCM.Parameters": null,
        "Microsoft.VSTS.TCM.LocalDataSource": null,
        "Microsoft.VSTS.TCM.AutomationStatus": null,
        "System.History": null
      },
      "relations": [
        {
          "rel": "System.LinkTypes.Hierarchy-Forward",
          "url": "https://vstsdemodata.visualstudio.com/_apis/wit/workItems/318",
          "attributes": {
            "isLocked": "False"
          }
        },
        {
          "rel": "System.LinkTypes.Hierarchy-Reverse",
          "url": "https://vstsdemodata.visualstudio.com/_apis/wit/workItems/537",
          "attributes": {
            "isLocked": "False"
          }
        }
      ],
      "url": "https://vstsdemodata.visualstudio.com/_apis/wit/workItems/551"
    },
    {
      "id": 286,
      "rev": 2,
      "fields": {
        "System.AreaPath": "PartsUnlimited",
        "System.TeamProject": "PartsUnlimited",
        "System.IterationPath": "PartsUnlimited\\Sprint 1",
        "System.WorkItemType": "Feature",
        "System.State": "New",
        "System.Reason": "New feature",
        "System.CreatedDate": "2017-03-02T12:14:02.967Z",
        "System.CreatedBy": "Sachin Raj <sachin77@outlook.com>",
        "System.ChangedDate": "2017-03-07T21:26:22.05Z",
        "System.ChangedBy": "Sachin Raj <sachin77@outlook.com>",
        "System.Title": "As marketeer, I want us to reuse the web assets for apps on Android and iOS with corporate branding, and I will want to be able to update the device apps with every marketing promotion. That will mean using Cordova.",
        "Microsoft.VSTS.Scheduling.Effort": 0.0,
        "System.Description": "As marketeer, I want us to reuse the web assets for apps on Android and iOS with corporate branding, and I will want to be able to update the device apps with every marketing promotion. That will mean using Cordova.",
        "System.AssignedTo": "craig109@outlook.com",
        "Microsoft.VSTS.Scheduling.RemainingWork": 0.0,
        "Microsoft.VSTS.Common.Priority": 2.0,
        "System.BoardLane": null,
        "System.Tags": null,
        "Microsoft.VSTS.TCM.Steps": null,
        "Microsoft.VSTS.TCM.Parameters": null,
        "Microsoft.VSTS.TCM.LocalDataSource": null,
        "Microsoft.VSTS.TCM.AutomationStatus": null,
        "System.History": null
      },
      "relations": [
        {
          "rel": "System.LinkTypes.Hierarchy-Forward",
          "url": "https://vstsdemodata.visualstudio.com/_apis/wit/workItems/315",
          "attributes": {
            "isLocked": "False"
          }
        },
        {
          "rel": "System.LinkTypes.Hierarchy-Forward",
          "url": "https://vstsdemodata.visualstudio.com/_apis/wit/workItems/316",
          "attributes": {
            "isLocked": "False",
            "comment": "Making a new link for the dependency"
          }
        },
        {
          "rel": "System.LinkTypes.Hierarchy-Reverse",
          "url": "https://vstsdemodata.visualstudio.com/_apis/wit/workItems/415",
          "attributes": {
            "isLocked": "False",
            "comment": "Making a new link for the dependency"
          }
        }
      ],
      "url": "https://vstsdemodata.visualstudio.com/_apis/wit/workItems/286"
    },
    {
      "id": 552,
      "rev": 2,
      "fields": {
        "System.AreaPath": "PartsUnlimited",
        "System.TeamProject": "PartsUnlimited",
        "System.IterationPath": "PartsUnlimited",
        "System.WorkItemType": "Feature",
        "System.State": "New",
        "System.Reason": "New feature",
        "System.CreatedDate": "2017-03-07T21:26:21.723Z",
        "System.CreatedBy": "Sachin Raj <sachin77@outlook.com>",
        "System.ChangedDate": "2017-03-07T21:26:22.05Z",
        "System.ChangedBy": "Sachin Raj <sachin77@outlook.com>",
        "System.Title": "Gift Options",
        "Microsoft.VSTS.Scheduling.Effort": 0.0,
        "System.Description": null,
        "System.AssignedTo": null,
        "Microsoft.VSTS.Scheduling.RemainingWork": 0.0,
        "Microsoft.VSTS.Common.Priority": 2.0,
        "System.BoardLane": null,
        "System.Tags": null,
        "Microsoft.VSTS.TCM.Steps": null,
        "Microsoft.VSTS.TCM.Parameters": null,
        "Microsoft.VSTS.TCM.LocalDataSource": null,
        "Microsoft.VSTS.TCM.AutomationStatus": null,
        "System.History": null
      },
      "relations": [
        {
          "rel": "System.LinkTypes.Hierarchy-Reverse",
          "url": "https://vstsdemodata.visualstudio.com/_apis/wit/workItems/533",
          "attributes": {
            "isLocked": "False"
          }
        },
        {
          "rel": "System.LinkTypes.Hierarchy-Forward",
          "url": "https://vstsdemodata.visualstudio.com/_apis/wit/workItems/321",
          "attributes": {
            "isLocked": "False"
          }
        },
        {
          "rel": "System.LinkTypes.Hierarchy-Forward",
          "url": "https://vstsdemodata.visualstudio.com/_apis/wit/workItems/325",
          "attributes": {
            "isLocked": "False"
          }
        }
      ],
      "url": "https://vstsdemodata.visualstudio.com/_apis/wit/workItems/552"
    },
    {
      "id": 554,
      "rev": 2,
      "fields": {
        "System.AreaPath": "PartsUnlimited",
        "System.TeamProject": "PartsUnlimited",
        "System.IterationPath": "PartsUnlimited",
        "System.WorkItemType": "Feature",
        "System.State": "New",
        "System.Reason": "New feature",
        "System.CreatedDate": "2017-03-07T21:30:01.443Z",
        "System.CreatedBy": "Sachin Raj <sachin77@outlook.com>",
        "System.ChangedDate": "2017-03-07T21:30:01.803Z",
        "System.ChangedBy": "Sachin Raj <sachin77@outlook.com>",
        "System.Title": "Ad-hoc promotions",
        "Microsoft.VSTS.Scheduling.Effort": 0.0,
        "System.Description": null,
        "System.AssignedTo": null,
        "Microsoft.VSTS.Scheduling.RemainingWork": 0.0,
        "Microsoft.VSTS.Common.Priority": 2.0,
        "System.BoardLane": null,
        "System.Tags": null,
        "Microsoft.VSTS.TCM.Steps": null,
        "Microsoft.VSTS.TCM.Parameters": null,
        "Microsoft.VSTS.TCM.LocalDataSource": null,
        "Microsoft.VSTS.TCM.AutomationStatus": null,
        "System.History": null
      },
      "relations": [
        {
          "rel": "System.LinkTypes.Hierarchy-Reverse",
          "url": "https://vstsdemodata.visualstudio.com/_apis/wit/workItems/536",
          "attributes": {
            "isLocked": "False"
          }
        }
      ],
      "url": "https://vstsdemodata.visualstudio.com/_apis/wit/workItems/554"
    },
    {
      "id": 544,
      "rev": 3,
      "fields": {
        "System.AreaPath": "PartsUnlimited",
        "System.TeamProject": "PartsUnlimited",
        "System.IterationPath": "PartsUnlimited",
        "System.WorkItemType": "Feature",
        "System.State": "New",
        "System.Reason": "New feature",
        "System.CreatedDate": "2017-03-07T21:22:59.06Z",
        "System.CreatedBy": "Sachin Raj <sachin77@outlook.com>",
        "System.ChangedDate": "2017-03-07T21:31:15.18Z",
        "System.ChangedBy": "Sachin Raj <sachin77@outlook.com>",
        "System.Title": "Customer issues",
        "Microsoft.VSTS.Scheduling.Effort": 0.0,
        "System.Description": null,
        "System.AssignedTo": null,
        "Microsoft.VSTS.Scheduling.RemainingWork": 0.0,
        "Microsoft.VSTS.Common.Priority": 2.0,
        "System.BoardLane": null,
        "System.Tags": null,
        "Microsoft.VSTS.TCM.Steps": null,
        "Microsoft.VSTS.TCM.Parameters": null,
        "Microsoft.VSTS.TCM.LocalDataSource": null,
        "Microsoft.VSTS.TCM.AutomationStatus": null,
        "System.History": null
      },
      "relations": [
        {
          "rel": "System.LinkTypes.Hierarchy-Reverse",
          "url": "https://vstsdemodata.visualstudio.com/_apis/wit/workItems/555",
          "attributes": {
            "isLocked": "False"
          }
        }
      ],
      "url": "https://vstsdemodata.visualstudio.com/_apis/wit/workItems/544"
    },
    {
      "id": 541,
      "rev": 3,
      "fields": {
        "System.AreaPath": "PartsUnlimited",
        "System.TeamProject": "PartsUnlimited",
        "System.IterationPath": "PartsUnlimited",
        "System.WorkItemType": "Feature",
        "System.State": "New",
        "System.Reason": "New feature",
        "System.CreatedDate": "2017-03-07T21:22:29.76Z",
        "System.CreatedBy": "Sachin Raj <sachin77@outlook.com>",
        "System.ChangedDate": "2017-03-07T21:31:17.507Z",
        "System.ChangedBy": "Sachin Raj <sachin77@outlook.com>",
        "System.Title": "Ask for customer feedback",
        "Microsoft.VSTS.Scheduling.Effort": 0.0,
        "System.Description": null,
        "System.AssignedTo": null,
        "Microsoft.VSTS.Scheduling.RemainingWork": 0.0,
        "Microsoft.VSTS.Common.Priority": 2.0,
        "System.BoardLane": null,
        "System.Tags": null,
        "Microsoft.VSTS.TCM.Steps": null,
        "Microsoft.VSTS.TCM.Parameters": null,
        "Microsoft.VSTS.TCM.LocalDataSource": null,
        "Microsoft.VSTS.TCM.AutomationStatus": null,
        "System.History": null
      },
      "relations": [
        {
          "rel": "System.LinkTypes.Hierarchy-Forward",
          "url": "https://vstsdemodata.visualstudio.com/_apis/wit/workItems/326",
          "attributes": {
            "isLocked": "False"
          }
        },
        {
          "rel": "System.LinkTypes.Hierarchy-Reverse",
          "url": "https://vstsdemodata.visualstudio.com/_apis/wit/workItems/555",
          "attributes": {
            "isLocked": "False"
          }
        }
      ],
      "url": "https://vstsdemodata.visualstudio.com/_apis/wit/workItems/541"
    },
    {
      "id": 550,
      "rev": 3,
      "fields": {
        "System.AreaPath": "PartsUnlimited",
        "System.TeamProject": "PartsUnlimited",
        "System.IterationPath": "PartsUnlimited",
        "System.WorkItemType": "Feature",
        "System.State": "New",
        "System.Reason": "New feature",
        "System.CreatedDate": "2017-03-07T21:24:25.687Z",
        "System.CreatedBy": "Sachin Raj <sachin77@outlook.com>",
        "System.ChangedDate": "2017-03-07T21:31:26.867Z",
        "System.ChangedBy": "Sachin Raj <sachin77@outlook.com>",
        "System.Title": "Product Recommendations",
        "Microsoft.VSTS.Scheduling.Effort": 0.0,
        "System.Description": null,
        "System.AssignedTo": null,
        "Microsoft.VSTS.Scheduling.RemainingWork": 0.0,
        "Microsoft.VSTS.Common.Priority": 2.0,
        "System.BoardLane": null,
        "System.Tags": null,
        "Microsoft.VSTS.TCM.Steps": null,
        "Microsoft.VSTS.TCM.Parameters": null,
        "Microsoft.VSTS.TCM.LocalDataSource": null,
        "Microsoft.VSTS.TCM.AutomationStatus": null,
        "System.History": null
      },
      "relations": [
        {
          "rel": "System.LinkTypes.Hierarchy-Forward",
          "url": "https://vstsdemodata.visualstudio.com/_apis/wit/workItems/302",
          "attributes": {
            "isLocked": "False"
          }
        },
        {
          "rel": "System.LinkTypes.Hierarchy-Forward",
          "url": "https://vstsdemodata.visualstudio.com/_apis/wit/workItems/304",
          "attributes": {
            "isLocked": "False"
          }
        },
        {
          "rel": "System.LinkTypes.Hierarchy-Forward",
          "url": "https://vstsdemodata.visualstudio.com/_apis/wit/workItems/323",
          "attributes": {
            "isLocked": "False"
          }
        },
        {
          "rel": "System.LinkTypes.Hierarchy-Reverse",
          "url": "https://vstsdemodata.visualstudio.com/_apis/wit/workItems/536",
          "attributes": {
            "isLocked": "False"
          }
        }
      ],
      "url": "https://vstsdemodata.visualstudio.com/_apis/wit/workItems/550"
    },
    {
      "id": 553,
      "rev": 3,
      "fields": {
        "System.AreaPath": "PartsUnlimited",
        "System.TeamProject": "PartsUnlimited",
        "System.IterationPath": "PartsUnlimited",
        "System.WorkItemType": "Feature",
        "System.State": "New",
        "System.Reason": "New feature",
        "System.CreatedDate": "2017-03-07T21:27:15.1Z",
        "System.CreatedBy": "Sachin Raj <sachin77@outlook.com>",
        "System.ChangedDate": "2017-03-07T21:31:59.54Z",
        "System.ChangedBy": "Sachin Raj <sachin77@outlook.com>",
        "System.Title": "Product catalog changes",
        "Microsoft.VSTS.Scheduling.Effort": 0.0,
        "System.Description": null,
        "System.AssignedTo": null,
        "Microsoft.VSTS.Scheduling.RemainingWork": 0.0,
        "Microsoft.VSTS.Common.Priority": 2.0,
        "System.BoardLane": null,
        "System.Tags": null,
        "Microsoft.VSTS.TCM.Steps": null,
        "Microsoft.VSTS.TCM.Parameters": null,
        "Microsoft.VSTS.TCM.LocalDataSource": null,
        "Microsoft.VSTS.TCM.AutomationStatus": null,
        "System.History": null
      },
      "relations": [
        {
          "rel": "System.LinkTypes.Hierarchy-Forward",
          "url": "https://vstsdemodata.visualstudio.com/_apis/wit/workItems/328",
          "attributes": {
            "isLocked": "False"
          }
        },
        {
          "rel": "System.LinkTypes.Hierarchy-Reverse",
          "url": "https://vstsdemodata.visualstudio.com/_apis/wit/workItems/556",
          "attributes": {
            "isLocked": "False"
          }
        }
      ],
      "url": "https://vstsdemodata.visualstudio.com/_apis/wit/workItems/553"
    },
    {
      "id": 558,
      "rev": 1,
      "fields": {
        "System.AreaPath": "PartsUnlimited",
        "System.TeamProject": "PartsUnlimited",
        "System.IterationPath": "PartsUnlimited",
        "System.WorkItemType": "Feature",
        "System.State": "New",
        "System.Reason": "New feature",
        "System.CreatedDate": "2017-03-07T21:34:51.173Z",
        "System.CreatedBy": "Sachin Raj <sachin77@outlook.com>",
        "System.ChangedDate": "2017-03-07T21:34:51.173Z",
        "System.ChangedBy": "Sachin Raj <sachin77@outlook.com>",
        "System.Title": "Credit Card Purchase",
        "Microsoft.VSTS.Scheduling.Effort": 0.0,
        "System.Description": null,
        "System.AssignedTo": null,
        "Microsoft.VSTS.Scheduling.RemainingWork": 0.0,
        "Microsoft.VSTS.Common.Priority": 2.0,
        "System.BoardLane": null,
        "System.Tags": null,
        "Microsoft.VSTS.TCM.Steps": null,
        "Microsoft.VSTS.TCM.Parameters": null,
        "Microsoft.VSTS.TCM.LocalDataSource": null,
        "Microsoft.VSTS.TCM.AutomationStatus": null,
        "System.History": null
      },
      "relations": [
        {
          "rel": "System.LinkTypes.Hierarchy-Forward",
          "url": "https://vstsdemodata.visualstudio.com/_apis/wit/workItems/319",
          "attributes": {
            "isLocked": "False"
          }
        },
        {
          "rel": "System.LinkTypes.Hierarchy-Reverse",
          "url": "https://vstsdemodata.visualstudio.com/_apis/wit/workItems/557",
          "attributes": {
            "isLocked": "False"
          }
        }
      ],
      "url": "https://vstsdemodata.visualstudio.com/_apis/wit/workItems/558"
    },
    {
      "id": 298,
      "rev": 1,
      "fields": {
        "System.AreaPath": "PartsUnlimited",
        "System.TeamProject": "PartsUnlimited",
        "System.IterationPath": "PartsUnlimited\\Sprint 1",
        "System.WorkItemType": "Feature",
        "System.State": "Done",
        "System.Reason": "Work finished",
        "System.CreatedDate": "2017-03-02T12:14:05.733Z",
        "System.CreatedBy": "Sachin Raj <sachin77@outlook.com>",
        "System.ChangedDate": "2017-03-02T12:14:05.733Z",
        "System.ChangedBy": "Sachin Raj <sachin77@outlook.com>",
        "System.Title": "Ops needs the ability to quickly roll back to a known good state in the event of a critical problem in production.",
        "Microsoft.VSTS.Scheduling.Effort": 0.0,
        "System.Description": "Ops needs the ability to quickly roll back to a known good state in the event of a critical problem in production.",
        "System.AssignedTo": "craig109@outlook.com",
        "Microsoft.VSTS.Scheduling.RemainingWork": 0.0,
        "Microsoft.VSTS.Common.Priority": 2.0,
        "System.BoardLane": null,
        "System.Tags": null,
        "Microsoft.VSTS.TCM.Steps": null,
        "Microsoft.VSTS.TCM.Parameters": null,
        "Microsoft.VSTS.TCM.LocalDataSource": null,
        "Microsoft.VSTS.TCM.AutomationStatus": null,
        "System.History": null
      },
      "relations": null,
      "url": "https://vstsdemodata.visualstudio.com/_apis/wit/workItems/298"
    },
    {
      "id": 299,
      "rev": 1,
      "fields": {
        "System.AreaPath": "PartsUnlimited",
        "System.TeamProject": "PartsUnlimited",
        "System.IterationPath": "PartsUnlimited\\Sprint 1",
        "System.WorkItemType": "Feature",
        "System.State": "Done",
        "System.Reason": "Work finished",
        "System.CreatedDate": "2017-03-02T12:14:05.95Z",
        "System.CreatedBy": "Sachin Raj <sachin77@outlook.com>",
        "System.ChangedDate": "2017-03-02T12:14:05.95Z",
        "System.ChangedBy": "Sachin Raj <sachin77@outlook.com>",
        "System.Title": "As an Ops guy, I want to ensure that the legacy MRP system configuration is consistent.",
        "Microsoft.VSTS.Scheduling.Effort": 0.0,
        "System.Description": "As an Ops guy, I want to ensure that the legacy MRP system configuration is consistent.",
        "System.AssignedTo": "craig109@outlook.com",
        "Microsoft.VSTS.Scheduling.RemainingWork": 0.0,
        "Microsoft.VSTS.Common.Priority": 2.0,
        "System.BoardLane": null,
        "System.Tags": null,
        "Microsoft.VSTS.TCM.Steps": null,
        "Microsoft.VSTS.TCM.Parameters": null,
        "Microsoft.VSTS.TCM.LocalDataSource": null,
        "Microsoft.VSTS.TCM.AutomationStatus": null,
        "System.History": null
      },
      "relations": null,
      "url": "https://vstsdemodata.visualstudio.com/_apis/wit/workItems/299"
    },
    {
      "id": 300,
      "rev": 1,
      "fields": {
        "System.AreaPath": "PartsUnlimited",
        "System.TeamProject": "PartsUnlimited",
        "System.IterationPath": "PartsUnlimited\\Sprint 1",
        "System.WorkItemType": "Feature",
        "System.State": "Done",
        "System.Reason": "Work finished",
        "System.CreatedDate": "2017-03-02T12:14:06.157Z",
        "System.CreatedBy": "Sachin Raj <sachin77@outlook.com>",
        "System.ChangedDate": "2017-03-02T12:14:06.157Z",
        "System.ChangedBy": "Sachin Raj <sachin77@outlook.com>",
        "System.Title": "As a business owner, I would like to know how much our historical spend is to help project future spend for budgeting + financials.",
        "Microsoft.VSTS.Scheduling.Effort": 0.0,
        "System.Description": "As a business owner, I would like to know how much our historical spend is to help project future spend for budgeting + financials.",
        "System.AssignedTo": "lsteel109@outlook.com",
        "Microsoft.VSTS.Scheduling.RemainingWork": 0.0,
        "Microsoft.VSTS.Common.Priority": 2.0,
        "System.BoardLane": null,
        "System.Tags": null,
        "Microsoft.VSTS.TCM.Steps": null,
        "Microsoft.VSTS.TCM.Parameters": null,
        "Microsoft.VSTS.TCM.LocalDataSource": null,
        "Microsoft.VSTS.TCM.AutomationStatus": null,
        "System.History": null
      },
      "relations": null,
      "url": "https://vstsdemodata.visualstudio.com/_apis/wit/workItems/300"
    },
    {
      "id": 301,
      "rev": 1,
      "fields": {
        "System.AreaPath": "PartsUnlimited",
        "System.TeamProject": "PartsUnlimited",
        "System.IterationPath": "PartsUnlimited\\Sprint 1",
        "System.WorkItemType": "Feature",
        "System.State": "Done",
        "System.Reason": "Work finished",
        "System.CreatedDate": "2017-03-02T12:14:06.407Z",
        "System.CreatedBy": "Sachin Raj <sachin77@outlook.com>",
        "System.ChangedDate": "2017-03-02T12:14:06.407Z",
        "System.ChangedBy": "Sachin Raj <sachin77@outlook.com>",
        "System.Title": "As a marketeer i want our website to be performant and available around the world",
        "Microsoft.VSTS.Scheduling.Effort": 0.0,
        "System.Description": "As a marketeer i want our website to be performant and available around the world",
        "System.AssignedTo": "Sachin Raj <sachin77@outlook.com>",
        "Microsoft.VSTS.Scheduling.RemainingWork": 0.0,
        "Microsoft.VSTS.Common.Priority": 2.0,
        "System.BoardLane": null,
        "System.Tags": null,
        "Microsoft.VSTS.TCM.Steps": null,
        "Microsoft.VSTS.TCM.Parameters": null,
        "Microsoft.VSTS.TCM.LocalDataSource": null,
        "Microsoft.VSTS.TCM.AutomationStatus": null,
        "System.History": null
      },
      "relations": null,
      "url": "https://vstsdemodata.visualstudio.com/_apis/wit/workItems/301"
    }
  ],
  "HttpStatusCode": 0
}