{
  "Description": "Generated by Azure DevOps Demo Generator",
  "Teams": "Teams.json",
  "SourceCode": "ImportSourceCode.json",
  "CreateService": "CreateServiceEndPoint.json",
  "BoardColumns": "BoardColumns.json",
  "ProjectSettings": "ProjectSettings.json",
  "CardStyle": "UpdateCardStyles.json",
  "CardField": "UpdateCardFields.json",
  "PBIfromTemplate": "PBIfromTemplate.json",
  "BugfromTemplate": "BugfromTemplate.json",
  "EpicfromTemplate": "EpicfromTemplate.json",
  "TaskfromTemplate": "TaskfromTemplate.json",
  "TestCasefromTemplate": "TestCasefromTemplate.json",
  "FeaturefromTemplate": "FeaturefromTemplate.json",
  "UserStoriesFromTemplate": "UserStoriesfromTemplate.json",
  "SetEpic": "EnableEpic.json",
  "BoardRows": "BoardRowsFromTemplate.json",
  "Widget": "WidgetQuery.json",
  "Chart": "WidgetChart.json",
  "TeamArea": "TeamArea.json"
}