{
  "options": [
    {
      "enabled": true,
      "definition": {
        "id": "5d58cc01-7c75-450c-be18-a388ddb129ec"
      },
      "inputs": {
        "branchFilters": "[\"+refs/heads/*\"]",
        "additionalFields": "{}"
      }
    },
    {
      "enabled": false,
      "definition": {
        "id": "a9db38f9-9fdc-478c-b0f9-464221e58316"
      },
      "inputs": {
        "workItemType": "721709",
        "assignToRequestor": "true",
        "additionalFields": "{}"
      }
    }
  ],
  "variables": {
    "ACR": {
      "value": "YOURACR.azurecr.io",
      "isSecret": true
    },
    "SQLpassword": {
      "value": "P2ssw0rd1234",
      "isSecret": true
    },
    "SQLserver": {
      "value": "YOURSQLSERVER.database.windows.net",
      "isSecret": true
    },
    "SQLuser": {
      "value": "sqladmin",
      "isSecret": true
    },
    "system.debug": {
      "value": "false",
      "allowOverride": true
    }
  },
  "retentionRules": [
    {
      "branches": [
        "+refs/heads/*"
      ],
      "artifacts": [],
      "artifactTypesToDelete": [
        "FilePath",
        "SymbolStore"
      ],
      "daysToKeep": 10,
      "minimumToKeep": 1,
      "deleteBuildRecord": true,
      "deleteTestResults": true
    }
  ],
  "properties": {},
  "tags": [],
  "buildNumberFormat": "$(date:yyyyMMdd)$(rev:.r)",
  "jobAuthorizationScope": "projectCollection",
  "jobTimeoutInMinutes": 60,
  "jobCancelTimeoutInMinutes": 5,
  "process": {
    "phases": [
      {
        "steps": [
          {
            "environment": {},
            "enabled": true,
            "continueOnError": false,
            "alwaysRun": false,
            "displayName": "Replace tokens in appsettings.json",
            "timeoutInMinutes": 0,
            "task": {
              "id": "a8515ec8-7254-4ffd-912c-86772e2b5962",
              "versionSpec": "",
              "definitionType": "task"
            },
            "inputs": {
              "rootDirectory": "$(build.sourcesdirectory)/src/MyHealth.Web",
              "targetFiles": "appsettings.json",
              "encoding": "auto",
              "writeBOM": "true",
              "actionOnMissing": "warn",
              "keepToken": "false",
              "tokenPrefix": "__",
              "tokenSuffix": "__",
              "emptyValue": "(empty)",
              "escapeType": "none",
              "escapeChar": "",
              "charsToEscape": ""
            }
          },
          {
            "environment": {

            },
            "enabled": true,
            "continueOnError": false,
            "alwaysRun": false,
            "displayName": "Replace tokens in mhc-aks.yaml",
            "timeoutInMinutes": 0,
            "task": {
              "id": "a8515ec8-7254-4ffd-912c-86772e2b5962",
              "versionSpec": "3.*",
              "definitionType": "task"
            },
            "inputs": {
              "rootDirectory": "",
              "targetFiles": "mhc-aks.yaml",
              "encoding": "auto",
              "writeBOM": "true",
              "actionOnMissing": "warn",
              "keepToken": "false",
              "tokenPrefix": "__",
              "tokenSuffix": "__",
              "emptyValue": "(empty)",
              "escapeType": "none",
              "escapeChar": "",
              "charsToEscape": ""
            }
          },
          {
            "environment": {

            },
            "enabled": true,
            "continueOnError": false,
            "alwaysRun": false,
            "displayName": "Run services",
            "timeoutInMinutes": 0,
            "refName": "DockerCompose1",
            "task": {
              "id": "6975e2d1-96d3-4afc-8a41-498b5d34ea19",
              "versionSpec": "",
              "definitionType": "task"
            },
            "inputs": {
              "containerregistrytype": "Azure Container Registry",
              "dockerRegistryEndpoint": "",
              "azureSubscriptionEndpoint": "",
              "azureContainerRegistry": "",
              "dockerComposeFile": "docker-compose.ci.build.yml",
              "additionalDockerComposeFiles": "",
              "dockerComposeFileArgs": "",
              "projectName": "$(Build.Repository.Name)",
              "qualifyImageNames": "true",
              "action": "Run services",
              "additionalImageTags": "",
              "includeSourceTags": "false",
              "includeLatestTag": "false",
              "buildImages": "true",
              "serviceName": "",
              "containerName": "",
              "ports": "",
              "workDir": "",
              "entrypoint": "",
              "containerCommand": "",
              "detached": "false",
              "abortOnContainerExit": "true",
              "imageDigestComposeFile": "$(Build.StagingDirectory)/docker-compose.images.yml",
              "removeBuildOptions": "false",
              "baseResolveDirectory": "",
              "outputDockerComposeFile": "$(Build.StagingDirectory)/docker-compose.yml",
              "dockerComposeCommand": "",
              "dockerHostEndpoint": "",
              "nopIfNoDockerComposeFile": "false",
              "requireAdditionalDockerComposeFiles": "false",
              "cwd": "$(System.DefaultWorkingDirectory)"
            }
          },
          {
            "environment": {

            },
            "enabled": true,
            "continueOnError": false,
            "alwaysRun": false,
            "displayName": "Build services",
            "timeoutInMinutes": 0,
            "refName": "DockerCompose2",
            "task": {
              "id": "6975e2d1-96d3-4afc-8a41-498b5d34ea19",
              "versionSpec": "",
              "definitionType": "task"
            },
            "inputs": {
              "containerregistrytype": "Azure Container Registry",
              "dockerRegistryEndpoint": "",
              "azureSubscriptionEndpoint": "",
              "azureContainerRegistry": "",
              "dockerComposeFile": "docker-compose.yml",
              "additionalDockerComposeFiles": "",
              "dockerComposeFileArgs": "DOCKER_BUILD_SOURCE=",
              "projectName": "$(Build.Repository.Name)",
              "qualifyImageNames": "true",
              "action": "Build services",
              "additionalImageTags": "$(Build.BuildId)",
              "includeSourceTags": "false",
              "includeLatestTag": "false",
              "buildImages": "true",
              "serviceName": "",
              "containerName": "",
              "ports": "",
              "workDir": "",
              "entrypoint": "",
              "containerCommand": "",
              "detached": "true",
              "abortOnContainerExit": "true",
              "imageDigestComposeFile": "$(Build.StagingDirectory)/docker-compose.images.yml",
              "removeBuildOptions": "false",
              "baseResolveDirectory": "",
              "outputDockerComposeFile": "$(Build.StagingDirectory)/docker-compose.yml",
              "dockerComposeCommand": "",
              "dockerHostEndpoint": "",
              "nopIfNoDockerComposeFile": "false",
              "requireAdditionalDockerComposeFiles": "false",
              "cwd": "$(System.DefaultWorkingDirectory)"
            }
          },
          {
            "environment": {

            },
            "enabled": true,
            "continueOnError": false,
            "alwaysRun": false,
            "displayName": "Push services",
            "timeoutInMinutes": 0,
            "refName": "DockerCompose3",
            "task": {
              "id": "6975e2d1-96d3-4afc-8a41-498b5d34ea19",
              "versionSpec": "",
              "definitionType": "task"
            },
            "inputs": {
              "containerregistrytype": "Azure Container Registry",
              "dockerRegistryEndpoint": "",
              "azureSubscriptionEndpoint": "",
              "azureContainerRegistry": "",
              "dockerComposeFile": "docker-compose.yml",
              "additionalDockerComposeFiles": "",
              "dockerComposeFileArgs": "DOCKER_BUILD_SOURCE=",
              "projectName": "$(Build.Repository.Name)",
              "qualifyImageNames": "true",
              "action": "Push services",
              "additionalImageTags": "$(Build.BuildId)",
              "includeSourceTags": "false",
              "includeLatestTag": "false",
              "buildImages": "true",
              "serviceName": "",
              "containerName": "",
              "ports": "",
              "workDir": "",
              "entrypoint": "",
              "containerCommand": "",
              "detached": "true",
              "abortOnContainerExit": "true",
              "imageDigestComposeFile": "$(Build.StagingDirectory)/docker-compose.images.yml",
              "removeBuildOptions": "false",
              "baseResolveDirectory": "",
              "outputDockerComposeFile": "$(Build.StagingDirectory)/docker-compose.yml",
              "dockerComposeCommand": "",
              "dockerHostEndpoint": "",
              "nopIfNoDockerComposeFile": "false",
              "requireAdditionalDockerComposeFiles": "false",
              "cwd": "$(System.DefaultWorkingDirectory)"
            }
          },
          {
            "environment": {

            },
            "enabled": true,
            "continueOnError": false,
            "alwaysRun": false,
            "displayName": "Lock services",
            "timeoutInMinutes": 0,
            "refName": "DockerCompose4",
            "task": {
              "id": "6975e2d1-96d3-4afc-8a41-498b5d34ea19",
              "versionSpec": "",
              "definitionType": "task"
            },
            "inputs": {
              "containerregistrytype": "Azure Container Registry",
              "dockerRegistryEndpoint": "",
              "azureSubscriptionEndpoint": "",
              "azureContainerRegistry": "",
              "dockerComposeFile": "docker-compose.yml",
              "additionalDockerComposeFiles": "",
              "dockerComposeFileArgs": "DOCKER_BUILD_SOURCE=",
              "projectName": "$(Build.Repository.Name)",
              "qualifyImageNames": "true",
              "action": "Lock services",
              "additionalImageTags": "",
              "includeSourceTags": "false",
              "includeLatestTag": "false",
              "buildImages": "true",
              "serviceName": "",
              "containerName": "",
              "ports": "",
              "workDir": "",
              "entrypoint": "",
              "containerCommand": "",
              "detached": "true",
              "abortOnContainerExit": "true",
              "imageDigestComposeFile": "$(Build.StagingDirectory)/docker-compose.images.yml",
              "removeBuildOptions": "false",
              "baseResolveDirectory": "",
              "outputDockerComposeFile": "$(Build.StagingDirectory)/docker-compose.yml",
              "dockerComposeCommand": "",
              "dockerHostEndpoint": "",
              "nopIfNoDockerComposeFile": "false",
              "requireAdditionalDockerComposeFiles": "false",
              "cwd": "$(System.DefaultWorkingDirectory)"
            }
          },
          {
            "environment": {

            },
            "enabled": true,
            "continueOnError": false,
            "alwaysRun": false,
            "displayName": "Copy Files",
            "timeoutInMinutes": 0,
            "refName": "CopyFiles5",
            "task": {
              "id": "5bfb729a-a7c8-4a78-a7c3-8d717bb7c13c",
              "versionSpec": "",
              "definitionType": "task"
            },
            "inputs": {
              "SourceFolder": "",
              "Contents": "**/mhc-aks.yaml\n**/*.dacpac\n",
              "TargetFolder": "$(Build.ArtifactStagingDirectory)",
              "CleanTargetFolder": "false",
              "OverWrite": "false",
              "flattenFolders": "false"
            }
          },
          {
            "environment": {

            },
            "enabled": true,
            "continueOnError": false,
            "alwaysRun": false,
            "displayName": "Publish Artifact",
            "timeoutInMinutes": 0,
            "refName": "PublishBuildArtifacts6",
            "task": {
              "id": "2ff763a7-ce83-4e1f-bc89-0ae63477cebe",
              "versionSpec": "",
              "definitionType": "task"
            },
            "inputs": {
              "PathtoPublish": "$(Build.ArtifactStagingDirectory)",
              "ArtifactName": "deploy",
              "ArtifactType": "Container",
              "TargetPath": "\\\\my\\share\\$(Build.DefinitionName)\\$(Build.BuildNumber)",
              "Parallel": "false",
              "ParallelCount": "8"
            }
          }
        ],
        "name": "Phase 1",
        "refName": "Phase_1",
        "condition": "succeeded()",
        "target": {
          "executionOptions": {
            "type": 0
          },
          "allowScriptsAuthAccessOption": false,
          "type": 1
        },
        "jobAuthorizationScope": "projectCollection",
        "jobCancelTimeoutInMinutes": 1
      }
    ],
    "target": {
      "agentSpecification": {
        "identifier": "ubuntu-16.04"
      }
    },
    "type": 1
  },
  "repository": {
    "properties": {
      "cleanOptions": "0",
      "labelSources": "0",
      "labelSourcesFormat": "$(build.buildNumber)",
      "reportBuildStatus": "true",
      "gitLfsSupport": "false",
      "skipSyncSource": "false",
      "checkoutNestedSubmodules": "false",
      "fetchDepth": "0"
    },
    "id": "$AKS$",
    "type": "TfsGit",
    "name": "AKS",
    "defaultBranch": "refs/heads/master",
    "clean": "false",
    "checkoutSubmodules": false
  },
  "processParameters": {},
  "quality": "definition",
  "drafts": [],
  "queue": {
    "name": "Azure Pipelines",
    "pool": {
      "name": "Azure Pipelines",
      "isHosted": true
    }
  },
  "name": "MyHealth.AKS.build",
  "path": "\\",
  "type": "build",
  "queueStatus": "enabled"
}