{
  "source": "portalExtensionApi",
  "name": "MHCDocker.release",
  "description": null,
  "isDeleted": false,
  "path": "\\",
  "variables": {
    "ACR": {
      "value": "YOUR_ACR.azurecr.io"
    },
    "DatabaseName": {
      "value": "mhcdb",
      "isSecret": true
    },
    "Password": {
      "value": "P2ssw0rd1234",
      "isSecret": true
    },
    "SQLadmin": {
      "value": "sqladmin",
      "isSecret": true
    },
    "SQLserver": {
      "value": "YOUR_DBSERVER.database.windows.net",
      "isSecret": true
    }
  },
  "variableGroups": [],
  "environments": [
    {

      "name": "Dev",
      "rank": 1,
      "owner": {
        "id": "$OwnerId$",
        "displayName": "$OwnerDisplayName$",
        "uniqueName": "$OwnerUniqueName$"
      },
      "variables": {},
      "variableGroups": [],
      "preDeployApprovals": {
        "approvals": [
          {
            "rank": 1,
            "isAutomated": true,
            "isNotificationOn": false
          }
        ]
      },
      "deployStep": {
      },
      "postDeployApprovals": {
        "approvals": [
          {
            "rank": 1,
            "isAutomated": true,
            "isNotificationOn": false
          }
        ]
      },
      "deployPhases": [
        {
          "deploymentInput": {
            "parallelExecution": {
              "parallelExecutionType": "none"
            },
            "skipArtifactsDownload": false,
            "artifactsDownloadInput": {
              "downloadInputs": []
            },
            "queueId": "$Hosted VS2017$",
            "demands": [],
            "enableAccessToken": false,
            "timeoutInMinutes": 0,
            "jobCancelTimeoutInMinutes": 1,
            "condition": "succeeded()",
            "overrideInputs": {}
          },
          "rank": 1,
          "phaseType": "agentBasedDeployment",
          "name": "DB deployment",
          "workflowTasks": [
            {
              "taskId": "ce85a08b-a538-4d2b-8589-1d37a9ab970f",
              "version": "1.*",
              "name": "Execute Azure SQL : DacpacTask",
              "refName": "SqlAzureDacpacDeployment1",
              "enabled": true,
              "alwaysRun": false,
              "continueOnError": false,
              "timeoutInMinutes": 0,
              "definitionType": "task",
              "overrideInputs": {},
              "condition": "succeeded()",
              "inputs": {
                "ConnectedServiceNameSelector": "ConnectedServiceNameARM",
                "ConnectedServiceName": "",
                "ConnectedServiceNameARM": "",
                "ServerName": "$(SQLserver)",
                "DatabaseName": "$(DatabaseName)",
                "SqlUsername": " $(SQLadmin)",
                "SqlPassword": "$(Password)",
                "TaskNameSelector": "DacpacTask",
                "DacpacFile": "$(System.DefaultWorkingDirectory)/**/*.dacpac",
                "SqlFile": "",
                "SqlInline": "",
                "PublishProfile": "",
                "AdditionalArguments": "",
                "SqlAdditionalArguments": "",
                "InlineAdditionalArguments": "",
                "IpDetectionMethod": "AutoDetect",
                "StartIpAddress": "",
                "EndIpAddress": "",
                "DeleteFirewallRule": "true"
              }
            }
          ]
        },
        {
          "deploymentInput": {
            "parallelExecution": {
              "parallelExecutionType": "none"
            },
            "skipArtifactsDownload": false,
            "artifactsDownloadInput": {
              "downloadInputs": []
            },
            "queueId": "$Hosted Ubuntu 1604$",
            "demands": [],
            "enableAccessToken": false,
            "timeoutInMinutes": 0,
            "jobCancelTimeoutInMinutes": 1,
            "condition": "succeeded()",
            "overrideInputs": {}
          },
          "rank": 2,
          "phaseType": "agentBasedDeployment",
          "name": "Web App deployment",
          "workflowTasks": [
            {
              "taskId": "497d490f-eea7-4f2b-ab94-48d9c1acdcb1",
              "version": "3.*",
              "name": "Azure App Service Deploy",
              "refName": "AzureRmWebAppDeployment1",
              "enabled": true,
              "alwaysRun": false,
              "continueOnError": false,
              "timeoutInMinutes": 0,
              "definitionType": "task",
              "overrideInputs": {},
              "condition": "succeeded()",
              "inputs": {
                "ConnectedServiceName": "",
                "WebAppKind": "applinux",
                "WebAppName": "mhcwebapp",
                "DeployToSlotFlag": "false",
                "ResourceGroupName": "",
                "SlotName": "",
                "ImageSource": "Registry",
                "AzureContainerRegistry": "",
                "AzureContainerRegistryLoginServer": "",
                "AzureContainerRegistryImage": "",
                "AzureContainerRegistryTag": "",
                "DockerRepositoryAccess": "public",
                "RegistryConnectedServiceName": "",
                "PrivateRegistryImage": "",
                "PrivateRegistryTag": "",
                "DockerNamespace": "$(ACR)",
                "DockerRepository": "myhealth.web",
                "DockerImageTag": "$(BUILD.BUILDID)",
                "VirtualApplication": "",
                "Package": "$(System.DefaultWorkingDirectory)/**/*.zip",
                "BuiltinLinuxPackage": "$(System.DefaultWorkingDirectory)/**/*.zip",
                "RuntimeStack": "node|4.4",
                "StartupCommand": "",
                "WebAppUri": "",
                "ScriptType": "",
                "InlineScript": ":: You can provide your deployment commands here. One command per line.",
                "ScriptPath": "",
                "GenerateWebConfig": "false",
                "WebConfigParameters": "",
                "AppSettings": "",
                "TakeAppOfflineFlag": "false",
                "UseWebDeploy": "false",
                "SetParametersFile": "",
                "RemoveAdditionalFilesFlag": "false",
                "ExcludeFilesFromAppDataFlag": "false",
                "AdditionalArguments": "",
                "RenameFilesFlag": "false",
                "XmlTransformation": "false",
                "XmlVariableSubstitution": "false",
                "JSONFiles": ""
              }
            }
          ]
        }
      ],
      "environmentOptions": {
        "emailNotificationType": "OnlyOnFailure",
        "emailRecipients": "release.environment.owner;release.creator",
        "skipArtifactsDownload": false,
        "timeoutInMinutes": 0,
        "enableAccessToken": false,
        "publishDeploymentStatus": false,
        "badgeEnabled": false,
        "autoLinkWorkItems": false
      },
      "demands": [],
      "conditions": [
        {
          "name": "ReleaseStarted",
          "conditionType": "event",
          "value": ""
        }
      ],
      "executionPolicy": {
        "concurrencyCount": 0,
        "queueDepthCount": 0
      },
      "schedules": [],
      "retentionPolicy": {
        "daysToKeep": 30,
        "releasesToKeep": 3,
        "retainBuild": true
      },
      "processParameters": {},
      "properties": {},
      "preDeploymentGates": {
        "id": 0,
        "gatesOptions": null,
        "gates": []
      },
      "postDeploymentGates": {
        "id": 0,
        "gatesOptions": null,
        "gates": []
      }
    }
  ],
  "artifacts": [
    {
      "sourceId": "$ProjectId$:$MHCDocker.build-id$",
      "type": "Build",
      "alias": "MHCDocker.build",
      "definitionReference": {
        "defaultVersionBranch": {
          "id": "",
          "name": ""
        },
        "defaultVersionSpecific": {
          "id": "",
          "name": ""
        },
        "defaultVersionTags": {
          "id": "",
          "name": ""
        },
        "defaultVersionType": {
          "id": "latestType",
          "name": "Latest"
        },
        "definition": {
          "id": "$MHCDocker.build-id$",
          "name": "MHCDocker.build"
        },
        "project": {
          "id": "$ProjectId$",
          "name": "$ProjectName$"
        }
      },
      "isPrimary": true
    }
  ],
  "triggers": [
    {
      "artifactAlias": "MHCDocker.build",
      "triggerConditions": [],
      "triggerType": "artifactSource"
    }
  ],
  "releaseNameFormat": "Release-$(rev:r)",
  "tags": [],
  "properties": {
    "DefinitionCreationSource": {
      "$type": "System.String",
      "$value": "PortalExtension VisualStudio/15.0.27004.2002 DevOpsExtension/0.3.439+g813063e514.EXP"
    }
  }
}