{
  "source": "userInterface",
  "revision": 20,
  "name": "GitHub",
  "description": null,
  "isDeleted": false,
  "path": "\\",
  "variables": {
    "HostingPlan": {
      "value": "githubplan",
      "isSecret": true
    },
    "ResourceGroup": {
      "value": "Github",
      "isSecret": true
    },
    "ServerName": {
      "value": "githubserver$UUID$",
      "isSecret": true
    },
    "WebsiteName": {
      "value": "Githubwebapp$UUID$",
      "isSecret": true
    }
  },
  "variableGroups": [],
  "environments": [
    {
      "name": "Dev",
      "rank": 1,
      "owner": {
        "id": "$OwnerId$",
        "displayName": "$OwnerDisplayName$",
        "uniqueName": "$OwnerUniqueName$"
      },
      "variables": {},
      "variableGroups": [],
      "preDeployApprovals": {
        "approvals": [
          {
            "rank": 1,
            "isAutomated": true,
            "isNotificationOn": false
          }
        ]
      },
      "deployStep": {

      },
      "postDeployApprovals": {
        "approvals": [
          {
            "rank": 1,
            "isAutomated": true,
            "isNotificationOn": false
          }
        ]
      },
      "deployPhases": [
        {
          "deploymentInput": {
            "parallelExecution": {
              "parallelExecutionType": "none"
            },
            "skipArtifactsDownload": false,
            "artifactsDownloadInput": {
              "downloadInputs": []
            },
            "queueId": "$Hosted VS2017$",
            "demands": [],
            "enableAccessToken": false,
            "timeoutInMinutes": 0,
            "jobCancelTimeoutInMinutes": 1,
            "condition": "succeeded()",
            "overrideInputs": {}
          },
          "rank": 1,
          "phaseType": "agentBasedDeployment",
          "name": "Agent phase",
          "workflowTasks": [
            {
              "taskId": "94a74903-f93f-4075-884f-dc11f34058b4",
              "version": "2.*",
              "name": "Azure Resource Group Deployment ",
              "refName": "AzureResourceGroupDeployment1",
              "enabled": true,
              "alwaysRun": false,
              "continueOnError": false,
              "timeoutInMinutes": 0,
              "definitionType": "task",
              "overrideInputs": {},
              "condition": "succeeded()",
              "inputs": {
                "ConnectedServiceName": "",
                "action": "Create Or Update Resource Group",
                "resourceGroupName": "$(ResourceGroup)",
                "location": "Southeast Asia",
                "templateLocation": "Linked artifact",
                "csmFileLink": "",
                "csmParametersFileLink": "",
                "csmFile": "$(System.DefaultWorkingDirectory)/GitHub/drop/PartsUnlimited-aspnet45/env/PartsUnlimitedEnv/Templates/FullEnvironmentSetupMerged.json",
                "csmParametersFile": "$(System.DefaultWorkingDirectory)/GitHub/drop/PartsUnlimited-aspnet45/env/PartsUnlimitedEnv/Templates/FullEnvironmentSetupMerged.param.json",
                "overrideParameters": "-WebsiteName $(WebsiteName) -PUL_ServerName $(ServerName)  -PUL_HostingPlanName $(HostingPlan)",
                "deploymentMode": "Incremental",
                "enableDeploymentPrerequisites": "None",
                "deploymentGroupEndpoint": "",
                "project": "",
                "deploymentGroupName": "",
                "copyAzureVMTags": "true",
                "outputVariable": ""
              }
            },
            {
              "taskId": "497d490f-eea7-4f2b-ab94-48d9c1acdcb1",
              "version": "3.*",
              "name": "Azure App Service Deploy",
              "refName": "AzureRmWebAppDeployment2",
              "enabled": true,
              "alwaysRun": false,
              "continueOnError": false,
              "timeoutInMinutes": 0,
              "definitionType": "task",
              "overrideInputs": {},
              "condition": "succeeded()",
              "inputs": {
                "ConnectedServiceName": "",
                "WebAppKind": "app",
                "WebAppName": "$(WebsiteName)",
                "DeployToSlotFlag": "false",
                "ResourceGroupName": "$(ResourceGroup)",
                "SlotName": "Dev",
                "ImageSource": "Registry",
                "AzureContainerRegistry": "",
                "AzureContainerRegistryLoginServer": "",
                "AzureContainerRegistryImage": "",
                "AzureContainerRegistryTag": "",
                "DockerRepositoryAccess": "public",
                "RegistryConnectedServiceName": "",
                "PrivateRegistryImage": "",
                "PrivateRegistryTag": "",
                "DockerNamespace": "",
                "DockerRepository": "",
                "DockerImageTag": "",
                "VirtualApplication": "",
                "Package": "$(System.DefaultWorkingDirectory)/GitHub/drop/PartsUnlimitedWebsite.zip",
                "BuiltinLinuxPackage": "$(System.DefaultWorkingDirectory)/**/*.zip",
                "RuntimeStack": "node|4.4",
                "StartupCommand": "",
                "WebAppUri": "",
                "ScriptType": "",
                "InlineScript": ":: You can provide your deployment commands here. One command per line.",
                "ScriptPath": "",
                "GenerateWebConfig": "false",
                "WebConfigParameters": "",
                "AppSettings": "",
                "TakeAppOfflineFlag": "false",
                "UseWebDeploy": "false",
                "SetParametersFile": "",
                "RemoveAdditionalFilesFlag": "false",
                "ExcludeFilesFromAppDataFlag": "false",
                "AdditionalArguments": "",
                "RenameFilesFlag": "false",
                "XmlTransformation": "false",
                "XmlVariableSubstitution": "false",
                "JSONFiles": ""
              }
            }
          ]
        }
      ],
      "environmentOptions": {
        "emailNotificationType": "OnlyOnFailure",
        "emailRecipients": "release.environment.owner;release.creator",
        "skipArtifactsDownload": false,
        "timeoutInMinutes": 0,
        "enableAccessToken": false,
        "publishDeploymentStatus": true
      },
      "demands": [],
      "conditions": [
        {
          "name": "ReleaseStarted",
          "conditionType": "event",
          "value": ""
        }
      ],
      "executionPolicy": {
        "concurrencyCount": 0,
        "queueDepthCount": 0
      },
      "schedules": [],
      "retentionPolicy": {
        "daysToKeep": 30,
        "releasesToKeep": 3,
        "retainBuild": true
      },
      "processParameters": {},
      "properties": {},
      "preDeploymentGates": {
        "id": 0,
        "gatesOptions": null,
        "gates": []
      },
      "postDeploymentGates": {
        "id": 0,
        "gatesOptions": null,
        "gates": []
      }
    }
  ],
  "artifacts": [
    {
      "sourceId": "$ProjectId$:$GitHub-id$",
      "type": "Build",
      "alias": "GitHub",
      "definitionReference": {
        "defaultVersionBranch": {
          "id": "",
          "name": ""
        },
        "defaultVersionSpecific": {
          "id": "",
          "name": ""
        },
        "defaultVersionTags": {
          "id": "",
          "name": ""
        },
        "defaultVersionType": {
          "id": "latestType",
          "name": "Latest"
        },
        "definition": {
          "id": "$GitHub-id$",
          "name": "GitHub"
        },
        "project": {
          "id": "$ProjectId$",
          "name": "$ProjectName$"
        }
      },
      "isPrimary": true
    }
  ],
  "triggers": [
    {
      "artifactAlias": "GitHub",
      "triggerConditions": [],
      "triggerType": "artifactSource"
    }
  ],
  "releaseNameFormat": "Release-$(rev:r)",
  "tags": [],
  "properties": {
    "DefinitionCreationSource": {
      "$type": "System.String",
      "$value": "ReleaseNew"
    }
  }
}