[
  {
    "description": "",
    "name": "New",
    "itemLimit": 0,
    "stateMappings": {
      "Product Backlog Item": "New",
      "Bug": "New"
    },
    "columnType": "incoming",
    "isSplit": null
  },
  {
    "description": "",
    "name": "Approved",
    "itemLimit": 5,
    "stateMappings": {
      "Product Backlog Item": "Approved",
      "Bug": "Approved"
    },
    "columnType": "inProgress",
    "isSplit": false
  },
  {
    "description": "",
    "name": "Committed",
    "itemLimit": 5,
    "stateMappings": {
      "Product Backlog Item": "Committed",
      "Bug": "Committed"
    },
    "columnType": "inProgress",
    "isSplit": false
  },
  {
    "description": "",
    "name": "Done",
    "itemLimit": 0,
    "stateMappings": {
      "Product Backlog Item": "Done",
      "Bug": "Done"
    },
    "columnType": "outgoing",
    "isSplit": null
  }
]