{
  "triggers": [
    {
      "branchFilters": [],
      "pathFilters": [],
      "settingsSourceType": 2,
      "batchChanges": false,
      "maxConcurrentBuildsPerBranch": 1,
      "triggerType": "continuousIntegration"
    },
    {
      "settingsSourceType": 2,
      "branchFilters": [
        "+master"
      ],
      "forks": {
        "enabled": true,
        "allowSecrets": false
      },
      "pathFilters": [],
      "requireCommentsForNonTeamMembersOnly": false,
      "isCommentRequiredForPullRequest": false,
      "triggerType": "pullRequest"
    }
  ],
  "properties": {},
  "tags": [],
  "_links": "{}",
  "jobAuthorizationScope": "projectCollection",
  "jobTimeoutInMinutes": 60,
  "jobCancelTimeoutInMinutes": 5,
  "badgeEnabled": true,
  "process": {
    "yamlFilename": "azure-pipelines.yml",
    "type": 2
  },
  "repository": {
    "properties": {
      "apiUrl": "https://api.github.com/repos/$username$/$reponame$",
      "branchesUrl": "https://api.github.com/repos/$username$/$reponame$/branches",
      "cloneUrl": "https://github.com/$username$/$reponame$.git",
      "connectedServiceId": "$GitHub_51da3d38$",
      "defaultBranch": "master",
      "hasAdminPermissions": "True",
      "manageUrl": "https://github.com/$username$/$reponame$",
      "refsUrl": "https://api.github.com/repos/$username$/$reponame$/git/refs"
    },
    "id": "$username$/$reponame$",
    "type": "GitHub",
    "name": "$username$/$reponame$",
    "url": "https://github.com/$username$/$reponame$.git",
    "defaultBranch": "master",
    "clean": null,
    "checkoutSubmodules": false
  },
  "quality": "definition",
  "authoredBy": "{}",
  "drafts": [],
  "queue": {
    "_links": {
      "self": {
        "href": "https://dev.azure.com/sharplogic/_apis/build/Queues/8"
      }
    },
    "url": "https://dev.azure.com/sharplogic/_apis/build/Queues/8",
    "pool": null
  },
  "id": "",
  "name": "mslearn-tailspin-spacegame-web-docker",
  "url": "",
  "uri": "",
  "path": "\\",
  "type": "build",
  "queueStatus": "enabled",
  "revision": 1,
  "createdDate": "",
  "project": "{}"
}