{
  "name": "Octopus",
  "path": "\\",
  "type": "build",
  "queueStatus": "enabled",
  "options": [
    {
      "enabled": true,
      "definition": {
        "id": "5d58cc01-7c75-450c-be18-a388ddb129ec"
      },
      "inputs": {
        "branchFilters": "[\"+refs/heads/*\"]",
        "additionalFields": "{}"
      }
    },
    {
      "enabled": false,
      "definition": {
        "id": "a9db38f9-9fdc-478c-b0f9-464221e58316"
      },
      "inputs": {
        "workItemType": "754052",
        "assignToRequestor": "true",
        "additionalFields": "{}"
      }
    }
  ],
  "triggers": [
    {
      "branchFilters": [
        "+refs/heads/master"
      ],
      "pathFilters": [],
      "batchChanges": false,
      "maxConcurrentBuildsPerBranch": 1,
      "pollingInterval": 0,
      "triggerType": "continuousIntegration"
    }
  ],
  "variables": {
    "BuildConfiguration": {
      "value": "release",
      "allowOverride": true
    },
    "BuildPlatform": {
      "value": "any cpu",
      "allowOverride": true
    },
    "system.debug": {
      "value": "false",
      "allowOverride": true
    }
  },
  "retentionRules": [
    {
      "branches": [
        "+refs/heads/*"
      ],
      "artifacts": [],
      "artifactTypesToDelete": [
        "FilePath",
        "SymbolStore"
      ],
      "daysToKeep": 10,
      "minimumToKeep": 1,
      "deleteBuildRecord": true,
      "deleteTestResults": true
    }
  ],
  "properties": {},
  "tags": [],
  "buildNumberFormat": "$(date:yyyyMMdd)$(rev:.r)",
  "jobAuthorizationScope": "projectCollection",
  "jobTimeoutInMinutes": 60,
  "jobCancelTimeoutInMinutes": 5,
  "process": {
    "phases": [
      {
        "steps": [
          {
            "environment": {},
            "enabled": true,
            "continueOnError": false,
            "alwaysRun": false,
            "displayName": "Restore",
            "timeoutInMinutes": 0,
            "task": {
              "id": "5541a522-603c-47ad-91fc-a4b1d163081b",
              "versionSpec": "1.*",
              "definitionType": "task"
            },
            "inputs": {
              "command": "restore",
              "publishWebProjects": "true",
              "projects": "src\\PartsUnlimited.Models\\PartsUnlimited.Models.csproj\nsrc\\PartsUnlimitedWebsite\\PartsUnlimitedWebsite.csproj\ntest\\PartsUnlimited.UnitTests\\PartsUnlimited.UnitTests.csproj",
              "arguments": "",
              "zipAfterPublish": "true"
            }
          },
          {
            "environment": {},
            "enabled": true,
            "continueOnError": false,
            "alwaysRun": false,
            "displayName": "Build",
            "timeoutInMinutes": 0,
            "task": {
              "id": "5541a522-603c-47ad-91fc-a4b1d163081b",
              "versionSpec": "1.*",
              "definitionType": "task"
            },
            "inputs": {
              "command": "build",
              "publishWebProjects": "true",
              "projects": "src\\PartsUnlimited.Models\\PartsUnlimited.Models.csproj\nsrc\\PartsUnlimitedWebsite\\PartsUnlimitedWebsite.csproj\ntest\\PartsUnlimited.UnitTests\\PartsUnlimited.UnitTests.csproj",
              "arguments": "--configuration $(BuildConfiguration) ",
              "zipAfterPublish": "true"
            }
          },
          {
            "environment": {},
            "enabled": true,
            "continueOnError": false,
            "alwaysRun": false,
            "displayName": "Publish",
            "timeoutInMinutes": 0,
            "task": {
              "id": "5541a522-603c-47ad-91fc-a4b1d163081b",
              "versionSpec": "1.*",
              "definitionType": "task"
            },
            "inputs": {
              "command": "publish",
              "publishWebProjects": "false",
              "projects": "src\\PartsUnlimitedWebsite\\PartsUnlimitedWebsite.csproj",
              "arguments": "--configuration $(BuildConfiguration) --output $(build.artifactstagingdirectory)",
              "zipAfterPublish": "false"
            }
          },
          {
            "environment": {},
            "enabled": true,
            "continueOnError": false,
            "alwaysRun": false,
            "displayName": "Package Asp.netcore",
            "timeoutInMinutes": 0,
            "refName": "OctopusPack1",
            "task": {
              "id": "179fac12-2402-486e-80cf-5a6a8571f7c0",
              "versionSpec": "3.*",
              "definitionType": "task"
            },
            "inputs": {
              "PackageId": "Asp.netcore",
              "PackageFormat": "Zip",
              "PackageVersion": "$(Build.BuildNumber)",
              "SourcePath": "$(build.artifactstagingdirectory)\\PartsUnlimitedWebsite",
              "OutputPath": "$(build.artifactstagingdirectory)\\OctopusPackage",
              "NuGetAuthor": "",
              "NuGetTitle": "",
              "NuGetDescription": "",
              "NuGetReleaseNotes": "",
              "NuGetReleaseNotesFile": "",
              "Include": "",
              "Overwrite": "false",
              "ListFiles": "false"
            }
          },
          {
            "environment": {},
            "enabled": true,
            "continueOnError": false,
            "alwaysRun": false,
            "displayName": "Push Packages to Octopus",
            "timeoutInMinutes": 0,
            "task": {
              "id": "d05ad9a2-5d9e-4a1c-a887-14034334d6f2",
              "versionSpec": "",
              "definitionType": "task"
            },
            "inputs": {
              "OctoConnectedServiceName": "",
              "Package": "$(build.artifactstagingdirectory)\\OctopusPackage\\Asp.netcore.$(Build.BuildNumber).zip",
              "Replace": "False",
              "AdditionalArguments": ""
            }
          },
          {
            "environment": {},
            "enabled": true,
            "continueOnError": false,
            "alwaysRun": false,
            "displayName": "Create Octopus Release",
            "timeoutInMinutes": 0,
            "task": {
              "id": "4e131b60-5532-4362-95b6-7c67d9841b4f",
              "versionSpec": "3.*",
              "definitionType": "task"
            },
            "inputs": {
              "OctoConnectedServiceName": "",
              "ProjectName": "Projects-1",
              "ReleaseNumber": "",
              "Channel": "",
              "ChangesetCommentReleaseNotes": "false",
              "WorkItemReleaseNotes": "false",
              "CustomReleaseNotes": "",
              "DeployToEnvironment": "",
              "DeployForTenants": "",
              "DeployForTenantTags": "",
              "DeploymentProgress": "false",
              "AdditionalArguments": ""
            }
          },
          {
            "environment": {},
            "enabled": true,
            "continueOnError": false,
            "alwaysRun": false,
            "displayName": "Deploy Octopus Release",
            "timeoutInMinutes": 0,
            "task": {
              "id": "8ca1d96a-151d-44b7-bc4f-9251e2ea6971",
              "versionSpec": "3.*",
              "definitionType": "task"
            },
            "inputs": {
              "OctoConnectedServiceName": "",
              "Project": "AspDotNetCore Deploy",
              "ReleaseNumber": "latest",
              "Environments": "Dev",
              "ShowProgress": "False",
              "DeployForTenants": "",
              "DeployForTenantTags": "",
              "AdditionalArguments": ""
            }
          }
        ],
        "name": "Agent job 1",
        "refName": "Phase_1",
        "condition": "succeeded()",
        "target": {
          "executionOptions": {
            "type": 0
          },
          "allowScriptsAuthAccessOption": false,
          "type": 1
        },
        "jobAuthorizationScope": "projectCollection",
        "jobCancelTimeoutInMinutes": 1
      }
    ],
    "target": {
      "agentSpecification": {
        "identifier": "vs2017-win2016"
      }
    },
    "type": 1
  },
  "repository": {
    "properties": {
      "cleanOptions": "0",
      "labelSources": "0",
      "labelSourcesFormat": "$(build.buildNumber)",
      "reportBuildStatus": "true",
      "gitLfsSupport": "false",
      "skipSyncSource": "false",
      "checkoutNestedSubmodules": "false",
      "fetchDepth": "0"
    },
    "id": "$Octopus$",
    "type": "TfsGit",
    "name": "Octopus",
    "defaultBranch": "refs/heads/master",
    "clean": "false",
    "checkoutSubmodules": false
  },
  "processParameters": {},
  "quality": "definition",
  "drafts": [],
  "queue": {
    "name": "Azure Pipelines",
    "pool": {
      "name": "Azure Pipelines",
      "isHosted": true
    }
  }
}