{
  "count": 5,
  "value": [
    {
      "id": 23762,
      "rev": 1,
      "fields": {
        "System.AreaPath": "$ProjectName$",
        "System.TeamProject": "$ProjectName$",
        "System.IterationPath": "$ProjectName$",
        "System.WorkItemType": "Epic",
        "System.State": "New",
        "System.Reason": "New",
        "System.CreatedDate": "2019-07-03T07:10:27.82Z",
        "System.CreatedBy": "Akshay H <H.akshay@outlook.com>",
        "System.ChangedDate": "2019-07-03T07:10:27.82Z",
        "System.ChangedBy": "Akshay H <H.akshay@outlook.com>",
        "System.Title": "Cloud Adoption Strategy",
        "Microsoft.VSTS.Scheduling.Effort": 0.0,
        "System.Description": "Cloud Adoption Strategy",
        "System.AssignedTo": null,
        "Microsoft.VSTS.Scheduling.RemainingWork": 0.0,
        "Microsoft.VSTS.Common.Priority": 2.0,
        "System.BoardLane": null,
        "System.Tags": "Strategy",
        "Microsoft.VSTS.TCM.Steps": null,
        "Microsoft.VSTS.TCM.Parameters": null,
        "Microsoft.VSTS.TCM.LocalDataSource": null,
        "Microsoft.VSTS.TCM.AutomationStatus": null,
        "System.History": null
      },
      "relations": [
        {
          "rel": "System.LinkTypes.Hierarchy-Forward",
          "url": "https://dev.azure.com/culater/_apis/wit/workItems/23772",
          "attributes": {
            "isLocked": "false",
            "comment": "Making a new link for the dependency",
            "name": "Child"
          }
        }
      ],
      "url": "https://dev.azure.com/culater/_apis/wit/workItems/23762"
    },
    {
      "id": 23763,
      "rev": 1,
      "fields": {
        "System.AreaPath": "$ProjectName$",
        "System.TeamProject": "$ProjectName$",
        "System.IterationPath": "$ProjectName$",
        "System.WorkItemType": "Epic",
        "System.State": "New",
        "System.Reason": "New",
        "System.CreatedDate": "2019-07-03T07:10:28.5Z",
        "System.CreatedBy": "Akshay H <H.akshay@outlook.com>",
        "System.ChangedDate": "2019-07-03T07:10:28.5Z",
        "System.ChangedBy": "Akshay H <H.akshay@outlook.com>",
        "System.Title": "Cloud Adoption Plan",
        "Microsoft.VSTS.Scheduling.Effort": 0.0,
        "System.Description": "Cloud Adoption Plan",
        "System.AssignedTo": null,
        "Microsoft.VSTS.Scheduling.RemainingWork": 0.0,
        "Microsoft.VSTS.Common.Priority": 2.0,
        "System.BoardLane": null,
        "System.Tags": "Plan",
        "Microsoft.VSTS.TCM.Steps": null,
        "Microsoft.VSTS.TCM.Parameters": null,
        "Microsoft.VSTS.TCM.LocalDataSource": null,
        "Microsoft.VSTS.TCM.AutomationStatus": null,
        "System.History": null
      },
      "relations": [
        {
          "rel": "System.LinkTypes.Hierarchy-Forward",
          "url": "https://dev.azure.com/culater/_apis/wit/workItems/23771",
          "attributes": {
            "isLocked": "false",
            "comment": "Making a new link for the dependency",
            "name": "Child"
          }
        }
      ],
      "url": "https://dev.azure.com/culater/_apis/wit/workItems/23763"
    },
    {
      "id": 23764,
      "rev": 1,
      "fields": {
        "System.AreaPath": "$ProjectName$",
        "System.TeamProject": "$ProjectName$",
        "System.IterationPath": "$ProjectName$",
        "System.WorkItemType": "Epic",
        "System.State": "New",
        "System.Reason": "New",
        "System.CreatedDate": "2019-07-03T07:10:29.133Z",
        "System.CreatedBy": "Akshay H <H.akshay@outlook.com>",
        "System.ChangedDate": "2019-07-03T07:10:29.133Z",
        "System.ChangedBy": "Akshay H <H.akshay@outlook.com>",
        "System.Title": "Cloud Ready",
        "Microsoft.VSTS.Scheduling.Effort": 0.0,
        "System.Description": "Cloud Ready",
        "System.AssignedTo": null,
        "Microsoft.VSTS.Scheduling.RemainingWork": 0.0,
        "Microsoft.VSTS.Common.Priority": 2.0,
        "System.BoardLane": null,
        "System.Tags": "Ready",
        "Microsoft.VSTS.TCM.Steps": null,
        "Microsoft.VSTS.TCM.Parameters": null,
        "Microsoft.VSTS.TCM.LocalDataSource": null,
        "Microsoft.VSTS.TCM.AutomationStatus": null,
        "System.History": null
      },
      "relations": [
        {
          "rel": "System.LinkTypes.Hierarchy-Forward",
          "url": "https://dev.azure.com/culater/_apis/wit/workItems/23770",
          "attributes": {
            "isLocked": "false",
            "comment": "Making a new link for the dependency",
            "name": "Child"
          }
        }
      ],
      "url": "https://dev.azure.com/culater/_apis/wit/workItems/23764"
    },
    {
      "id": 23765,
      "rev": 1,
      "fields": {
        "System.AreaPath": "$ProjectName$",
        "System.TeamProject": "$ProjectName$",
        "System.IterationPath": "$ProjectName$",
        "System.WorkItemType": "Epic",
        "System.State": "New",
        "System.Reason": "Moved to the backlog",
        "System.CreatedDate": "2019-07-03T07:10:29.507Z",
        "System.CreatedBy": "Akshay H <H.akshay@outlook.com>",
        "System.ChangedDate": "2019-07-03T07:10:29.507Z",
        "System.ChangedBy": "Akshay H <H.akshay@outlook.com>",
        "System.Title": "Cloud Innovation",
        "Microsoft.VSTS.Scheduling.Effort": 0.0,
        "System.Description": "Cloud Innovation",
        "System.AssignedTo": null,
        "Microsoft.VSTS.Scheduling.RemainingWork": 0.0,
        "Microsoft.VSTS.Common.Priority": 2.0,
        "System.BoardLane": null,
        "System.Tags": "Innovation",
        "Microsoft.VSTS.TCM.Steps": null,
        "Microsoft.VSTS.TCM.Parameters": null,
        "Microsoft.VSTS.TCM.LocalDataSource": null,
        "Microsoft.VSTS.TCM.AutomationStatus": null,
        "System.History": null
      },
      "relations": null,
      "url": "https://dev.azure.com/culater/_apis/wit/workItems/23765"
    },
    {
      "id": 23766,
      "rev": 1,
      "fields": {
        "System.AreaPath": "$ProjectName$",
        "System.TeamProject": "$ProjectName$",
        "System.IterationPath": "$ProjectName$",
        "System.WorkItemType": "Epic",
        "System.State": "New",
        "System.Reason": "New",
        "System.CreatedDate": "2019-07-03T07:10:29.853Z",
        "System.CreatedBy": "Akshay H <H.akshay@outlook.com>",
        "System.ChangedDate": "2019-07-03T07:10:29.853Z",
        "System.ChangedBy": "Akshay H <H.akshay@outlook.com>",
        "System.Title": "Cloud Migration",
        "Microsoft.VSTS.Scheduling.Effort": 0.0,
        "System.Description": "Cloud Migration",
        "System.AssignedTo": null,
        "Microsoft.VSTS.Scheduling.RemainingWork": 0.0,
        "Microsoft.VSTS.Common.Priority": 2.0,
        "System.BoardLane": null,
        "System.Tags": "Migration",
        "Microsoft.VSTS.TCM.Steps": null,
        "Microsoft.VSTS.TCM.Parameters": null,
        "Microsoft.VSTS.TCM.LocalDataSource": null,
        "Microsoft.VSTS.TCM.AutomationStatus": null,
        "System.History": null
      },
      "relations": [
        {
          "rel": "System.LinkTypes.Hierarchy-Forward",
          "url": "https://dev.azure.com/culater/_apis/wit/workItems/23769",
          "attributes": {
            "isLocked": "false",
            "comment": "Making a new link for the dependency",
            "name": "Child"
          }
        },
        {
          "rel": "System.LinkTypes.Hierarchy-Forward",
          "url": "https://dev.azure.com/culater/_apis/wit/workItems/23767",
          "attributes": {
            "isLocked": "false",
            "comment": "Making a new link for the dependency",
            "name": "Child"
          }
        },
        {
          "rel": "System.LinkTypes.Hierarchy-Forward",
          "url": "https://dev.azure.com/culater/_apis/wit/workItems/23768",
          "attributes": {
            "isLocked": "false",
            "comment": "Making a new link for the dependency",
            "name": "Child"
          }
        }
      ],
      "url": "https://dev.azure.com/culater/_apis/wit/workItems/23766"
    }
  ],
  "HttpStatusCode": 0,
  "Message": null
}