{
  "count": 24,
  "value": [
    {
      "id": 23831,
      "rev": 2,
      "fields": {
        "System.AreaPath": "$ProjectName$",
        "System.TeamProject": "$ProjectName$",
        "System.IterationPath": "$ProjectName$",
        "System.WorkItemType": "User Story",
        "System.State": "New",
        "System.Reason": "New",
        "System.CreatedDate": "2019-07-03T07:10:53.927Z",
        "System.CreatedBy": "Akshay H <H.akshay@outlook.com>",
        "System.ChangedDate": "2019-07-03T07:18:38.94Z",
        "System.ChangedBy": "Akshay H <H.akshay@outlook.com>",
        "System.Title": "Prerequisites",
        "Microsoft.VSTS.Scheduling.Effort": 0.0,
        "System.Description": "Validate completion of prerequisites &amp; document answers",
        "System.AssignedTo": null,
        "Microsoft.VSTS.Scheduling.RemainingWork": 0.0,
        "Microsoft.VSTS.Common.Priority": 2.0,
        "System.BoardLane": null,
        "System.Tags": "Workload Template",
        "Microsoft.VSTS.TCM.Steps": null,
        "Microsoft.VSTS.TCM.Parameters": null,
        "Microsoft.VSTS.TCM.LocalDataSource": null,
        "Microsoft.VSTS.TCM.AutomationStatus": null,
        "System.History": null
      },
      "relations": [
        {
          "rel": "System.LinkTypes.Hierarchy-Forward",
          "url": "https://dev.azure.com/culater/_apis/wit/workItems/23829",
          "attributes": {
            "isLocked": "false",
            "comment": "Making a new link for the dependency",
            "name": "Child"
          }
        },
        {
          "rel": "System.LinkTypes.Hierarchy-Forward",
          "url": "https://dev.azure.com/culater/_apis/wit/workItems/23828",
          "attributes": {
            "isLocked": "false",
            "comment": "Making a new link for the dependency",
            "name": "Child"
          }
        },
        {
          "rel": "System.LinkTypes.Hierarchy-Reverse",
          "url": "https://dev.azure.com/culater/_apis/wit/workItems/23769",
          "attributes": {
            "isLocked": "false",
            "comment": "Making a new link for the dependency",
            "name": "Parent"
          }
        },
        {
          "rel": "System.LinkTypes.Hierarchy-Forward",
          "url": "https://dev.azure.com/culater/_apis/wit/workItems/23830",
          "attributes": {
            "isLocked": "false",
            "comment": "Making a new link for the dependency",
            "name": "Child"
          }
        }
      ],
      "url": "https://dev.azure.com/culater/_apis/wit/workItems/23831"
    },
    {
      "id": 23832,
      "rev": 2,
      "fields": {
        "System.AreaPath": "$ProjectName$",
        "System.TeamProject": "$ProjectName$",
        "System.IterationPath": "$ProjectName$",
        "System.WorkItemType": "User Story",
        "System.State": "New",
        "System.Reason": "New",
        "System.CreatedDate": "2019-07-03T07:10:54.297Z",
        "System.CreatedBy": "Akshay H <H.akshay@outlook.com>",
        "System.ChangedDate": "2019-07-03T07:18:38.94Z",
        "System.ChangedBy": "Akshay H <H.akshay@outlook.com>",
        "System.Title": "Assess the workload",
        "Microsoft.VSTS.Scheduling.Effort": 0.0,
        "System.Description": "<div><span><a href=\"https://docs.microsoft.com/en-us/azure/architecture/cloud-adoption/migrate/migration-considerations/assess/?branch=pr-en-us-47\">https://docs.microsoft.com/en-us/azure/architecture/cloud-adoption/migrate/migration-considerations/assess/?branch=pr-en-us-47</a><br></span></div>",
        "System.AssignedTo": null,
        "Microsoft.VSTS.Scheduling.RemainingWork": 0.0,
        "Microsoft.VSTS.Common.Priority": 2.0,
        "System.BoardLane": null,
        "System.Tags": "Workload Template",
        "Microsoft.VSTS.TCM.Steps": null,
        "Microsoft.VSTS.TCM.Parameters": null,
        "Microsoft.VSTS.TCM.LocalDataSource": null,
        "Microsoft.VSTS.TCM.AutomationStatus": null,
        "System.History": null
      },
      "relations": [
        {
          "rel": "System.LinkTypes.Hierarchy-Forward",
          "url": "https://dev.azure.com/culater/_apis/wit/workItems/23799",
          "attributes": {
            "isLocked": "false",
            "comment": "Making a new link for the dependency",
            "name": "Child"
          }
        },
        {
          "rel": "System.LinkTypes.Hierarchy-Forward",
          "url": "https://dev.azure.com/culater/_apis/wit/workItems/23800",
          "attributes": {
            "isLocked": "false",
            "comment": "Making a new link for the dependency",
            "name": "Child"
          }
        },
        {
          "rel": "System.LinkTypes.Hierarchy-Reverse",
          "url": "https://dev.azure.com/culater/_apis/wit/workItems/23769",
          "attributes": {
            "isLocked": "false",
            "comment": "Making a new link for the dependency",
            "name": "Parent"
          }
        },
        {
          "rel": "System.LinkTypes.Hierarchy-Forward",
          "url": "https://dev.azure.com/culater/_apis/wit/workItems/23802",
          "attributes": {
            "isLocked": "false",
            "comment": "Making a new link for the dependency",
            "name": "Child"
          }
        },
        {
          "rel": "System.LinkTypes.Hierarchy-Forward",
          "url": "https://dev.azure.com/culater/_apis/wit/workItems/23801",
          "attributes": {
            "isLocked": "false",
            "comment": "Making a new link for the dependency",
            "name": "Child"
          }
        },
        {
          "rel": "System.LinkTypes.Hierarchy-Forward",
          "url": "https://dev.azure.com/culater/_apis/wit/workItems/23798",
          "attributes": {
            "isLocked": "false",
            "comment": "Making a new link for the dependency",
            "name": "Child"
          }
        }
      ],
      "url": "https://dev.azure.com/culater/_apis/wit/workItems/23832"
    },
    {
      "id": 23833,
      "rev": 2,
      "fields": {
        "System.AreaPath": "$ProjectName$",
        "System.TeamProject": "$ProjectName$",
        "System.IterationPath": "$ProjectName$",
        "System.WorkItemType": "User Story",
        "System.State": "New",
        "System.Reason": "New",
        "System.CreatedDate": "2019-07-03T07:10:54.683Z",
        "System.CreatedBy": "Akshay H <H.akshay@outlook.com>",
        "System.ChangedDate": "2019-07-03T07:18:38.94Z",
        "System.ChangedBy": "Akshay H <H.akshay@outlook.com>",
        "System.Title": "VM - UX Server",
        "Microsoft.VSTS.Scheduling.Effort": 0.0,
        "System.Description": "VM to be migrated",
        "System.AssignedTo": null,
        "Microsoft.VSTS.Scheduling.RemainingWork": 0.0,
        "Microsoft.VSTS.Common.Priority": 2.0,
        "System.BoardLane": null,
        "System.Tags": "Workload Template",
        "Microsoft.VSTS.TCM.Steps": null,
        "Microsoft.VSTS.TCM.Parameters": null,
        "Microsoft.VSTS.TCM.LocalDataSource": null,
        "Microsoft.VSTS.TCM.AutomationStatus": null,
        "System.History": null
      },
      "relations": [
        {
          "rel": "System.LinkTypes.Hierarchy-Forward",
          "url": "https://dev.azure.com/culater/_apis/wit/workItems/23827",
          "attributes": {
            "isLocked": "false",
            "comment": "Making a new link for the dependency",
            "name": "Child"
          }
        },
        {
          "rel": "System.LinkTypes.Hierarchy-Forward",
          "url": "https://dev.azure.com/culater/_apis/wit/workItems/23823",
          "attributes": {
            "isLocked": "false",
            "comment": "Making a new link for the dependency",
            "name": "Child"
          }
        },
        {
          "rel": "System.LinkTypes.Hierarchy-Forward",
          "url": "https://dev.azure.com/culater/_apis/wit/workItems/23824",
          "attributes": {
            "isLocked": "false",
            "comment": "Making a new link for the dependency",
            "name": "Child"
          }
        },
        {
          "rel": "System.LinkTypes.Hierarchy-Forward",
          "url": "https://dev.azure.com/culater/_apis/wit/workItems/23825",
          "attributes": {
            "isLocked": "false",
            "comment": "Making a new link for the dependency",
            "name": "Child"
          }
        },
        {
          "rel": "System.LinkTypes.Hierarchy-Reverse",
          "url": "https://dev.azure.com/culater/_apis/wit/workItems/23769",
          "attributes": {
            "isLocked": "false",
            "comment": "Making a new link for the dependency",
            "name": "Parent"
          }
        },
        {
          "rel": "System.LinkTypes.Hierarchy-Forward",
          "url": "https://dev.azure.com/culater/_apis/wit/workItems/23826",
          "attributes": {
            "isLocked": "false",
            "comment": "Making a new link for the dependency",
            "name": "Child"
          }
        }
      ],
      "url": "https://dev.azure.com/culater/_apis/wit/workItems/23833"
    },
    {
      "id": 23834,
      "rev": 2,
      "fields": {
        "System.AreaPath": "$ProjectName$",
        "System.TeamProject": "$ProjectName$",
        "System.IterationPath": "$ProjectName$",
        "System.WorkItemType": "User Story",
        "System.State": "New",
        "System.Reason": "New",
        "System.CreatedDate": "2019-07-03T07:10:55.043Z",
        "System.CreatedBy": "Akshay H <H.akshay@outlook.com>",
        "System.ChangedDate": "2019-07-03T07:18:38.94Z",
        "System.ChangedBy": "Akshay H <H.akshay@outlook.com>",
        "System.Title": "VM - Middle Tier",
        "Microsoft.VSTS.Scheduling.Effort": 0.0,
        "System.Description": "VM to be migrated",
        "System.AssignedTo": null,
        "Microsoft.VSTS.Scheduling.RemainingWork": 0.0,
        "Microsoft.VSTS.Common.Priority": 2.0,
        "System.BoardLane": null,
        "System.Tags": "Workload Template",
        "Microsoft.VSTS.TCM.Steps": null,
        "Microsoft.VSTS.TCM.Parameters": null,
        "Microsoft.VSTS.TCM.LocalDataSource": null,
        "Microsoft.VSTS.TCM.AutomationStatus": null,
        "System.History": null
      },
      "relations": [
        {
          "rel": "System.LinkTypes.Hierarchy-Forward",
          "url": "https://dev.azure.com/culater/_apis/wit/workItems/23783",
          "attributes": {
            "isLocked": "false",
            "comment": "Making a new link for the dependency",
            "name": "Child"
          }
        },
        {
          "rel": "System.LinkTypes.Hierarchy-Reverse",
          "url": "https://dev.azure.com/culater/_apis/wit/workItems/23769",
          "attributes": {
            "isLocked": "false",
            "comment": "Making a new link for the dependency",
            "name": "Parent"
          }
        },
        {
          "rel": "System.LinkTypes.Hierarchy-Forward",
          "url": "https://dev.azure.com/culater/_apis/wit/workItems/23785",
          "attributes": {
            "isLocked": "false",
            "comment": "Making a new link for the dependency",
            "name": "Child"
          }
        },
        {
          "rel": "System.LinkTypes.Hierarchy-Forward",
          "url": "https://dev.azure.com/culater/_apis/wit/workItems/23784",
          "attributes": {
            "isLocked": "false",
            "comment": "Making a new link for the dependency",
            "name": "Child"
          }
        },
        {
          "rel": "System.LinkTypes.Hierarchy-Forward",
          "url": "https://dev.azure.com/culater/_apis/wit/workItems/23787",
          "attributes": {
            "isLocked": "false",
            "comment": "Making a new link for the dependency",
            "name": "Child"
          }
        },
        {
          "rel": "System.LinkTypes.Hierarchy-Forward",
          "url": "https://dev.azure.com/culater/_apis/wit/workItems/23786",
          "attributes": {
            "isLocked": "false",
            "comment": "Making a new link for the dependency",
            "name": "Child"
          }
        }
      ],
      "url": "https://dev.azure.com/culater/_apis/wit/workItems/23834"
    },
    {
      "id": 23835,
      "rev": 2,
      "fields": {
        "System.AreaPath": "$ProjectName$",
        "System.TeamProject": "$ProjectName$",
        "System.IterationPath": "$ProjectName$",
        "System.WorkItemType": "User Story",
        "System.State": "New",
        "System.Reason": "New",
        "System.CreatedDate": "2019-07-03T07:10:55.417Z",
        "System.CreatedBy": "Akshay H <H.akshay@outlook.com>",
        "System.ChangedDate": "2019-07-03T07:18:38.94Z",
        "System.ChangedBy": "Akshay H <H.akshay@outlook.com>",
        "System.Title": "VM 3 - SQL Server",
        "Microsoft.VSTS.Scheduling.Effort": 0.0,
        "System.Description": "VM to be migrated",
        "System.AssignedTo": null,
        "Microsoft.VSTS.Scheduling.RemainingWork": 0.0,
        "Microsoft.VSTS.Common.Priority": 2.0,
        "System.BoardLane": null,
        "System.Tags": "Workload Template",
        "Microsoft.VSTS.TCM.Steps": null,
        "Microsoft.VSTS.TCM.Parameters": null,
        "Microsoft.VSTS.TCM.LocalDataSource": null,
        "Microsoft.VSTS.TCM.AutomationStatus": null,
        "System.History": null
      },
      "relations": [
        {
          "rel": "System.LinkTypes.Hierarchy-Forward",
          "url": "https://dev.azure.com/culater/_apis/wit/workItems/23788",
          "attributes": {
            "isLocked": "false",
            "comment": "Making a new link for the dependency",
            "name": "Child"
          }
        },
        {
          "rel": "System.LinkTypes.Hierarchy-Forward",
          "url": "https://dev.azure.com/culater/_apis/wit/workItems/23789",
          "attributes": {
            "isLocked": "false",
            "comment": "Making a new link for the dependency",
            "name": "Child"
          }
        },
        {
          "rel": "System.LinkTypes.Hierarchy-Forward",
          "url": "https://dev.azure.com/culater/_apis/wit/workItems/23790",
          "attributes": {
            "isLocked": "false",
            "comment": "Making a new link for the dependency",
            "name": "Child"
          }
        },
        {
          "rel": "System.LinkTypes.Hierarchy-Forward",
          "url": "https://dev.azure.com/culater/_apis/wit/workItems/23791",
          "attributes": {
            "isLocked": "false",
            "comment": "Making a new link for the dependency",
            "name": "Child"
          }
        },
        {
          "rel": "System.LinkTypes.Hierarchy-Reverse",
          "url": "https://dev.azure.com/culater/_apis/wit/workItems/23769",
          "attributes": {
            "isLocked": "false",
            "comment": "Making a new link for the dependency",
            "name": "Parent"
          }
        },
        {
          "rel": "System.LinkTypes.Hierarchy-Forward",
          "url": "https://dev.azure.com/culater/_apis/wit/workItems/23792",
          "attributes": {
            "isLocked": "false",
            "comment": "Making a new link for the dependency",
            "name": "Child"
          }
        }
      ],
      "url": "https://dev.azure.com/culater/_apis/wit/workItems/23835"
    },
    {
      "id": 23836,
      "rev": 2,
      "fields": {
        "System.AreaPath": "$ProjectName$",
        "System.TeamProject": "$ProjectName$",
        "System.IterationPath": "$ProjectName$",
        "System.WorkItemType": "User Story",
        "System.State": "New",
        "System.Reason": "New",
        "System.CreatedDate": "2019-07-03T07:10:55.797Z",
        "System.CreatedBy": "Akshay H <H.akshay@outlook.com>",
        "System.ChangedDate": "2019-07-03T07:18:38.94Z",
        "System.ChangedBy": "Akshay H <H.akshay@outlook.com>",
        "System.Title": "Test Workload",
        "Microsoft.VSTS.Scheduling.Effort": 0.0,
        "System.Description": "Validate funcationality of the workload",
        "System.AssignedTo": null,
        "Microsoft.VSTS.Scheduling.RemainingWork": 0.0,
        "Microsoft.VSTS.Common.Priority": 2.0,
        "System.BoardLane": null,
        "System.Tags": "Workload Template",
        "Microsoft.VSTS.TCM.Steps": null,
        "Microsoft.VSTS.TCM.Parameters": null,
        "Microsoft.VSTS.TCM.LocalDataSource": null,
        "Microsoft.VSTS.TCM.AutomationStatus": null,
        "System.History": null
      },
      "relations": [
        {
          "rel": "System.LinkTypes.Hierarchy-Forward",
          "url": "https://dev.azure.com/culater/_apis/wit/workItems/23821",
          "attributes": {
            "isLocked": "false",
            "comment": "Making a new link for the dependency",
            "name": "Child"
          }
        },
        {
          "rel": "System.LinkTypes.Hierarchy-Reverse",
          "url": "https://dev.azure.com/culater/_apis/wit/workItems/23769",
          "attributes": {
            "isLocked": "false",
            "comment": "Making a new link for the dependency",
            "name": "Parent"
          }
        },
        {
          "rel": "System.LinkTypes.Hierarchy-Forward",
          "url": "https://dev.azure.com/culater/_apis/wit/workItems/23820",
          "attributes": {
            "isLocked": "false",
            "comment": "Making a new link for the dependency",
            "name": "Child"
          }
        },
        {
          "rel": "System.LinkTypes.Hierarchy-Forward",
          "url": "https://dev.azure.com/culater/_apis/wit/workItems/23822",
          "attributes": {
            "isLocked": "false",
            "comment": "Making a new link for the dependency",
            "name": "Child"
          }
        },
        {
          "rel": "System.LinkTypes.Hierarchy-Forward",
          "url": "https://dev.azure.com/culater/_apis/wit/workItems/23819",
          "attributes": {
            "isLocked": "false",
            "comment": "Making a new link for the dependency",
            "name": "Child"
          }
        }
      ],
      "url": "https://dev.azure.com/culater/_apis/wit/workItems/23836"
    },
    {
      "id": 23837,
      "rev": 2,
      "fields": {
        "System.AreaPath": "$ProjectName$",
        "System.TeamProject": "$ProjectName$",
        "System.IterationPath": "$ProjectName$",
        "System.WorkItemType": "User Story",
        "System.State": "New",
        "System.Reason": "New",
        "System.CreatedDate": "2019-07-03T07:10:56.15Z",
        "System.CreatedBy": "Akshay H <H.akshay@outlook.com>",
        "System.ChangedDate": "2019-07-03T07:18:38.94Z",
        "System.ChangedBy": "Akshay H <H.akshay@outlook.com>",
        "System.Title": "Optimize Workload Assets",
        "Microsoft.VSTS.Scheduling.Effort": 0.0,
        "System.Description": "Tune the migrated assets based on observations",
        "System.AssignedTo": null,
        "Microsoft.VSTS.Scheduling.RemainingWork": 0.0,
        "Microsoft.VSTS.Common.Priority": 2.0,
        "System.BoardLane": null,
        "System.Tags": "Workload Template",
        "Microsoft.VSTS.TCM.Steps": null,
        "Microsoft.VSTS.TCM.Parameters": null,
        "Microsoft.VSTS.TCM.LocalDataSource": null,
        "Microsoft.VSTS.TCM.AutomationStatus": null,
        "System.History": null
      },
      "relations": [
        {
          "rel": "System.LinkTypes.Hierarchy-Forward",
          "url": "https://dev.azure.com/culater/_apis/wit/workItems/23816",
          "attributes": {
            "isLocked": "false",
            "comment": "Making a new link for the dependency",
            "name": "Child"
          }
        },
        {
          "rel": "System.LinkTypes.Hierarchy-Forward",
          "url": "https://dev.azure.com/culater/_apis/wit/workItems/23815",
          "attributes": {
            "isLocked": "false",
            "comment": "Making a new link for the dependency",
            "name": "Child"
          }
        },
        {
          "rel": "System.LinkTypes.Hierarchy-Forward",
          "url": "https://dev.azure.com/culater/_apis/wit/workItems/23817",
          "attributes": {
            "isLocked": "false",
            "comment": "Making a new link for the dependency",
            "name": "Child"
          }
        },
        {
          "rel": "System.LinkTypes.Hierarchy-Reverse",
          "url": "https://dev.azure.com/culater/_apis/wit/workItems/23769",
          "attributes": {
            "isLocked": "false",
            "comment": "Making a new link for the dependency",
            "name": "Parent"
          }
        },
        {
          "rel": "System.LinkTypes.Hierarchy-Forward",
          "url": "https://dev.azure.com/culater/_apis/wit/workItems/23818",
          "attributes": {
            "isLocked": "false",
            "comment": "Making a new link for the dependency",
            "name": "Child"
          }
        }
      ],
      "url": "https://dev.azure.com/culater/_apis/wit/workItems/23837"
    },
    {
      "id": 23838,
      "rev": 2,
      "fields": {
        "System.AreaPath": "$ProjectName$",
        "System.TeamProject": "$ProjectName$",
        "System.IterationPath": "$ProjectName$",
        "System.WorkItemType": "User Story",
        "System.State": "New",
        "System.Reason": "New",
        "System.CreatedDate": "2019-07-03T07:10:56.507Z",
        "System.CreatedBy": "Akshay H <H.akshay@outlook.com>",
        "System.ChangedDate": "2019-07-03T07:18:38.94Z",
        "System.ChangedBy": "Akshay H <H.akshay@outlook.com>",
        "System.Title": "Promote Workload",
        "Microsoft.VSTS.Scheduling.Effort": 0.0,
        "System.Description": "Tune the migrated assets based on testing feedback",
        "System.AssignedTo": null,
        "Microsoft.VSTS.Scheduling.RemainingWork": 0.0,
        "Microsoft.VSTS.Common.Priority": 2.0,
        "System.BoardLane": null,
        "System.Tags": "Workload Template",
        "Microsoft.VSTS.TCM.Steps": null,
        "Microsoft.VSTS.TCM.Parameters": null,
        "Microsoft.VSTS.TCM.LocalDataSource": null,
        "Microsoft.VSTS.TCM.AutomationStatus": null,
        "System.History": null
      },
      "relations": [
        {
          "rel": "System.LinkTypes.Hierarchy-Forward",
          "url": "https://dev.azure.com/culater/_apis/wit/workItems/23811",
          "attributes": {
            "isLocked": "false",
            "comment": "Making a new link for the dependency",
            "name": "Child"
          }
        },
        {
          "rel": "System.LinkTypes.Hierarchy-Forward",
          "url": "https://dev.azure.com/culater/_apis/wit/workItems/23810",
          "attributes": {
            "isLocked": "false",
            "comment": "Making a new link for the dependency",
            "name": "Child"
          }
        },
        {
          "rel": "System.LinkTypes.Hierarchy-Forward",
          "url": "https://dev.azure.com/culater/_apis/wit/workItems/23814",
          "attributes": {
            "isLocked": "false",
            "comment": "Making a new link for the dependency",
            "name": "Child"
          }
        },
        {
          "rel": "System.LinkTypes.Hierarchy-Reverse",
          "url": "https://dev.azure.com/culater/_apis/wit/workItems/23769",
          "attributes": {
            "isLocked": "false",
            "comment": "Making a new link for the dependency",
            "name": "Parent"
          }
        },
        {
          "rel": "System.LinkTypes.Hierarchy-Forward",
          "url": "https://dev.azure.com/culater/_apis/wit/workItems/23813",
          "attributes": {
            "isLocked": "false",
            "comment": "Making a new link for the dependency",
            "name": "Child"
          }
        },
        {
          "rel": "System.LinkTypes.Hierarchy-Forward",
          "url": "https://dev.azure.com/culater/_apis/wit/workItems/23812",
          "attributes": {
            "isLocked": "false",
            "comment": "Making a new link for the dependency",
            "name": "Child"
          }
        }
      ],
      "url": "https://dev.azure.com/culater/_apis/wit/workItems/23838"
    },
    {
      "id": 23839,
      "rev": 2,
      "fields": {
        "System.AreaPath": "$ProjectName$",
        "System.TeamProject": "$ProjectName$",
        "System.IterationPath": "$ProjectName$",
        "System.WorkItemType": "User Story",
        "System.State": "New",
        "System.Reason": "New",
        "System.CreatedDate": "2019-07-03T07:10:56.857Z",
        "System.CreatedBy": "Akshay H <H.akshay@outlook.com>",
        "System.ChangedDate": "2019-07-03T07:18:38.94Z",
        "System.ChangedBy": "Akshay H <H.akshay@outlook.com>",
        "System.Title": "Decomission Retired Assets",
        "Microsoft.VSTS.Scheduling.Effort": 0.0,
        "System.Description": "Realize cost savings by terminating retired assets",
        "System.AssignedTo": null,
        "Microsoft.VSTS.Scheduling.RemainingWork": 0.0,
        "Microsoft.VSTS.Common.Priority": 2.0,
        "System.BoardLane": null,
        "System.Tags": "Workload Template",
        "Microsoft.VSTS.TCM.Steps": null,
        "Microsoft.VSTS.TCM.Parameters": null,
        "Microsoft.VSTS.TCM.LocalDataSource": null,
        "Microsoft.VSTS.TCM.AutomationStatus": null,
        "System.History": null
      },
      "relations": [
        {
          "rel": "System.LinkTypes.Hierarchy-Forward",
          "url": "https://dev.azure.com/culater/_apis/wit/workItems/23808",
          "attributes": {
            "isLocked": "false",
            "comment": "Making a new link for the dependency",
            "name": "Child"
          }
        },
        {
          "rel": "System.LinkTypes.Hierarchy-Reverse",
          "url": "https://dev.azure.com/culater/_apis/wit/workItems/23769",
          "attributes": {
            "isLocked": "false",
            "comment": "Making a new link for the dependency",
            "name": "Parent"
          }
        },
        {
          "rel": "System.LinkTypes.Hierarchy-Forward",
          "url": "https://dev.azure.com/culater/_apis/wit/workItems/23809",
          "attributes": {
            "isLocked": "false",
            "comment": "Making a new link for the dependency",
            "name": "Child"
          }
        },
        {
          "rel": "System.LinkTypes.Hierarchy-Forward",
          "url": "https://dev.azure.com/culater/_apis/wit/workItems/23807",
          "attributes": {
            "isLocked": "false",
            "comment": "Making a new link for the dependency",
            "name": "Child"
          }
        }
      ],
      "url": "https://dev.azure.com/culater/_apis/wit/workItems/23839"
    },
    {
      "id": 23842,
      "rev": 3,
      "fields": {
        "System.AreaPath": "$ProjectName$",
        "System.TeamProject": "$ProjectName$",
        "System.IterationPath": "$ProjectName$",
        "System.WorkItemType": "User Story",
        "System.State": "New",
        "System.Reason": "New",
        "System.CreatedDate": "2019-07-03T07:10:58Z",
        "System.CreatedBy": "Akshay H <H.akshay@outlook.com>",
        "System.ChangedDate": "2019-07-03T07:23:04.71Z",
        "System.ChangedBy": "Akshay H <H.akshay@outlook.com>",
        "System.Title": "Extend the landing zone for VMWare",
        "Microsoft.VSTS.Scheduling.Effort": 0.0,
        "System.Description": "<div><span>Resolve defined prerequisites necessary to migrate VMWare assets to Azure</span></div>",
        "System.AssignedTo": null,
        "Microsoft.VSTS.Scheduling.RemainingWork": 0.0,
        "Microsoft.VSTS.Common.Priority": 2.0,
        "System.BoardLane": null,
        "System.Tags": "First Host",
        "Microsoft.VSTS.TCM.Steps": null,
        "Microsoft.VSTS.TCM.Parameters": null,
        "Microsoft.VSTS.TCM.LocalDataSource": null,
        "Microsoft.VSTS.TCM.AutomationStatus": null,
        "System.History": null
      },
      "relations": [
        {
          "rel": "System.LinkTypes.Hierarchy-Reverse",
          "url": "https://dev.azure.com/culater/_apis/wit/workItems/23768",
          "attributes": {
            "isLocked": "false",
            "comment": "Making a new link for the dependency",
            "name": "Parent"
          }
        },
        {
          "rel": "System.LinkTypes.Hierarchy-Forward",
          "url": "https://dev.azure.com/culater/_apis/wit/workItems/23781",
          "attributes": {
            "isLocked": "false",
            "comment": "Making a new link for the dependency",
            "name": "Child"
          }
        },
        {
          "rel": "System.LinkTypes.Hierarchy-Forward",
          "url": "https://dev.azure.com/culater/_apis/wit/workItems/23780",
          "attributes": {
            "isLocked": "false",
            "comment": "Making a new link for the dependency",
            "name": "Child"
          }
        },
        {
          "rel": "System.LinkTypes.Hierarchy-Forward",
          "url": "https://dev.azure.com/culater/_apis/wit/workItems/23782",
          "attributes": {
            "isLocked": "false",
            "comment": "Making a new link for the dependency",
            "name": "Child"
          }
        }
      ],
      "url": "https://dev.azure.com/culater/_apis/wit/workItems/23842"
    },
    {
      "id": 23841,
      "rev": 3,
      "fields": {
        "System.AreaPath": "$ProjectName$",
        "System.TeamProject": "$ProjectName$",
        "System.IterationPath": "$ProjectName$",
        "System.WorkItemType": "User Story",
        "System.State": "New",
        "System.Reason": "New",
        "System.CreatedDate": "2019-07-03T07:10:57.643Z",
        "System.CreatedBy": "Akshay H <H.akshay@outlook.com>",
        "System.ChangedDate": "2019-07-03T07:23:09Z",
        "System.ChangedBy": "Akshay H <H.akshay@outlook.com>",
        "System.Title": "Migrate VMs",
        "Microsoft.VSTS.Scheduling.Effort": 0.0,
        "System.Description": "<div><span>Migrate a select group of VMs from the on-premises host to a host on Azure</span></div>",
        "System.AssignedTo": null,
        "Microsoft.VSTS.Scheduling.RemainingWork": 0.0,
        "Microsoft.VSTS.Common.Priority": 2.0,
        "System.BoardLane": null,
        "System.Tags": "First Host",
        "Microsoft.VSTS.TCM.Steps": null,
        "Microsoft.VSTS.TCM.Parameters": null,
        "Microsoft.VSTS.TCM.LocalDataSource": null,
        "Microsoft.VSTS.TCM.AutomationStatus": null,
        "System.History": null
      },
      "relations": [
        {
          "rel": "System.LinkTypes.Hierarchy-Forward",
          "url": "https://dev.azure.com/culater/_apis/wit/workItems/23778",
          "attributes": {
            "isLocked": "false",
            "comment": "Making a new link for the dependency",
            "name": "Child"
          }
        },
        {
          "rel": "System.LinkTypes.Hierarchy-Forward",
          "url": "https://dev.azure.com/culater/_apis/wit/workItems/23777",
          "attributes": {
            "isLocked": "false",
            "comment": "Making a new link for the dependency",
            "name": "Child"
          }
        },
        {
          "rel": "System.LinkTypes.Hierarchy-Forward",
          "url": "https://dev.azure.com/culater/_apis/wit/workItems/23776",
          "attributes": {
            "isLocked": "false",
            "comment": "Making a new link for the dependency",
            "name": "Child"
          }
        },
        {
          "rel": "System.LinkTypes.Hierarchy-Forward",
          "url": "https://dev.azure.com/culater/_apis/wit/workItems/23779",
          "attributes": {
            "isLocked": "false",
            "comment": "Making a new link for the dependency",
            "name": "Child"
          }
        },
        {
          "rel": "System.LinkTypes.Hierarchy-Forward",
          "url": "https://dev.azure.com/culater/_apis/wit/workItems/23775",
          "attributes": {
            "isLocked": "false",
            "comment": "Making a new link for the dependency",
            "name": "Child"
          }
        },
        {
          "rel": "System.LinkTypes.Hierarchy-Reverse",
          "url": "https://dev.azure.com/culater/_apis/wit/workItems/23768",
          "attributes": {
            "isLocked": "false",
            "comment": "Making a new link for the dependency",
            "name": "Parent"
          }
        }
      ],
      "url": "https://dev.azure.com/culater/_apis/wit/workItems/23841"
    },
    {
      "id": 23840,
      "rev": 2,
      "fields": {
        "System.AreaPath": "$ProjectName$",
        "System.TeamProject": "$ProjectName$",
        "System.IterationPath": "$ProjectName$",
        "System.WorkItemType": "User Story",
        "System.State": "New",
        "System.Reason": "New",
        "System.CreatedDate": "2019-07-03T07:10:57.24Z",
        "System.CreatedBy": "Akshay H <H.akshay@outlook.com>",
        "System.ChangedDate": "2019-07-03T07:18:38.94Z",
        "System.ChangedBy": "Akshay H <H.akshay@outlook.com>",
        "System.Title": "Update migration assessment, decision tree, and tooling",
        "Microsoft.VSTS.Scheduling.Effort": 0.0,
        "System.Description": "<div><span>Evaluate the results of the migration from the first host to inform iterative processes</span></div>",
        "System.AssignedTo": null,
        "Microsoft.VSTS.Scheduling.RemainingWork": 0.0,
        "Microsoft.VSTS.Common.Priority": 2.0,
        "System.BoardLane": null,
        "System.Tags": "First Host",
        "Microsoft.VSTS.TCM.Steps": null,
        "Microsoft.VSTS.TCM.Parameters": null,
        "Microsoft.VSTS.TCM.LocalDataSource": null,
        "Microsoft.VSTS.TCM.AutomationStatus": null,
        "System.History": null
      },
      "relations": [
        {
          "rel": "System.LinkTypes.Hierarchy-Forward",
          "url": "https://dev.azure.com/culater/_apis/wit/workItems/23774",
          "attributes": {
            "isLocked": "false",
            "comment": "Making a new link for the dependency",
            "name": "Child"
          }
        },
        {
          "rel": "System.LinkTypes.Hierarchy-Reverse",
          "url": "https://dev.azure.com/culater/_apis/wit/workItems/23768",
          "attributes": {
            "isLocked": "false",
            "comment": "Making a new link for the dependency",
            "name": "Parent"
          }
        },
        {
          "rel": "System.LinkTypes.Hierarchy-Forward",
          "url": "https://dev.azure.com/culater/_apis/wit/workItems/23773",
          "attributes": {
            "isLocked": "false",
            "comment": "Making a new link for the dependency",
            "name": "Child"
          }
        }
      ],
      "url": "https://dev.azure.com/culater/_apis/wit/workItems/23840"
    },
    {
      "id": 23846,
      "rev": 2,
      "fields": {
        "System.AreaPath": "$ProjectName$",
        "System.TeamProject": "$ProjectName$",
        "System.IterationPath": "$ProjectName$",
        "System.WorkItemType": "User Story",
        "System.State": "New",
        "System.Reason": "New",
        "System.CreatedDate": "2019-07-03T07:10:59.737Z",
        "System.CreatedBy": "Akshay H <H.akshay@outlook.com>",
        "System.ChangedDate": "2019-07-03T07:18:38.94Z",
        "System.ChangedBy": "Akshay H <H.akshay@outlook.com>",
        "System.Title": "Azure Readiness Guide",
        "Microsoft.VSTS.Scheduling.Effort": 0.0,
        "System.Description": "<div><span><span style=\"display:inline !important;background-color:rgb(255, 255, 255);color:rgb(0, 0, 0);font-family:Segoe UI,SegoeUI,Segoe WP,Helvetica Neue,Helvetica,Tahoma,Arial,sans-serif;font-size:16px;list-style-type:decimal;\">Review the </span><a style=\"cursor:pointer;font-family:Segoe UI,SegoeUI,Segoe WP,Helvetica Neue,Helvetica,Tahoma,Arial,sans-serif;font-size:16px;outline-color:invert;\" href=\"https://docs.microsoft.com/en-us/azure/architecture/cloud-adoption/ready/azure-readiness-guide/index\">Azure Readiness Guide</a><span style=\"display:inline !important;background-color:rgb(255, 255, 255);color:rgb(0, 0, 0);font-family:Segoe UI,SegoeUI,Segoe WP,Helvetica Neue,Helvetica,Tahoma,Arial,sans-serif;font-size:16px;list-style-type:decimal;\"> to become familiar with the tools and approaches needed in landing zone creation.</span><br></span></div>",
        "System.AssignedTo": null,
        "Microsoft.VSTS.Scheduling.RemainingWork": 0.0,
        "Microsoft.VSTS.Common.Priority": 2.0,
        "System.BoardLane": null,
        "System.Tags": "Ready",
        "Microsoft.VSTS.TCM.Steps": null,
        "Microsoft.VSTS.TCM.Parameters": null,
        "Microsoft.VSTS.TCM.LocalDataSource": null,
        "Microsoft.VSTS.TCM.AutomationStatus": null,
        "System.History": null
      },
      "relations": [
        {
          "rel": "System.LinkTypes.Hierarchy-Reverse",
          "url": "https://dev.azure.com/culater/_apis/wit/workItems/23770",
          "attributes": {
            "isLocked": "false",
            "comment": "Making a new link for the dependency",
            "name": "Parent"
          }
        }
      ],
      "url": "https://dev.azure.com/culater/_apis/wit/workItems/23846"
    },
    {
      "id": 23845,
      "rev": 3,
      "fields": {
        "System.AreaPath": "$ProjectName$",
        "System.TeamProject": "$ProjectName$",
        "System.IterationPath": "$ProjectName$",
        "System.WorkItemType": "User Story",
        "System.State": "New",
        "System.Reason": "New",
        "System.CreatedDate": "2019-07-03T07:10:59.177Z",
        "System.CreatedBy": "Akshay H <H.akshay@outlook.com>",
        "System.ChangedDate": "2019-07-03T07:18:43.63Z",
        "System.ChangedBy": "Akshay H <H.akshay@outlook.com>",
        "System.Title": "CAF Migrate Landing Zone blueprint",
        "Microsoft.VSTS.Scheduling.Effort": 0.0,
        "System.Description": "<div><span><span style=\"display:inline !important;background-color:rgb(255, 255, 255);color:rgb(0, 0, 0);font-family:Segoe UI,SegoeUI,Segoe WP,Helvetica Neue,Helvetica,Tahoma,Arial,sans-serif;font-size:16px;list-style-type:decimal;\">Evaluate the </span><a style=\"cursor:pointer;font-family:Segoe UI,SegoeUI,Segoe WP,Helvetica Neue,Helvetica,Tahoma,Arial,sans-serif;font-size:16px;outline-color:invert;\" href=\"https://docs.microsoft.com/en-us/azure/architecture/cloud-adoption/ready/azure-readiness-guide/migration-landing-zone\">CAF Migrate Landing Zone blueprint</a><span style=\"display:inline !important;background-color:rgb(255, 255, 255);color:rgb(0, 0, 0);font-family:Segoe UI,SegoeUI,Segoe WP,Helvetica Neue,Helvetica,Tahoma,Arial,sans-serif;font-size:16px;list-style-type:decimal;\">. If the assumptions and decisions in that article align to your business and technical objectives, the blueprint can be used to create your landing zone.</span><br></span></div>",
        "System.AssignedTo": null,
        "Microsoft.VSTS.Scheduling.RemainingWork": 0.0,
        "Microsoft.VSTS.Common.Priority": 2.0,
        "System.BoardLane": null,
        "System.Tags": "Ready",
        "Microsoft.VSTS.TCM.Steps": null,
        "Microsoft.VSTS.TCM.Parameters": null,
        "Microsoft.VSTS.TCM.LocalDataSource": null,
        "Microsoft.VSTS.TCM.AutomationStatus": null,
        "System.History": null
      },
      "relations": [
        {
          "rel": "System.LinkTypes.Hierarchy-Reverse",
          "url": "https://dev.azure.com/culater/_apis/wit/workItems/23770",
          "attributes": {
            "isLocked": "false",
            "comment": "Making a new link for the dependency",
            "name": "Parent"
          }
        }
      ],
      "url": "https://dev.azure.com/culater/_apis/wit/workItems/23845"
    },
    {
      "id": 23844,
      "rev": 3,
      "fields": {
        "System.AreaPath": "$ProjectName$",
        "System.TeamProject": "$ProjectName$",
        "System.IterationPath": "$ProjectName$",
        "System.WorkItemType": "User Story",
        "System.State": "New",
        "System.Reason": "New",
        "System.CreatedDate": "2019-07-03T07:10:58.79Z",
        "System.CreatedBy": "Akshay H <H.akshay@outlook.com>",
        "System.ChangedDate": "2019-07-03T07:18:45.94Z",
        "System.ChangedBy": "Akshay H <H.akshay@outlook.com>",
        "System.Title": "Landing zone considerations",
        "Microsoft.VSTS.Scheduling.Effort": 0.0,
        "System.Description": "<div><span><span style=\"display:inline !important;background-color:rgb(255, 255, 255);color:rgb(0, 0, 0);font-family:Segoe UI,SegoeUI,Segoe WP,Helvetica Neue,Helvetica,Tahoma,Arial,sans-serif;font-size:16px;list-style-type:decimal;\">Review </span><a style=\"cursor:pointer;font-family:Segoe UI,SegoeUI,Segoe WP,Helvetica Neue,Helvetica,Tahoma,Arial,sans-serif;font-size:16px;outline-color:invert;\" href=\"https://docs.microsoft.com/en-us/azure/architecture/cloud-adoption/ready/considerations/index\">landing zone considerations</a><span style=\"display:inline !important;background-color:rgb(255, 255, 255);color:rgb(0, 0, 0);font-family:Segoe UI,SegoeUI,Segoe WP,Helvetica Neue,Helvetica,Tahoma,Arial,sans-serif;font-size:16px;list-style-type:decimal;\"> to understand the alternative decisions which could impact your landing zone design.</span><br></span></div>",
        "System.AssignedTo": null,
        "Microsoft.VSTS.Scheduling.RemainingWork": 0.0,
        "Microsoft.VSTS.Common.Priority": 2.0,
        "System.BoardLane": null,
        "System.Tags": "Ready",
        "Microsoft.VSTS.TCM.Steps": null,
        "Microsoft.VSTS.TCM.Parameters": null,
        "Microsoft.VSTS.TCM.LocalDataSource": null,
        "Microsoft.VSTS.TCM.AutomationStatus": null,
        "System.History": null
      },
      "relations": [
        {
          "rel": "System.LinkTypes.Hierarchy-Reverse",
          "url": "https://dev.azure.com/culater/_apis/wit/workItems/23770",
          "attributes": {
            "isLocked": "false",
            "comment": "Making a new link for the dependency",
            "name": "Parent"
          }
        }
      ],
      "url": "https://dev.azure.com/culater/_apis/wit/workItems/23844"
    },
    {
      "id": 23843,
      "rev": 2,
      "fields": {
        "System.AreaPath": "$ProjectName$",
        "System.TeamProject": "$ProjectName$",
        "System.IterationPath": "$ProjectName$",
        "System.WorkItemType": "User Story",
        "System.State": "New",
        "System.Reason": "New",
        "System.CreatedDate": "2019-07-03T07:10:58.363Z",
        "System.CreatedBy": "Akshay H <H.akshay@outlook.com>",
        "System.ChangedDate": "2019-07-03T07:18:38.94Z",
        "System.ChangedBy": "Akshay H <H.akshay@outlook.com>",
        "System.Title": "Deploy the modified blueprint",
        "Microsoft.VSTS.Scheduling.Effort": 0.0,
        "System.Description": "<div><span><span style=\"display:inline !important;background-color:rgb(255, 255, 255);color:rgb(0, 0, 0);font-family:Segoe UI,SegoeUI,Segoe WP,Helvetica Neue,Helvetica,Tahoma,Arial,sans-serif;font-size:16px;list-style-type:decimal;\">Update the landing zone blueprint based on the impacted considerations and deploy the modified blueprint.</span><br></span></div>",
        "System.AssignedTo": null,
        "Microsoft.VSTS.Scheduling.RemainingWork": 0.0,
        "Microsoft.VSTS.Common.Priority": 2.0,
        "System.BoardLane": null,
        "System.Tags": "Ready",
        "Microsoft.VSTS.TCM.Steps": null,
        "Microsoft.VSTS.TCM.Parameters": null,
        "Microsoft.VSTS.TCM.LocalDataSource": null,
        "Microsoft.VSTS.TCM.AutomationStatus": null,
        "System.History": null
      },
      "relations": [
        {
          "rel": "System.LinkTypes.Hierarchy-Reverse",
          "url": "https://dev.azure.com/culater/_apis/wit/workItems/23770",
          "attributes": {
            "isLocked": "false",
            "comment": "Making a new link for the dependency",
            "name": "Parent"
          }
        }
      ],
      "url": "https://dev.azure.com/culater/_apis/wit/workItems/23843"
    },
    {
      "id": 23850,
      "rev": 2,
      "fields": {
        "System.AreaPath": "$ProjectName$",
        "System.TeamProject": "$ProjectName$",
        "System.IterationPath": "$ProjectName$",
        "System.WorkItemType": "User Story",
        "System.State": "New",
        "System.Reason": "New",
        "System.CreatedDate": "2019-07-03T07:11:01.267Z",
        "System.CreatedBy": "Akshay H <H.akshay@outlook.com>",
        "System.ChangedDate": "2019-07-03T07:18:38.94Z",
        "System.ChangedBy": "Akshay H <H.akshay@outlook.com>",
        "System.Title": "Digital Estate",
        "Microsoft.VSTS.Scheduling.Effort": 0.0,
        "System.Description": "<div><span><a style=\"cursor:pointer;font-family:Segoe UI,SegoeUI,Segoe WP,Helvetica Neue,Helvetica,Tahoma,Arial,sans-serif;font-size:16px;outline-color:invert;\" href=\"https://docs.microsoft.com/en-us/azure/architecture/cloud-adoption/digital-estate/inventory\">Inventory</a><span style=\"display:inline !important;background-color:rgb(255, 255, 255);color:rgb(0, 0, 0);font-family:Segoe UI,SegoeUI,Segoe WP,Helvetica Neue,Helvetica,Tahoma,Arial,sans-serif;font-size:16px;list-style-type:decimal;\"> and </span><a style=\"cursor:pointer;font-family:Segoe UI,SegoeUI,Segoe WP,Helvetica Neue,Helvetica,Tahoma,Arial,sans-serif;font-size:16px;outline-color:invert;\" href=\"https://docs.microsoft.com/en-us/azure/architecture/cloud-adoption/digital-estate/rationalize\">rationalize the digital estate</a><span style=\"display:inline !important;background-color:rgb(255, 255, 255);color:rgb(0, 0, 0);font-family:Segoe UI,SegoeUI,Segoe WP,Helvetica Neue,Helvetica,Tahoma,Arial,sans-serif;font-size:16px;list-style-type:decimal;\"> based on assumptions which align with motivations and business outcomes.</span><br></span></div>",
        "System.AssignedTo": null,
        "Microsoft.VSTS.Scheduling.RemainingWork": 0.0,
        "Microsoft.VSTS.Common.Priority": 2.0,
        "System.BoardLane": null,
        "System.Tags": "Plan",
        "Microsoft.VSTS.TCM.Steps": null,
        "Microsoft.VSTS.TCM.Parameters": null,
        "Microsoft.VSTS.TCM.LocalDataSource": null,
        "Microsoft.VSTS.TCM.AutomationStatus": null,
        "System.History": null
      },
      "relations": [
        {
          "rel": "System.LinkTypes.Hierarchy-Reverse",
          "url": "https://dev.azure.com/culater/_apis/wit/workItems/23771",
          "attributes": {
            "isLocked": "false",
            "comment": "Making a new link for the dependency",
            "name": "Parent"
          }
        }
      ],
      "url": "https://dev.azure.com/culater/_apis/wit/workItems/23850"
    },
    {
      "id": 23849,
      "rev": 3,
      "fields": {
        "System.AreaPath": "$ProjectName$",
        "System.TeamProject": "$ProjectName$",
        "System.IterationPath": "$ProjectName$",
        "System.WorkItemType": "User Story",
        "System.State": "New",
        "System.Reason": "New",
        "System.CreatedDate": "2019-07-03T07:11:00.913Z",
        "System.CreatedBy": "Akshay H <H.akshay@outlook.com>",
        "System.ChangedDate": "2019-07-03T07:19:22.487Z",
        "System.ChangedBy": "Akshay H <H.akshay@outlook.com>",
        "System.Title": "Initial organizational alignment",
        "Microsoft.VSTS.Scheduling.Effort": 0.0,
        "System.Description": "<div><span><span style=\"display:inline !important;background-color:rgb(255, 255, 255);color:rgb(0, 0, 0);font-family:Segoe UI,SegoeUI,Segoe WP,Helvetica Neue,Helvetica,Tahoma,Arial,sans-serif;font-size:16px;list-style-type:decimal;\">Establish a plan for </span><a style=\"cursor:pointer;font-family:Segoe UI,SegoeUI,Segoe WP,Helvetica Neue,Helvetica,Tahoma,Arial,sans-serif;font-size:16px;outline-color:invert;\" href=\"https://docs.microsoft.com/en-us/azure/architecture/cloud-adoption/organization/index\">organizational alignment</a><span style=\"display:inline !important;background-color:rgb(255, 255, 255);color:rgb(0, 0, 0);font-family:Segoe UI,SegoeUI,Segoe WP,Helvetica Neue,Helvetica,Tahoma,Arial,sans-serif;font-size:16px;list-style-type:decimal;\">, included defined </span><a style=\"cursor:pointer;font-family:Segoe UI,SegoeUI,Segoe WP,Helvetica Neue,Helvetica,Tahoma,Arial,sans-serif;font-size:16px;outline-color:invert;\" href=\"https://docs.microsoft.com/en-us/azure/architecture/cloud-adoption/organization/raci-alignment\">RACI diagrams</a><span style=\"display:inline !important;background-color:rgb(255, 255, 255);color:rgb(0, 0, 0);font-family:Segoe UI,SegoeUI,Segoe WP,Helvetica Neue,Helvetica,Tahoma,Arial,sans-serif;font-size:16px;list-style-type:decimal;\">.</span><br></span></div>",
        "System.AssignedTo": null,
        "Microsoft.VSTS.Scheduling.RemainingWork": 0.0,
        "Microsoft.VSTS.Common.Priority": 2.0,
        "System.BoardLane": null,
        "System.Tags": "Plan",
        "Microsoft.VSTS.TCM.Steps": null,
        "Microsoft.VSTS.TCM.Parameters": null,
        "Microsoft.VSTS.TCM.LocalDataSource": null,
        "Microsoft.VSTS.TCM.AutomationStatus": null,
        "System.History": null
      },
      "relations": [
        {
          "rel": "System.LinkTypes.Hierarchy-Reverse",
          "url": "https://dev.azure.com/culater/_apis/wit/workItems/23771",
          "attributes": {
            "isLocked": "false",
            "comment": "Making a new link for the dependency",
            "name": "Parent"
          }
        }
      ],
      "url": "https://dev.azure.com/culater/_apis/wit/workItems/23849"
    },
    {
      "id": 23848,
      "rev": 3,
      "fields": {
        "System.AreaPath": "$ProjectName$",
        "System.TeamProject": "$ProjectName$",
        "System.IterationPath": "$ProjectName$",
        "System.WorkItemType": "User Story",
        "System.State": "New",
        "System.Reason": "New",
        "System.CreatedDate": "2019-07-03T07:11:00.547Z",
        "System.CreatedBy": "Akshay H <H.akshay@outlook.com>",
        "System.ChangedDate": "2019-07-03T07:19:20.157Z",
        "System.ChangedBy": "Akshay H <H.akshay@outlook.com>",
        "System.Title": "Skills readiness plan",
        "Microsoft.VSTS.Scheduling.Effort": 0.0,
        "System.Description": "<div><span><span style=\"display:inline !important;background-color:rgb(255, 255, 255);color:rgb(0, 0, 0);font-family:Segoe UI,SegoeUI,Segoe WP,Helvetica Neue,Helvetica,Tahoma,Arial,sans-serif;font-size:16px;list-style-type:decimal;\">Create a plan for addressing </span><a style=\"cursor:pointer;font-family:Segoe UI,SegoeUI,Segoe WP,Helvetica Neue,Helvetica,Tahoma,Arial,sans-serif;font-size:16px;outline-color:invert;\" href=\"https://docs.microsoft.com/en-in/azure/cloud-adoption-framework/ready/suggested-skills\">skills readiness gaps</a><span style=\"display:inline !important;background-color:rgb(255, 255, 255);color:rgb(0, 0, 0);font-family:Segoe UI,SegoeUI,Segoe WP,Helvetica Neue,Helvetica,Tahoma,Arial,sans-serif;font-size:16px;list-style-type:decimal;\">.</span><br></span></div>",
        "System.AssignedTo": null,
        "Microsoft.VSTS.Scheduling.RemainingWork": 0.0,
        "Microsoft.VSTS.Common.Priority": 2.0,
        "System.BoardLane": null,
        "System.Tags": "Plan",
        "Microsoft.VSTS.TCM.Steps": null,
        "Microsoft.VSTS.TCM.Parameters": null,
        "Microsoft.VSTS.TCM.LocalDataSource": null,
        "Microsoft.VSTS.TCM.AutomationStatus": null,
        "System.History": null
      },
      "relations": [
        {
          "rel": "System.LinkTypes.Hierarchy-Reverse",
          "url": "https://dev.azure.com/culater/_apis/wit/workItems/23771",
          "attributes": {
            "isLocked": "false",
            "comment": "Making a new link for the dependency",
            "name": "Parent"
          }
        }
      ],
      "url": "https://dev.azure.com/culater/_apis/wit/workItems/23848"
    },
    {
      "id": 23847,
      "rev": 3,
      "fields": {
        "System.AreaPath": "$ProjectName$",
        "System.TeamProject": "$ProjectName$",
        "System.IterationPath": "$ProjectName$",
        "System.WorkItemType": "User Story",
        "System.State": "New",
        "System.Reason": "New",
        "System.CreatedDate": "2019-07-03T07:11:00.18Z",
        "System.CreatedBy": "Akshay H <H.akshay@outlook.com>",
        "System.ChangedDate": "2019-07-03T07:19:17.703Z",
        "System.ChangedBy": "Akshay H <H.akshay@outlook.com>",
        "System.Title": "Update this Cloud Adoption Plan",
        "Microsoft.VSTS.Scheduling.Effort": 0.0,
        "System.Description": "<div><span><span style=\"display:inline !important;background-color:rgb(255, 255, 255);color:rgb(0, 0, 0);font-family:Segoe UI,SegoeUI,Segoe WP,Helvetica Neue,Helvetica,Tahoma,Arial,sans-serif;font-size:16px;list-style-type:decimal;\">Update this </span><a style=\"cursor:pointer;font-family:Segoe UI,SegoeUI,Segoe WP,Helvetica Neue,Helvetica,Tahoma,Arial,sans-serif;font-size:16px;outline-color:invert;\" href=\"https://docs.microsoft.com/en-us/azure/architecture/cloud-adoption/plan/plan-intro\">cloud adoption plan</a><span style=\"display:inline !important;background-color:rgb(255, 255, 255);color:rgb(0, 0, 0);font-family:Segoe UI,SegoeUI,Segoe WP,Helvetica Neue,Helvetica,Tahoma,Arial,sans-serif;font-size:16px;list-style-type:decimal;\"> to manage effort and change.</span><br></span></div>",
        "System.AssignedTo": null,
        "Microsoft.VSTS.Scheduling.RemainingWork": 0.0,
        "Microsoft.VSTS.Common.Priority": 2.0,
        "System.BoardLane": null,
        "System.Tags": "Plan",
        "Microsoft.VSTS.TCM.Steps": null,
        "Microsoft.VSTS.TCM.Parameters": null,
        "Microsoft.VSTS.TCM.LocalDataSource": null,
        "Microsoft.VSTS.TCM.AutomationStatus": null,
        "System.History": null
      },
      "relations": [
        {
          "rel": "System.LinkTypes.Hierarchy-Forward",
          "url": "https://dev.azure.com/culater/_apis/wit/workItems/23804",
          "attributes": {
            "isLocked": "false",
            "comment": "Making a new link for the dependency",
            "name": "Child"
          }
        },
        {
          "rel": "System.LinkTypes.Hierarchy-Forward",
          "url": "https://dev.azure.com/culater/_apis/wit/workItems/23806",
          "attributes": {
            "isLocked": "false",
            "comment": "Making a new link for the dependency",
            "name": "Child"
          }
        },
        {
          "rel": "System.LinkTypes.Hierarchy-Forward",
          "url": "https://dev.azure.com/culater/_apis/wit/workItems/23803",
          "attributes": {
            "isLocked": "false",
            "comment": "Making a new link for the dependency",
            "name": "Child"
          }
        },
        {
          "rel": "System.LinkTypes.Hierarchy-Forward",
          "url": "https://dev.azure.com/culater/_apis/wit/workItems/23805",
          "attributes": {
            "isLocked": "false",
            "comment": "Making a new link for the dependency",
            "name": "Child"
          }
        },
        {
          "rel": "System.LinkTypes.Hierarchy-Reverse",
          "url": "https://dev.azure.com/culater/_apis/wit/workItems/23771",
          "attributes": {
            "isLocked": "false",
            "comment": "Making a new link for the dependency",
            "name": "Parent"
          }
        }
      ],
      "url": "https://dev.azure.com/culater/_apis/wit/workItems/23847"
    },
    {
      "id": 23854,
      "rev": 2,
      "fields": {
        "System.AreaPath": "$ProjectName$",
        "System.TeamProject": "$ProjectName$",
        "System.IterationPath": "$ProjectName$",
        "System.WorkItemType": "User Story",
        "System.State": "New",
        "System.Reason": "New",
        "System.CreatedDate": "2019-07-03T07:11:02.737Z",
        "System.CreatedBy": "Akshay H <H.akshay@outlook.com>",
        "System.ChangedDate": "2019-07-03T07:18:38.94Z",
        "System.ChangedBy": "Akshay H <H.akshay@outlook.com>",
        "System.Title": "Motivations",
        "Microsoft.VSTS.Scheduling.Effort": 0.0,
        "System.Description": "<div><span style=\"display:inline !important;background-color:rgb(255, 255, 255);font-family:Segoe UI,SegoeUI,Segoe WP,Helvetica Neue,Helvetica,Tahoma,Arial,sans-serif;\">Meet with key stakeholders and executives to d</span><span><span style=\"display:inline !important;background-color:rgb(255, 255, 255);color:rgb(0, 0, 0);font-family:Segoe UI,SegoeUI,Segoe WP,Helvetica Neue,Helvetica,Tahoma,Arial,sans-serif;font-size:16px;list-style-type:decimal;\">ocument the </span><a style=\"cursor:pointer;font-family:Segoe UI,SegoeUI,Segoe WP,Helvetica Neue,Helvetica,Tahoma,Arial,sans-serif;font-size:16px;outline-color:invert;\" href=\"https://docs.microsoft.com/en-us/azure/architecture/cloud-adoption/business-strategy/motivations-why-are-we-moving-to-the-cloud\">motivations</a><span style=\"display:inline !important;background-color:rgb(255, 255, 255);color:rgb(0, 0, 0);font-family:Segoe UI,SegoeUI,Segoe WP,Helvetica Neue,Helvetica,Tahoma,Arial,sans-serif;font-size:16px;list-style-type:decimal;\"> which are driving an interest in cloud adoption.</span><br></span></div>",
        "System.AssignedTo": null,
        "Microsoft.VSTS.Scheduling.RemainingWork": 0.0,
        "Microsoft.VSTS.Common.Priority": 2.0,
        "System.BoardLane": null,
        "System.Tags": "Strategy",
        "Microsoft.VSTS.TCM.Steps": null,
        "Microsoft.VSTS.TCM.Parameters": null,
        "Microsoft.VSTS.TCM.LocalDataSource": null,
        "Microsoft.VSTS.TCM.AutomationStatus": null,
        "System.History": null
      },
      "relations": [
        {
          "rel": "System.LinkTypes.Hierarchy-Reverse",
          "url": "https://dev.azure.com/culater/_apis/wit/workItems/23772",
          "attributes": {
            "isLocked": "false",
            "comment": "Making a new link for the dependency",
            "name": "Parent"
          }
        }
      ],
      "url": "https://dev.azure.com/culater/_apis/wit/workItems/23854"
    },
    {
      "id": 23853,
      "rev": 3,
      "fields": {
        "System.AreaPath": "$ProjectName$",
        "System.TeamProject": "$ProjectName$",
        "System.IterationPath": "$ProjectName$",
        "System.WorkItemType": "User Story",
        "System.State": "New",
        "System.Reason": "New",
        "System.CreatedDate": "2019-07-03T07:11:02.35Z",
        "System.CreatedBy": "Akshay H <H.akshay@outlook.com>",
        "System.ChangedDate": "2019-07-03T07:19:39.883Z",
        "System.ChangedBy": "Akshay H <H.akshay@outlook.com>",
        "System.Title": "Business Outcomes",
        "Microsoft.VSTS.Scheduling.Effort": 0.0,
        "System.Description": "<div><span><span style=\"display:inline !important;background-color:rgb(255, 255, 255);color:rgb(0, 0, 0);font-family:Segoe UI,SegoeUI,Segoe WP,Helvetica Neue,Helvetica,Tahoma,Arial,sans-serif;font-size:16px;list-style-type:decimal;\">Engage motivated stakeholders and executives to document specific </span><a style=\"cursor:pointer;font-family:Segoe UI,SegoeUI,Segoe WP,Helvetica Neue,Helvetica,Tahoma,Arial,sans-serif;font-size:16px;outline-color:invert;\" href=\"https://docs.microsoft.com/en-us/azure/architecture/cloud-adoption/business-strategy/business-outcomes/index\">business outcomes</a><span style=\"display:inline !important;background-color:rgb(255, 255, 255);color:rgb(0, 0, 0);font-family:Segoe UI,SegoeUI,Segoe WP,Helvetica Neue,Helvetica,Tahoma,Arial,sans-serif;font-size:16px;list-style-type:decimal;\">.</span><br></span></div>",
        "System.AssignedTo": null,
        "Microsoft.VSTS.Scheduling.RemainingWork": 0.0,
        "Microsoft.VSTS.Common.Priority": 2.0,
        "System.BoardLane": null,
        "System.Tags": "Strategy",
        "Microsoft.VSTS.TCM.Steps": null,
        "Microsoft.VSTS.TCM.Parameters": null,
        "Microsoft.VSTS.TCM.LocalDataSource": null,
        "Microsoft.VSTS.TCM.AutomationStatus": null,
        "System.History": null
      },
      "relations": [
        {
          "rel": "System.LinkTypes.Hierarchy-Reverse",
          "url": "https://dev.azure.com/culater/_apis/wit/workItems/23772",
          "attributes": {
            "isLocked": "false",
            "comment": "Making a new link for the dependency",
            "name": "Parent"
          }
        }
      ],
      "url": "https://dev.azure.com/culater/_apis/wit/workItems/23853"
    },
    {
      "id": 23852,
      "rev": 3,
      "fields": {
        "System.AreaPath": "$ProjectName$",
        "System.TeamProject": "$ProjectName$",
        "System.IterationPath": "$ProjectName$",
        "System.WorkItemType": "User Story",
        "System.State": "New",
        "System.Reason": "New",
        "System.CreatedDate": "2019-07-03T07:11:01.993Z",
        "System.CreatedBy": "Akshay H <H.akshay@outlook.com>",
        "System.ChangedDate": "2019-07-03T07:19:38.177Z",
        "System.ChangedBy": "Akshay H <H.akshay@outlook.com>",
        "System.Title": "Business Case",
        "Microsoft.VSTS.Scheduling.Effort": 0.0,
        "System.Description": "<div><span><span style=\"display:inline !important;background-color:rgb(255, 255, 255);color:rgb(0, 0, 0);font-family:Segoe UI,SegoeUI,Segoe WP,Helvetica Neue,Helvetica,Tahoma,Arial,sans-serif;font-size:16px;list-style-type:decimal;\">Develop a </span><a style=\"cursor:pointer;font-family:Segoe UI,SegoeUI,Segoe WP,Helvetica Neue,Helvetica,Tahoma,Arial,sans-serif;font-size:16px;outline-color:invert;\" href=\"https://docs.microsoft.com/en-us/azure/architecture/cloud-adoption/business-strategy/cloud-migration-business-case\">business case</a><span style=\"display:inline !important;background-color:rgb(255, 255, 255);color:rgb(0, 0, 0);font-family:Segoe UI,SegoeUI,Segoe WP,Helvetica Neue,Helvetica,Tahoma,Arial,sans-serif;font-size:16px;list-style-type:decimal;\"> to validate the financial model supporting the motivations and outcomes.</span><br></span></div>",
        "System.AssignedTo": null,
        "Microsoft.VSTS.Scheduling.RemainingWork": 0.0,
        "Microsoft.VSTS.Common.Priority": 2.0,
        "System.BoardLane": null,
        "System.Tags": "Strategy",
        "Microsoft.VSTS.TCM.Steps": null,
        "Microsoft.VSTS.TCM.Parameters": null,
        "Microsoft.VSTS.TCM.LocalDataSource": null,
        "Microsoft.VSTS.TCM.AutomationStatus": null,
        "System.History": null
      },
      "relations": [
        {
          "rel": "System.LinkTypes.Hierarchy-Reverse",
          "url": "https://dev.azure.com/culater/_apis/wit/workItems/23772",
          "attributes": {
            "isLocked": "false",
            "comment": "Making a new link for the dependency",
            "name": "Parent"
          }
        }
      ],
      "url": "https://dev.azure.com/culater/_apis/wit/workItems/23852"
    },
    {
      "id": 23851,
      "rev": 3,
      "fields": {
        "System.AreaPath": "$ProjectName$",
        "System.TeamProject": "$ProjectName$",
        "System.IterationPath": "$ProjectName$",
        "System.WorkItemType": "User Story",
        "System.State": "New",
        "System.Reason": "New",
        "System.CreatedDate": "2019-07-03T07:11:01.617Z",
        "System.CreatedBy": "Akshay H <H.akshay@outlook.com>",
        "System.ChangedDate": "2019-07-03T07:19:35.953Z",
        "System.ChangedBy": "Akshay H <H.akshay@outlook.com>",
        "System.Title": "First Adoption Project",
        "Microsoft.VSTS.Scheduling.Effort": 0.0,
        "System.Description": "<div><span><span style=\"display:inline !important;background-color:rgb(255, 255, 255);color:rgb(0, 0, 0);font-family:Segoe UI,SegoeUI,Segoe WP,Helvetica Neue,Helvetica,Tahoma,Arial,sans-serif;font-size:16px;list-style-type:decimal;\">In parallel to strategy and plan development, technical staff should begin implementation of a </span><a style=\"cursor:pointer;font-family:Segoe UI,SegoeUI,Segoe WP,Helvetica Neue,Helvetica,Tahoma,Arial,sans-serif;font-size:16px;outline-color:invert;\" href=\"https://docs.microsoft.com/en-us/azure/architecture/cloud-adoption/business-strategy/first-adoption-project\">first adoption project</a><span style=\"display:inline !important;background-color:rgb(255, 255, 255);color:rgb(0, 0, 0);font-family:Segoe UI,SegoeUI,Segoe WP,Helvetica Neue,Helvetica,Tahoma,Arial,sans-serif;font-size:16px;list-style-type:decimal;\"> to expand cloud skills.</span><br></span></div>",
        "System.AssignedTo": null,
        "Microsoft.VSTS.Scheduling.RemainingWork": 0.0,
        "Microsoft.VSTS.Common.Priority": 2.0,
        "System.BoardLane": null,
        "System.Tags": "Strategy",
        "Microsoft.VSTS.TCM.Steps": null,
        "Microsoft.VSTS.TCM.Parameters": null,
        "Microsoft.VSTS.TCM.LocalDataSource": null,
        "Microsoft.VSTS.TCM.AutomationStatus": null,
        "System.History": null
      },
      "relations": [
        {
          "rel": "System.LinkTypes.Hierarchy-Reverse",
          "url": "https://dev.azure.com/culater/_apis/wit/workItems/23772",
          "attributes": {
            "isLocked": "false",
            "comment": "Making a new link for the dependency",
            "name": "Parent"
          }
        }
      ],
      "url": "https://dev.azure.com/culater/_apis/wit/workItems/23851"
    }
  ],
  "HttpStatusCode": 0,
  "Message": null
}