{
  "count": 2,
  "value": [
    {
      "id": 408,
      "rev": 3,
      "fields": {
        "System.AreaPath": "PartsUnlimited",
        "System.TeamProject": "PartsUnlimited",
        "System.IterationPath": "PartsUnlimited\\Sprint 3",
        "System.WorkItemType": "Bug",
        "System.State": "New",
        "System.Reason": "New defect reported",
        "System.CreatedDate": "2017-03-02T12:14:30.11Z",
        "System.CreatedBy": "Sachin Raj <sachin77@outlook.com>",
        "System.ChangedDate": "2017-03-07T21:26:06.677Z",
        "System.ChangedBy": "Sachin Raj <sachin77@outlook.com>",
        "System.Title": "Sel_IE_Navigate Failed in 2488",
        "Microsoft.VSTS.Scheduling.Effort": 0.0,
        "System.Description": "Sel_IE_Navigate Failed in 2488",
        "System.AssignedTo": "lsteel109@outlook.com",
        "Microsoft.VSTS.Scheduling.RemainingWork": 0.0,
        "Microsoft.VSTS.Common.Priority": 2.0,
        "System.BoardLane": null,
        "System.Tags": null,
        "Microsoft.VSTS.TCM.Steps": null,
        "Microsoft.VSTS.TCM.Parameters": null,
        "Microsoft.VSTS.TCM.LocalDataSource": null,
        "Microsoft.VSTS.TCM.AutomationStatus": null,
        "System.History": null
      },
      "relations": [
        {
          "rel": "System.LinkTypes.Hierarchy-Reverse",
          "url": "https://vstsdemodata.visualstudio.com/_apis/wit/workItems/542",
          "attributes": {
            "isLocked": "False"
          }
        }
      ],
      "url": "https://vstsdemodata.visualstudio.com/_apis/wit/workItems/408"
    },
    {
      "id": 409,
      "rev": 4,
      "fields": {
        "System.AreaPath": "PartsUnlimited",
        "System.TeamProject": "PartsUnlimited",
        "System.IterationPath": "PartsUnlimited",
        "System.WorkItemType": "Bug",
        "System.State": "Approved",
        "System.Reason": "Approved by the Product Owner",
        "System.CreatedDate": "2017-03-02T12:14:30.343Z",
        "System.CreatedBy": "Sachin Raj <sachin77@outlook.com>",
        "System.ChangedDate": "2017-05-04T14:34:59.33Z",
        "System.ChangedBy": "Christina Kelly <ckelly109@outlook.com>",
        "System.Title": "Decline in orders noticed - Please Investigate immediately",
        "Microsoft.VSTS.Scheduling.Effort": 0.0,
        "System.Description": "Decline in orders noticed - Please Investigate immediately",
        "System.AssignedTo": "nmunger109@outlook.com",
        "Microsoft.VSTS.Scheduling.RemainingWork": 0.0,
        "Microsoft.VSTS.Common.Priority": 1.0,
        "System.BoardLane": "Expedite",
        "System.Tags": null,
        "Microsoft.VSTS.TCM.Steps": null,
        "Microsoft.VSTS.TCM.Parameters": null,
        "Microsoft.VSTS.TCM.LocalDataSource": null,
        "Microsoft.VSTS.TCM.AutomationStatus": null,
        "System.History": null
      },
      "relations": [
        {
          "rel": "AttachedFile",
          "url": "https://vstsdemodata.visualstudio.com/_apis/wit/attachments/d531649b-1dfa-4644-bf04-3b8fd965eda9",
          "attributes": {
            "authorizedDate": "2017-04-11T04:43:07.393Z",
            "id": "217227",
            "resourceCreatedDate": "2017-04-11T04:44:26.377Z",
            "resourceModifiedDate": "2017-03-07T03:39:05.317Z",
            "revisedDate": "9999-01-01T00:00:00Z",
            "resourceSize": "347958",
            "name": "appInsights.png"
          }
        },
        {
          "rel": "ArtifactLink",
          "url": "vstfs:///Git/PullRequestId/$projectId$%2F$RepositoryId$%2F$Fixed Product Search Functionality$",
          "attributes": {
            "authorizedDate": "2017-05-04T14:34:59.33Z",
            "id": "225243",
            "resourceCreatedDate": "2017-05-04T14:34:59.33Z",
            "resourceModifiedDate": "2017-05-04T14:34:59.33Z",
            "revisedDate": "9999-01-01T00:00:00Z",
            "name": "Pull Request"
          }
        }
      ],
      "url": "https://vstsdemodata.visualstudio.com/_apis/wit/workItems/409"
    }
  ],
  "HttpStatusCode": 0
}