{
  "count": 2,
  "value": [
    {
      "id": 772,
      "rev": 2,
      "fields": {
        "System.AreaPath": "GitHub",
        "System.TeamProject": "GitHub",
        "System.IterationPath": "GitHub",
        "System.WorkItemType": "Epic",
        "System.State": "New",
        "System.Reason": "New epic",
        "System.CreatedDate": "2017-11-28T05:34:34.863Z",
        "System.CreatedBy": "kini.satish <kini.satish@hotmail.com>",
        "System.ChangedDate": "2017-11-28T05:34:35.643Z",
        "System.ChangedBy": "kini.satish <kini.satish@hotmail.com>",
        "System.Title": "VSTS integration with GitHub",
        "Microsoft.VSTS.Scheduling.Effort": 0.0,
        "System.Description": null,
        "System.AssignedTo": null,
        "Microsoft.VSTS.Scheduling.RemainingWork": 0.0,
        "Microsoft.VSTS.Common.Priority": 2.0,
        "System.BoardLane": null,
        "System.Tags": null,
        "Microsoft.VSTS.TCM.Steps": null,
        "Microsoft.VSTS.TCM.Parameters": null,
        "Microsoft.VSTS.TCM.LocalDataSource": null,
        "Microsoft.VSTS.TCM.AutomationStatus": null,
        "System.History": null
      },
      "relations": [
        {
          "rel": "System.LinkTypes.Hierarchy-Forward",
          "url": "https://vstsdemodata.visualstudio.com/_apis/wit/workItems/775",
          "attributes": {
            "isLocked": "False"
          }
        },
        {
          "rel": "System.LinkTypes.Hierarchy-Forward",
          "url": "https://vstsdemodata.visualstudio.com/_apis/wit/workItems/774",
          "attributes": {
            "isLocked": "False"
          }
        }
      ],
      "url": "https://vstsdemodata.visualstudio.com/_apis/wit/workItems/772"
    },
    {
      "id": 781,
      "rev": 2,
      "fields": {
        "System.AreaPath": "GitHub",
        "System.TeamProject": "GitHub",
        "System.IterationPath": "GitHub",
        "System.WorkItemType": "Epic",
        "System.State": "New",
        "System.Reason": "New epic",
        "System.CreatedDate": "2017-11-30T07:11:16.84Z",
        "System.CreatedBy": "Srivatsa Marichi <ecanarys1@outlook.com>",
        "System.ChangedDate": "2017-11-30T07:11:17.807Z",
        "System.ChangedBy": "Srivatsa Marichi <ecanarys1@outlook.com>",
        "System.Title": "Create CI-CD pipeline",
        "Microsoft.VSTS.Scheduling.Effort": 0.0,
        "System.Description": null,
        "System.AssignedTo": null,
        "Microsoft.VSTS.Scheduling.RemainingWork": 0.0,
        "Microsoft.VSTS.Common.Priority": 2.0,
        "System.BoardLane": null,
        "System.Tags": null,
        "Microsoft.VSTS.TCM.Steps": null,
        "Microsoft.VSTS.TCM.Parameters": null,
        "Microsoft.VSTS.TCM.LocalDataSource": null,
        "Microsoft.VSTS.TCM.AutomationStatus": null,
        "System.History": null
      },
      "relations": [
        {
          "rel": "System.LinkTypes.Hierarchy-Forward",
          "url": "https://vstsdemodata.visualstudio.com/_apis/wit/workItems/782",
          "attributes": {
            "isLocked": "False"
          }
        }
      ],
      "url": "https://vstsdemodata.visualstudio.com/_apis/wit/workItems/781"
    }
  ],
  "HttpStatusCode": 0
}