{
  "count": 3,
  "value": [
    {
      "id": 774,
      "rev": 1,
      "fields": {
        "System.AreaPath": "GitHub",
        "System.TeamProject": "GitHub",
        "System.IterationPath": "GitHub",
        "System.WorkItemType": "Feature",
        "System.State": "New",
        "System.Reason": "New feature",
        "System.CreatedDate": "2017-11-28T05:37:05.583Z",
        "System.CreatedBy": "kini.satish <kini.satish@hotmail.com>",
        "System.ChangedDate": "2017-11-28T05:37:05.583Z",
        "System.ChangedBy": "kini.satish <kini.satish@hotmail.com>",
        "System.Title": "Connect VSTS to GitHub",
        "Microsoft.VSTS.Scheduling.Effort": 0.0,
        "System.Description": null,
        "System.AssignedTo": null,
        "Microsoft.VSTS.Scheduling.RemainingWork": 0.0,
        "Microsoft.VSTS.Common.Priority": 2.0,
        "System.BoardLane": null,
        "System.Tags": null,
        "Microsoft.VSTS.TCM.Steps": null,
        "Microsoft.VSTS.TCM.Parameters": null,
        "Microsoft.VSTS.TCM.LocalDataSource": null,
        "Microsoft.VSTS.TCM.AutomationStatus": null,
        "System.History": null
      },
      "relations": [
        {
          "rel": "System.LinkTypes.Hierarchy-Reverse",
          "url": "https://vstsdemodata.visualstudio.com/_apis/wit/workItems/772",
          "attributes": {
            "isLocked": "False"
          }
        },
        {
          "rel": "System.LinkTypes.Hierarchy-Forward",
          "url": "https://vstsdemodata.visualstudio.com/_apis/wit/workItems/776",
          "attributes": {
            "isLocked": "False"
          }
        }
      ],
      "url": "https://vstsdemodata.visualstudio.com/_apis/wit/workItems/774"
    },
    {
      "id": 775,
      "rev": 1,
      "fields": {
        "System.AreaPath": "GitHub",
        "System.TeamProject": "GitHub",
        "System.IterationPath": "GitHub",
        "System.WorkItemType": "Feature",
        "System.State": "New",
        "System.Reason": "New feature",
        "System.CreatedDate": "2017-11-28T05:37:40.973Z",
        "System.CreatedBy": "kini.satish <kini.satish@hotmail.com>",
        "System.ChangedDate": "2017-11-28T05:37:40.973Z",
        "System.ChangedBy": "kini.satish <kini.satish@hotmail.com>",
        "System.Title": "Setup continuous integration build to GitHub",
        "Microsoft.VSTS.Scheduling.Effort": 0.0,
        "System.Description": null,
        "System.AssignedTo": null,
        "Microsoft.VSTS.Scheduling.RemainingWork": 0.0,
        "Microsoft.VSTS.Common.Priority": 2.0,
        "System.BoardLane": null,
        "System.Tags": null,
        "Microsoft.VSTS.TCM.Steps": null,
        "Microsoft.VSTS.TCM.Parameters": null,
        "Microsoft.VSTS.TCM.LocalDataSource": null,
        "Microsoft.VSTS.TCM.AutomationStatus": null,
        "System.History": null
      },
      "relations": [
        {
          "rel": "System.LinkTypes.Hierarchy-Forward",
          "url": "https://vstsdemodata.visualstudio.com/_apis/wit/workItems/778",
          "attributes": {
            "isLocked": "False"
          }
        },
        {
          "rel": "System.LinkTypes.Hierarchy-Reverse",
          "url": "https://vstsdemodata.visualstudio.com/_apis/wit/workItems/772",
          "attributes": {
            "isLocked": "False"
          }
        }
      ],
      "url": "https://vstsdemodata.visualstudio.com/_apis/wit/workItems/775"
    },
    {
      "id": 782,
      "rev": 1,
      "fields": {
        "System.AreaPath": "GitHub",
        "System.TeamProject": "GitHub",
        "System.IterationPath": "GitHub",
        "System.WorkItemType": "Feature",
        "System.State": "New",
        "System.Reason": "New feature",
        "System.CreatedDate": "2017-11-30T07:11:34.54Z",
        "System.CreatedBy": "Srivatsa Marichi <ecanarys1@outlook.com>",
        "System.ChangedDate": "2017-11-30T07:11:34.54Z",
        "System.ChangedBy": "Srivatsa Marichi <ecanarys1@outlook.com>",
        "System.Title": "Create endpoints in VSTS",
        "Microsoft.VSTS.Scheduling.Effort": 0.0,
        "System.Description": null,
        "System.AssignedTo": null,
        "Microsoft.VSTS.Scheduling.RemainingWork": 0.0,
        "Microsoft.VSTS.Common.Priority": 2.0,
        "System.BoardLane": null,
        "System.Tags": null,
        "Microsoft.VSTS.TCM.Steps": null,
        "Microsoft.VSTS.TCM.Parameters": null,
        "Microsoft.VSTS.TCM.LocalDataSource": null,
        "Microsoft.VSTS.TCM.AutomationStatus": null,
        "System.History": null
      },
      "relations": [
        {
          "rel": "System.LinkTypes.Hierarchy-Forward",
          "url": "https://vstsdemodata.visualstudio.com/_apis/wit/workItems/783",
          "attributes": {
            "isLocked": "False"
          }
        },
        {
          "rel": "System.LinkTypes.Hierarchy-Reverse",
          "url": "https://vstsdemodata.visualstudio.com/_apis/wit/workItems/781",
          "attributes": {
            "isLocked": "False"
          }
        }
      ],
      "url": "https://vstsdemodata.visualstudio.com/_apis/wit/workItems/782"
    }
  ],
  "HttpStatusCode": 0
}