{
  "count": 3,
  "value": [
    {
      "id": 783,
      "rev": 2,
      "fields": {
        "System.AreaPath": "GitHub",
        "System.TeamProject": "GitHub",
        "System.IterationPath": "GitHub",
        "System.WorkItemType": "Product Backlog Item",
        "System.State": "New",
        "System.Reason": "New backlog item",
        "System.CreatedDate": "2017-11-30T07:11:56.26Z",
        "System.CreatedBy": "Srivatsa Marichi <ecanarys1@outlook.com>",
        "System.ChangedDate": "2017-12-01T08:52:38.06Z",
        "System.ChangedBy": "Srivatsa Marichi <ecanarys1@outlook.com>",
        "System.Title": "Create endpoint for GitHub",
        "Microsoft.VSTS.Scheduling.Effort": 0.0,
        "System.Description": null,
        "System.AssignedTo": null,
        "Microsoft.VSTS.Scheduling.RemainingWork": 0.0,
        "Microsoft.VSTS.Common.Priority": 2.0,
        "System.BoardLane": null,
        "System.Tags": null,
        "Microsoft.VSTS.TCM.Steps": null,
        "Microsoft.VSTS.TCM.Parameters": null,
        "Microsoft.VSTS.TCM.LocalDataSource": null,
        "Microsoft.VSTS.TCM.AutomationStatus": null,
        "System.History": null
      },
      "relations": [
        {
          "rel": "System.LinkTypes.Hierarchy-Reverse",
          "url": "https://vstsdemodata.visualstudio.com/_apis/wit/workItems/782",
          "attributes": {
            "isLocked": "False"
          }
        }
      ],
      "url": "https://vstsdemodata.visualstudio.com/_apis/wit/workItems/783"
    },
    {
      "id": 778,
      "rev": 2,
      "fields": {
        "System.AreaPath": "GitHub",
        "System.TeamProject": "GitHub",
        "System.IterationPath": "GitHub",
        "System.WorkItemType": "Product Backlog Item",
        "System.State": "New",
        "System.Reason": "New backlog item",
        "System.CreatedDate": "2017-11-28T06:29:37.553Z",
        "System.CreatedBy": "kini.satish <kini.satish@hotmail.com>",
        "System.ChangedDate": "2017-12-01T08:52:38.06Z",
        "System.ChangedBy": "Srivatsa Marichi <ecanarys1@outlook.com>",
        "System.Title": "Create CI Build definition in VSTS",
        "Microsoft.VSTS.Scheduling.Effort": 0.0,
        "System.Description": null,
        "System.AssignedTo": null,
        "Microsoft.VSTS.Scheduling.RemainingWork": 0.0,
        "Microsoft.VSTS.Common.Priority": 2.0,
        "System.BoardLane": null,
        "System.Tags": null,
        "Microsoft.VSTS.TCM.Steps": null,
        "Microsoft.VSTS.TCM.Parameters": null,
        "Microsoft.VSTS.TCM.LocalDataSource": null,
        "Microsoft.VSTS.TCM.AutomationStatus": null,
        "System.History": null
      },
      "relations": [
        {
          "rel": "System.LinkTypes.Hierarchy-Forward",
          "url": "https://vstsdemodata.visualstudio.com/_apis/wit/workItems/779",
          "attributes": {
            "isLocked": "False"
          }
        },
        {
          "rel": "System.LinkTypes.Hierarchy-Reverse",
          "url": "https://vstsdemodata.visualstudio.com/_apis/wit/workItems/775",
          "attributes": {
            "isLocked": "False"
          }
        },
        {
          "rel": "System.LinkTypes.Hierarchy-Forward",
          "url": "https://vstsdemodata.visualstudio.com/_apis/wit/workItems/780",
          "attributes": {
            "isLocked": "False"
          }
        }
      ],
      "url": "https://vstsdemodata.visualstudio.com/_apis/wit/workItems/778"
    },
    {
      "id": 776,
      "rev": 2,
      "fields": {
        "System.AreaPath": "GitHub",
        "System.TeamProject": "GitHub",
        "System.IterationPath": "GitHub",
        "System.WorkItemType": "Product Backlog Item",
        "System.State": "New",
        "System.Reason": "New backlog item",
        "System.CreatedDate": "2017-11-28T05:39:00.613Z",
        "System.CreatedBy": "kini.satish <kini.satish@hotmail.com>",
        "System.ChangedDate": "2017-12-01T08:52:38.06Z",
        "System.ChangedBy": "Srivatsa Marichi <ecanarys1@outlook.com>",
        "System.Title": "Create service endpoint to integrate GitHub with VSTS",
        "Microsoft.VSTS.Scheduling.Effort": 0.0,
        "System.Description": null,
        "System.AssignedTo": null,
        "Microsoft.VSTS.Scheduling.RemainingWork": 0.0,
        "Microsoft.VSTS.Common.Priority": 2.0,
        "System.BoardLane": null,
        "System.Tags": null,
        "Microsoft.VSTS.TCM.Steps": null,
        "Microsoft.VSTS.TCM.Parameters": null,
        "Microsoft.VSTS.TCM.LocalDataSource": null,
        "Microsoft.VSTS.TCM.AutomationStatus": null,
        "System.History": null
      },
      "relations": [
        {
          "rel": "System.LinkTypes.Hierarchy-Reverse",
          "url": "https://vstsdemodata.visualstudio.com/_apis/wit/workItems/774",
          "attributes": {
            "isLocked": "False"
          }
        },
        {
          "rel": "System.LinkTypes.Hierarchy-Forward",
          "url": "https://vstsdemodata.visualstudio.com/_apis/wit/workItems/777",
          "attributes": {
            "isLocked": "False"
          }
        }
      ],
      "url": "https://vstsdemodata.visualstudio.com/_apis/wit/workItems/776"
    }
  ],
  "HttpStatusCode": 0
}